Sitio,CAMS_mean,CAMS_std,AdapCams_mean,AdapCams_std,LSASAF_mean,LSASAF_std,AdapLSASAF_mean,AdapLSASAF_std
YU,27.282680098913485,3.554491369018726e-15,26.40756194681839,0.004778101152089587,25.52984892457732,0.0,25.010839403694636,0.029601025092985022
SA,33.705499768804906,7.108982738037452e-15,31.510198377987965,0.015853484937710067,39.42595794490448,0.0,34.663274703609815,0.018068789271247256
SCA,37.33873450284522,7.108982738037452e-15,31.475855076627077,0.019177011581147263,39.014608034612266,7.108982738037452e-15,32.337958666171694,0.03214490967944623
ERO,40.98409383093109,1.4217965476074904e-14,31.562458744532137,0.015724199904608285,26.51424501663439,0.0,25.399750752113977,0.013429731165861415
LQ,25.824443813213005,7.108982738037452e-15,23.557697010223563,0.011168829434174955,22.65345315453305,0.0,22.31430222597977,0.012178830546190535
