datetime,ghi,cams,lsasaf,pred_XGB_cams,pred_XGB_lsasaf
2018-01-01 10:30:00,22.523571428571422,15.8,93.0,58.587868895000156,31.197838987773594
2018-01-01 10:45:00,33.95333333333333,39.4276,115.4,71.18872670000235,55.46448353593985
2018-01-01 11:00:00,55.02466666666667,81.3056,168.0,140.89587820783106,114.06964529767481
2018-01-01 11:15:00,124.01,95.1704,200.8,124.95445955033858,145.86778962846358
2018-01-01 11:30:00,123.50133333333332,98.1232,249.2,124.88016406136535,219.8543919666388
2018-01-01 11:45:00,132.38933333333335,142.5712,251.5,166.40772330310057,204.79053580310057
2018-01-01 12:00:00,209.33533333333327,170.028,310.1,179.64684368139166,275.64342571264166
2018-01-01 12:15:00,275.8346666666667,224.7476,333.0,231.07304039513076,275.0536617330214
2018-01-01 12:30:00,356.916,300.9412,396.2,340.1090057206301,331.46966245891133
2018-01-01 12:45:00,470.3713333333333,341.0008,491.7,351.1425303521372,459.62547102596534
2018-01-01 13:00:00,655.1406666666666,367.8476,516.5,378.30724292743207,478.68155628192426
2018-01-01 13:15:00,522.4786666666666,380.9052,543.7,374.4616317205787,487.39653772643805
2018-01-01 13:30:00,406.6193333333333,385.5676,550.8,408.5474342084964,492.08219372998076
2018-01-01 13:45:00,372.1073333333333,377.8516,545.3,423.63613914327004,470.7414247878013
2018-01-01 14:00:00,296.05,337.868,513.0,309.16942337978014,459.25475052821764
2018-01-01 14:15:00,235.9533333333333,294.494,474.2,235.4104851104255,336.90761645808175
2018-01-01 14:30:00,230.69266666666667,288.8816,447.0,230.93538247671734,308.7839542540611
2018-01-01 14:45:00,157.22466666666665,302.7312,400.1,259.22958682869137,262.6910736450976
2018-01-01 15:00:00,248.90066666666664,341.1148,381.5,283.3476293555465,281.9632909766402
2018-01-01 15:15:00,157.75933333333333,426.9964,404.1,448.74324557289674,301.77925631508424
2018-01-01 15:30:00,125.01533333333332,396.72,431.30002,364.4089300686462,317.1903021389587
2018-01-01 15:45:00,102.13933333333333,317.87,418.30002,293.1295645821033,328.11680823444703
2018-01-01 16:00:00,172.422,295.9572,385.7,299.51526330421484,285.76880334327734
2018-01-01 16:15:00,214.75666666666663,266.7892,385.0,301.32735964057974,287.58089967964224
2018-01-01 16:30:00,210.54466666666667,250.2084,349.6,298.5566604216717,284.8102004607342
2018-01-01 16:45:00,152.2976666666667,287.2188,323.2,291.2172655938232,277.4708056328857
2018-01-01 17:00:00,66.69733333333333,339.5844,325.0,279.3469002720399,265.6004403111024
2018-01-01 17:15:00,36.16666666666666,320.4584,376.6,263.00672824751905,297.9939718998628
2018-01-01 17:30:00,80.31866666666666,284.8916,381.7,242.281240754377,277.26848440672075
2018-01-01 17:45:00,196.639,268.7816,378.5,217.27812100302083,252.26536465536458
2018-01-01 18:00:00,223.47333333333333,300.5268,350.7,270.33396475921575,223.11533682952825
2018-01-01 18:15:00,159.182,369.6552,328.2,338.08914462805444,194.8178433585232
2018-01-01 18:30:00,86.76533333333333,237.73,522.2,200.2304282283502,433.87013770100646
2018-01-01 18:45:00,36.837333333333326,147.8456,382.2,113.81813492040783,252.11189712743908
2018-01-01 19:00:00,46.134,85.3724,271.9,33.472662858237754,147.6928166668315
2018-01-01 19:15:00,86.92466666666668,116.4804,185.8,59.51604081031587,55.43846512672212
2018-01-01 19:30:00,27.78066666666667,56.9716,247.6,18.546455483296654,111.00592813954665
2018-01-01 19:45:00,28.39766666666667,58.1964,286.1,52.37926194666295,190.66808030603795
2018-01-01 20:00:00,24.28,45.914,271.0,11.982098026418612,214.9307979775905
2018-01-01 20:15:00,31.351333333333333,41.9436,248.7,53.28942847465589,182.43414283012464
2018-01-01 20:30:00,31.21333333333333,38.0732,226.2,63.46338412500961,195.56216952540024
2018-01-01 20:45:00,36.098,35.0956,136.1,32.32470550876201,61.22369232516826
2018-01-01 21:00:00,38.23,92.2044,145.5,121.02381689870981,85.17509253347544
2018-01-01 21:15:00,35.09466666666666,159.5016,202.2,199.27539339824216,151.00981417460935
2018-01-01 21:30:00,54.288,29.5312,231.7,112.95411199953205,199.7757939758504
2018-01-01 21:45:00,34.44733333333333,19.2204,0.0,50.20384868235968,-48.34856525807001
2018-01-01 22:00:00,17.33966666666667,14.1964,0.0,41.84828225086517,-66.1434322266739
2018-01-02 10:30:00,72.23928571428571,134.658,126.0,113.10271851918071,95.08555047413677
2018-01-02 10:45:00,94.006,178.4708,198.8,171.19802535042896,164.82240355477467
2018-01-02 11:00:00,222.594,228.1912,244.90001,229.76857371112166,209.9452285267955
2018-01-02 11:15:00,312.158,284.826,316.4,284.2073165909041,283.18825454866777
2018-01-02 11:30:00,376.878,349.7036,373.30002,349.7953766289508,324.238724559859
2018-01-02 11:45:00,444.8113333333333,411.2488,441.7,409.8305228178403,402.55260686325045
2018-01-02 12:00:00,512.8553333333333,448.296,504.1,432.90147803522257,473.71400664545206
2018-01-02 12:15:00,571.7706666666667,506.4024,540.5,491.01165028484274,507.42271443279196
2018-01-02 12:30:00,606.5953333333333,550.208,605.2,527.0396701747277,563.9223415309289
2018-01-02 12:45:00,693.8960000000001,571.9896,645.7,576.2023131583563,611.6005141471259
2018-01-02 13:00:00,833.4013333333334,593.8692,675.4,626.6595142910979,612.7808445523284
2018-01-02 13:15:00,491.14933333333335,619.4692,682.0,660.0373312150288,622.0583273087788
2018-01-02 13:30:00,861.4026666666667,668.776,685.4,706.6417019470767,634.6006710632877
2018-01-02 13:45:00,1033.7393333333334,767.5312,717.7,768.6101843150587,668.2898107799025
2018-01-02 14:00:00,427.9713333333333,858.9112,762.60004,865.118839880741,707.0052305667762
2018-01-02 14:15:00,820.7260000000001,922.7416,856.2,904.4609389028515,801.8566469869579
2018-01-02 14:30:00,1128.5693333333334,953.0236,928.8,938.7245859506792,884.6637949350542
2018-01-02 14:45:00,1034.7873333333332,991.162,948.7,974.5360375244966,881.3406105835786
2018-01-02 15:00:00,959.732,1025.5944,983.0,997.2154577174374,937.3547933497616
2018-01-02 15:15:00,1155.558,1079.6036,991.10004,1037.0701318359293,925.5561248040117
2018-01-02 15:30:00,1169.4686666666666,1118.3692,1045.4,1081.5586276393365,1007.1019759517144
2018-01-02 15:45:00,1113.146,1130.3312,1086.7001,1092.6260905759254,1051.044742156736
2018-01-02 16:00:00,1134.446,1136.7664,1116.3,1099.1514893076114,1056.916072895258
2018-01-02 16:15:00,1141.3840000000002,1138.6432,1119.0,1101.1013034784228,1058.8658870660693
2018-01-02 16:30:00,1114.15,1135.9496,1117.4,1098.465633739438,1056.2302173270846
2018-01-02 16:45:00,1107.12,1128.7024,1111.5,1091.257890540585,1049.0224741282316
2018-01-02 17:00:00,1098.7086666666669,1116.9436,1101.0,1079.5151218611331,1037.2797054487796
2018-01-02 17:15:00,1085.0653333333332,1100.7384,1085.9,1063.2978352730627,1025.0976695244665
2018-01-02 17:30:00,1071.832666666667,1080.1712,1066.5,1042.689885765329,1015.4910527765902
2018-01-02 17:45:00,1056.6346666666666,1055.3448,1043.1,1017.7983412600405,990.5995082713015
2018-01-02 18:00:00,1048.6046666666666,1026.24,1014.2,988.7533323349489,961.5544993462099
2018-01-02 18:15:00,1019.5813333333332,992.9996,982.5,955.7079046049139,928.5090716161749
2018-01-02 18:30:00,982.908,955.922,947.10004,918.8378997927017,898.7864338045425
2018-01-02 18:45:00,931.0173333333332,915.1884,908.10004,878.3419018758656,862.9154273046375
2018-01-02 19:00:00,883.8633333333333,870.9992,865.7,834.4412994810849,819.0148249098569
2018-01-02 19:15:00,832.4166666666666,823.58,820.10004,787.3805374338529,771.9540628626248
2018-01-02 19:30:00,783.4133333333334,773.1784,771.60004,737.4276632257641,721.2915004678906
2018-01-02 19:45:00,733.216,720.0596,720.5,684.8753252341702,668.7391624762967
2018-01-02 20:00:00,675.4693333333333,664.5056,666.8,630.0424613176727,623.9131392656708
2018-01-02 20:15:00,616.8520000000001,606.8132,611.10004,568.5112302570825,567.1477296619897
2018-01-02 20:30:00,555.9546666666666,547.2996,553.7,510.1947208264049,508.8312202313121
2018-01-02 20:45:00,498.78333333333336,486.3116,494.7,450.749137739141,449.38563714404825
2018-01-02 21:00:00,439.3853333333333,424.0996,429.7,390.64869344952393,379.2783521485596
2018-01-02 21:15:00,377.0066666666667,361.0624,368.6,326.65299633143235,319.06888893244553
2018-01-02 21:30:00,313.8713333333333,297.8744,307.4,265.2349382489614,260.11148224767965
2018-01-02 21:45:00,252.966,235.2336,246.7,194.8637838556894,201.80630971933687
2018-01-02 22:00:00,194.0186666666667,174.0736,187.2,131.61795845780122,134.20351150784242
2018-01-03 10:30:00,59.1,164.554,159.90001,124.8827961583051,125.82753168534367
2018-01-03 10:45:00,53.30533333333334,190.8204,218.8,176.35941892558594,182.032623347583
2018-01-03 11:00:00,253.818,244.5476,279.6,225.71024006941587,240.56837529280455
2018-01-03 11:15:00,343.8713333333333,316.0836,341.30002,293.11050241642636,300.362587148482
2018-01-03 11:30:00,413.16066666666666,415.6364,403.0,366.5845255369306,360.6180204862714
2018-01-03 11:45:00,471.772,486.0404,464.2,451.97511759031227,420.6967877410691
2018-01-03 12:00:00,526.7893333333334,547.4532,524.4,513.0912039033003,480.06191084299763
2018-01-03 12:15:00,579.3960000000001,607.1136,583.10004,575.0609738140165,540.4950644283354
2018-01-03 12:30:00,637.9113333333333,664.9036,640.0,631.6456487479614,597.0797393622803
2018-01-03 12:45:00,694.2866666666666,720.4812,694.9,686.2538564301171,651.687947044436
2018-01-03 13:00:00,747.096,773.5452,747.3,738.5409002990052,703.9749909133241
2018-01-03 13:15:00,797.1153333333333,823.816,797.0,788.1907885226734,753.6248791369923
2018-01-03 13:30:00,845.6853333333333,871.0332,843.9,834.9136188287014,793.8802497643703
2018-01-03 13:45:00,890.3046666666667,914.956,887.4,878.4439785964837,837.4106095321526
2018-01-03 14:00:00,931.1646666666668,955.3652,927.7,918.5400044114512,875.917451539747
2018-01-03 14:15:00,969.4513333333332,992.062,964.3,954.9828732630698,912.3603203913657
2018-01-03 14:30:00,997.38,1024.8704,997.0,987.5765752153495,944.9540223436454
2018-01-03 14:45:00,1027.8393333333331,1053.6332,1025.8,1016.1478660257834,973.5253131540793
2018-01-03 15:00:00,1046.4926666666663,1078.1324,1050.8,1040.5463295797608,997.9237767080567
2018-01-03 15:15:00,1068.9713333333334,1098.2492,1071.5,1060.6445008383964,1018.0219479666923
2018-01-03 15:30:00,1090.328,1113.9636,1087.9,1076.3380142106662,1031.377513493503
2018-01-03 15:45:00,1102.6826666666668,1125.1988,1099.9,1087.5457522563445,1042.5852515391814
2018-01-03 16:00:00,1142.8733333333332,1131.896,1107.5,1094.2099770516647,1049.2494763345017
2018-01-03 16:15:00,1128.668,1107.9396,1110.6,1072.8413367170085,1054.7405621308078
2018-01-03 16:30:00,1158.8566666666666,1068.0928,1109.6,1051.305829733956,1055.7778584662558
2018-01-03 16:45:00,819.74,1121.6948,1104.1,1086.7170473233132,1053.9657360211281
2018-01-03 17:00:00,739.5613333333333,1112.9724,1094.0,1075.100284027383,1042.3489727251979
2018-01-03 17:15:00,661.0446666666667,1096.946,1079.5,1059.0041314624414,1023.3618098758325
2018-01-03 17:30:00,760.8286666666667,1036.7836,1060.6,991.8816705911747,1001.0422235696903
2018-01-03 17:45:00,556.1653333333333,937.4776,1037.6,929.0700650279297,976.2602143351806
2018-01-03 18:00:00,382.46,944.2708,1002.5,934.920168466059,952.0363422102606
2018-01-03 18:15:00,978.364,918.6724,929.4,900.1641772072134,895.5947325508413
2018-01-03 18:30:00,1044.8466666666668,933.8692,933.7,897.4524955159343,882.3043631917155
2018-01-03 18:45:00,577.4453333333333,866.5956,906.9,830.5716192687546,852.2062194312607
2018-01-03 19:00:00,672.44,848.7544,864.8,805.7908413636143,820.1487528311665
2018-01-03 19:15:00,641.2479999999999,820.4088,819.3,783.8101696467479,773.1495165324291
2018-01-03 19:30:00,777.7606666666667,770.8788,770.7,733.9091061368187,723.2484530224998
2018-01-03 19:45:00,699.2086666666667,717.8104,719.4,681.3984026715468,670.0280613705825
2018-01-03 20:00:00,691.88,662.2656,665.7,626.5965244405421,615.2261831395778
2018-01-03 20:15:00,619.7433333333333,565.8348,610.10004,525.7833340918985,558.4806044852701
2018-01-03 20:30:00,501.0013333333333,456.9928,552.7,456.3184941052523,508.1189434765902
2018-01-03 20:45:00,496.0793333333333,480.2668,493.6,446.5554348319526,450.72913134989693
2018-01-03 21:00:00,412.8153333333333,422.2084,434.2,388.1882847920009,390.61101809888567
2018-01-03 21:15:00,346.1773333333333,360.248,373.4,326.195532991928,330.36922950987235
2018-01-03 21:30:00,307.1066666666667,298.1268,312.4,264.29934501503817,260.6462812409293
2018-01-03 21:45:00,241.31866666666664,236.5104,251.5,190.60409029873827,202.27198579462984
2018-01-03 22:00:00,143.96733333333336,176.2636,191.7,133.54615549845644,147.05565367741534
2018-01-04 10:30:00,54.43,147.0088,157.3,116.41624926091873,123.6683339929744
2018-01-04 10:45:00,50.09866666666667,230.706,216.1,191.5845393833661,179.78757700295685
2018-01-04 11:00:00,243.49266666666665,293.882,276.80002,257.50061428204606,238.28826629773212
2018-01-04 11:15:00,349.582,356.3484,338.6,317.2942819050246,298.08193392071064
2018-01-04 11:30:00,411.2193333333333,418.7436,400.30002,380.3745484201658,358.3622898905027
2018-01-04 11:45:00,465.0566666666667,480.5136,461.7,440.49816128850654,418.48590275884345
2018-01-04 12:00:00,522.938,541.208,498.0,507.0103660741199,457.5822425999988
2018-01-04 12:15:00,582.6933333333333,600.4208,557.0,567.4487029099818,515.8404990220423
2018-01-04 12:30:00,643.0546666666667,657.7776,614.3,624.1197493082947,572.5115454203552
2018-01-04 12:45:00,696.4056666666668,712.9552,669.5,678.8243985858434,644.1045270648473
2018-01-04 13:00:00,751.4866666666666,765.654,722.5,731.216629594896,696.4967580738999
2018-01-04 13:15:00,802.9873333333333,815.5944,772.7,782.7302586816039,746.2594239495482
2018-01-04 13:30:00,852.9386666666667,862.5164,820.10004,829.572416740399,793.1015820083434
2018-01-04 13:45:00,898.7819999999999,906.1788,864.3,873.227692999334,836.7568582672783
2018-01-04 14:00:00,937.4293333333334,946.3624,904.9,913.4533183370017,876.9824836049461
2018-01-04 14:15:00,978.3286666666668,982.868,942.2,948.2786409845769,913.5587694635808
2018-01-04 14:30:00,1008.0566666666668,1015.5176,975.9,981.008741799517,946.2888702785209
2018-01-04 14:45:00,1028.0016666666666,1044.1544,1005.4,1009.7186009528535,974.9987294318574
2018-01-04 15:00:00,1045.588,1068.5536,1033.2001,1034.2570090218674,1002.9786791726241
2018-01-04 15:15:00,1063.8453333333334,1088.5948,1054.3,1054.495724286123,1023.2173944368799
2018-01-04 15:30:00,1074.9633333333334,1104.2644,1071.1,1070.3296199013066,1039.0512900520635
2018-01-04 15:45:00,1087.4686666666666,1115.4836,1083.5,1081.6768322973076,1050.3985024480644
2018-01-04 16:00:00,1097.8153333333332,1122.1944,1091.5,1088.4788929158874,1057.2005630666442
2018-01-04 16:15:00,1100.849333333333,1124.3608,1094.8,1090.7008448352244,1059.4225149859813
2018-01-04 16:30:00,1104.284666666667,1121.9704,1093.5,1088.3313868444493,1057.0530569952061
2018-01-04 16:45:00,968.4893333333332,1115.0384,1087.8,1081.3825755045634,1050.1042456553203
2018-01-04 17:00:00,1058.4333333333334,1103.6032,1077.6,1069.890126541635,1038.6117966923919
2018-01-04 17:15:00,1011.6793333333334,1077.3544,1062.8,1034.4318947463469,1022.6349323659376
2018-01-04 17:30:00,1102.4333333333334,1042.528,1043.8,1001.3115305737358,1002.2562661007744
2018-01-04 17:45:00,1042.6156666666668,1041.8828,1020.4,1008.859999856785,977.5816700075418
2018-01-04 18:00:00,1026.6653333333334,1010.0604,989.3,970.7523847391375,948.7401262094744
2018-01-04 18:15:00,995.7953333333334,963.0528,957.8,920.098544950758,915.8835800841198
2018-01-04 18:30:00,970.24,923.586,922.7,874.1612683900773,879.1868211397111
2018-01-04 18:45:00,919.2613333333334,901.9648,883.8,867.9456769406988,841.0970450818731
2018-01-04 19:00:00,875.1966666666667,844.7896,841.4,806.8827870107275,789.2787987208944
2018-01-04 19:15:00,824.1613333333333,762.472,795.9,742.4723258339815,740.0005565010957
2018-01-04 19:30:00,711.0906666666667,710.8192,747.3,692.6204857116165,690.1487163787308
2018-01-04 19:45:00,685.4240000000001,681.5288,695.9,636.0074383349498,637.6770855517467
2018-01-04 20:00:00,655.0400000000001,651.3336,641.9,613.0609228344147,586.3083059520904
2018-01-04 20:15:00,611.1986666666667,594.8088,585.7,556.332773208192,529.5801563258677
2018-01-04 20:30:00,551.2393333333333,535.496,527.60004,495.2303083018961,474.8167846278849
2018-01-04 20:45:00,492.8946666666667,474.7868,468.30002,435.77404612103703,415.3605224470258
2018-01-04 21:00:00,345.338,413.5664,400.80002,375.63654231781373,356.42419433349977
2018-01-04 21:15:00,195.5653333333333,265.6808,277.30002,284.20747179732126,243.84644503340525
2018-01-04 21:30:00,169.22466666666665,34.6908,217.90001,90.30730340246376,184.08068749670204
2018-01-04 21:45:00,127.16533333333334,20.4092,123.0,61.48309392907652,63.24554510095152
2018-01-04 22:00:00,91.94033333333331,15.14,41.9,45.08616282512378,-13.756961564524659
2018-02-01 10:45:00,85.92666666666668,62.4364,121.200005,47.53014569852196,79.64246183011376
2018-02-01 11:00:00,94.478,98.4788,163.1,98.82945944578273,129.81327749998195
2018-02-01 11:15:00,106.26666666666668,131.0132,213.8,152.31614152491963,176.84793321193135
2018-02-01 11:30:00,135.57133333333334,180.9336,266.9,213.31385264983538,223.03525004973773
2018-02-01 11:45:00,202.24066666666667,284.5744,302.2,280.9266029788926,236.92614521522074
2018-02-01 12:00:00,443.65066666666667,355.4924,378.6,342.17574073796743,314.001073379569
2018-02-01 12:15:00,623.7453333333334,399.2,508.30002,402.62469905190466,473.31866305642126
2018-02-01 12:30:00,673.5226666666666,410.5352,545.10004,439.4773797023961,498.09405984765976
2018-02-01 12:45:00,590.2213333333333,396.9268,593.60004,441.25390175752,557.0166390316899
2018-02-01 13:00:00,756.178,412.5512,616.9,444.7414779616438,554.4737396193586
2018-02-01 13:15:00,505.4643333333333,435.1148,636.2,461.0947217700344,584.3867139575344
2018-02-01 13:30:00,835.316,462.8492,643.5,489.37380808648084,582.9721814995668
2018-02-01 13:45:00,956.8446666666666,534.3532,648.0,563.4895312836311,601.377440219178
2018-02-01 14:00:00,713.3166666666667,660.404,659.2,687.0266173698164,615.6854613639571
2018-02-01 14:15:00,734.9639999999999,736.474,790.5,783.3990078684687,728.9184628245234
2018-02-01 14:30:00,727.9866666666666,835.4036,848.8,839.3460448844576,793.5953124625826
2018-02-01 14:45:00,1117.1893333333333,984.248,915.2,945.5637444419089,847.6398486060324
2018-02-01 15:00:00,1072.688666666667,942.7228,892.9,955.5104370626146,838.6827545674975
2018-02-01 15:15:00,799.3553333333333,784.222,888.7,826.617013777765,832.8258303060853
2018-02-01 15:30:00,856.5626666666667,872.7468,891.5,836.74017182441,842.1361984357382
2018-02-01 15:45:00,1068.832666666667,1065.4028,917.2,1021.5280380236247,866.3071727739909
2018-02-01 16:00:00,800.3286666666667,1083.3192,993.0,1036.1224198134714,926.4535507949167
2018-02-01 16:15:00,786.6373333333333,1088.5932,1078.9,1041.22821642219,1046.2537691718237
2018-02-01 16:30:00,646.1906666666667,1051.1148,1060.0,1031.7754892720654,1027.2060446156934
2018-02-01 16:45:00,798.7926666666666,944.5508,1081.3,965.4514283679828,1042.2855748676166
2018-02-01 17:00:00,1226.3286666666668,896.6328,1073.5,958.6848199787105,1033.2321165027583
2018-02-01 17:15:00,1158.102666666667,865.166,1020.0,895.308683320857,986.6448916643628
2018-02-01 17:30:00,1033.7473333333332,872.2436,959.60004,908.226683591765,899.006094907683
2018-02-01 17:45:00,966.9646666666667,851.9584,972.60004,885.4361061723869,938.7204155595939
2018-02-01 18:00:00,920.5013333333334,812.5624,991.0,856.2977959129864,951.2682491753155
2018-02-01 18:15:00,965.7206666666666,746.1184,961.0,759.6076921442801,919.8780569056327
2018-02-01 18:30:00,816.7413333333334,674.9064,922.7,704.542174438058,884.4278346095668
2018-02-01 18:45:00,869.0013333333334,623.2476,889.60004,681.8004832397787,845.1094222198813
2018-02-01 19:00:00,892.6473333333332,586.7556,794.5,630.8944637365806,762.428620535897
2018-02-01 19:15:00,821.056,669.6788,712.3,678.9220891350193,653.5411916130466
2018-02-01 19:30:00,764.768,752.9464,723.3,698.282193715039,685.8973689622314
2018-02-01 19:45:00,717.8993333333333,706.9388,714.7,665.6403075612658,653.1892771876925
2018-02-01 20:00:00,666.6533333333333,652.7296,661.8,610.7210300981466,598.2699997245733
2018-02-01 20:15:00,596.634,526.2856,606.5,528.7678985893455,556.2023721039023
2018-02-01 20:30:00,553.0366666666666,258.1928,548.9,285.09553692286215,497.29932043497763
2018-02-01 20:45:00,507.534,80.3828,477.2,95.70924631533609,426.7084690707682
2018-02-01 21:00:00,465.0926666666667,37.0516,335.1,53.38149465221022,294.37446797984694
2018-02-01 21:15:00,337.5126666666667,31.0076,243.90001,57.13518547216563,185.31287407079844
2018-02-01 21:30:00,286.13266666666664,25.4192,195.0,67.63508856739574,136.66434729542308
2018-02-01 21:45:00,228.94,19.8388,121.6,62.50327263340171,64.2657238052767
2018-02-01 22:00:00,150.11933333333334,14.3988,37.8,44.592335498502024,-19.722773754427664
2018-02-02 10:45:00,77.40466666666666,63.2464,122.8,40.42805223753061,80.84904222776498
2018-02-02 11:00:00,117.26066666666668,89.4708,170.40001,92.67290384052629,134.22972375629777
2018-02-02 11:15:00,163.74133333333333,125.9532,214.5,149.872185906147,174.40397759315871
2018-02-02 11:30:00,200.54866666666663,165.0504,264.1,194.72103317068525,220.60273940847821
2018-02-02 11:45:00,228.73866666666663,212.1488,308.2,254.25323905151652,247.00864829223917
2018-02-02 12:00:00,275.99666666666667,275.322,356.30002,317.5306399583337,295.83067352766966
2018-02-02 12:15:00,401.4886666666667,338.2,452.2,378.0436479064949,418.73574843139727
2018-02-02 12:30:00,585.4506666666667,409.9932,523.9,437.26933219843613,490.55364158564316
2018-02-02 12:45:00,602.3639999999999,443.826,569.10004,407.6139346231038,535.4601031411702
2018-02-02 13:00:00,595.4033333333333,453.5096,610.2,494.50180599896953,544.271215178657
2018-02-02 13:15:00,606.4153333333333,462.7168,641.60004,495.5936206455468,581.3442767734765
2018-02-02 13:30:00,656.2786666666667,477.5852,652.9,503.2614455226716,606.3241438869294
2018-02-02 13:45:00,516.8933333333333,528.8708,639.9,552.9589099207705,599.5909289637392
2018-02-02 14:00:00,518.5486666666667,589.7012,649.9,638.9686332911842,610.1894279689186
2018-02-02 14:15:00,578.9419999999999,631.34,745.10004,678.974820416384,662.070050518923
2018-02-02 14:30:00,675.6919999999999,656.3788,832.10004,700.2405316107557,777.2482525580214
2018-02-02 14:45:00,651.4973333333332,750.1248,863.3,801.913068085455,794.3350346381894
2018-02-02 15:00:00,579.2526666666668,866.5136,967.9,896.1576388287252,933.2816393780416
2018-02-02 15:15:00,565.8453333333333,937.6372,1021.60004,925.874368940887,993.1267912736507
2018-02-02 15:30:00,785.3963333333334,1046.8832,1041.6,1008.4148673193922,1012.225410379695
2018-02-02 15:45:00,1052.6153333333334,1065.1096,1057.1,1020.3730912719209,1026.7461705718476
2018-02-02 16:00:00,1011.0053333333332,1074.6712,1068.1,1030.2403705322286,1036.6134498321553
2018-02-02 16:15:00,1120.78,1079.6212,1074.5,1035.4029556612088,1043.4212042192532
2018-02-02 16:30:00,1111.802,1079.9352,1076.4,1035.8341147793376,1045.6487357510173
2018-02-02 16:45:00,1133.352666666667,1056.0696,1073.6,1035.6730343383965,1041.3462387603936
2018-02-02 17:00:00,1127.1066666666666,996.4896,1066.2001,987.9185023726104,1032.3323569716094
2018-02-02 17:15:00,1142.156,973.9956,1054.0,948.8958762404457,1018.6538508650794
2018-02-02 17:30:00,1118.1346666666666,957.9228,1037.3,935.3172752785877,1000.3819057870105
2018-02-02 17:45:00,1076.8853333333332,932.7284,1016.10004,907.8540602421016,977.6120348667354
2018-02-02 18:00:00,1029.924,893.6792,987.5,879.7700062137619,950.4639702182785
2018-02-02 18:15:00,986.0606666666666,840.8772,957.60004,837.5571215869948,919.081560445027
2018-02-02 18:30:00,947.2526666666668,770.4408,923.7,806.7985539016787,883.6327004013125
2018-02-02 18:45:00,899.9233333333334,675.9096,885.8,723.9284923263863,844.3093307205513
2018-02-02 19:00:00,850.2360000000001,610.1528,844.4,652.6895200951574,801.3275606377599
2018-02-02 19:15:00,846.595,551.9544,799.7,635.2310057652427,757.1776085865928
2018-02-02 19:30:00,526.5873333333334,371.0452,690.60004,360.9722875168908,653.0739949753869
2018-02-02 19:45:00,722.0126666666667,304.282,632.0,297.37676818517286,585.8518582120283
2018-02-02 20:00:00,229.7073333333333,189.7396,531.0,205.40362601667437,477.15374808698687
2018-02-02 20:15:00,199.92533333333333,49.4192,427.30002,63.85859865313955,375.83667177325674
2018-02-02 20:30:00,569.438,40.7208,294.0,126.08857473524904,255.36892446669435
2018-02-02 20:45:00,516.7153333333333,37.3652,189.90001,30.549200657980805,131.66580832399643
2018-02-02 21:00:00,464.0043333333333,33.8916,91.5,52.311740522352125,17.601474409070875
2018-02-02 21:15:00,385.364,30.088,29.9,56.02664548370433,-43.9172326901238
2018-02-02 21:30:00,312.81066666666663,24.6548,15.6,66.49421652577914,-29.534683620705238
2018-02-02 21:45:00,240.936,19.2088,0.0,61.34308583836125,-44.96396677394344
2018-02-02 22:00:00,172.43800000000002,13.9152,28.2,43.437908903945925,-20.987979157577513
2018-02-03 10:45:00,79.93,102.5432,128.1,94.82095215243665,87.5430361978468
2018-02-03 11:00:00,95.406,159.6964,185.7,151.65007184197881,144.37215588738897
2018-02-03 11:15:00,123.75633333333332,188.2828,245.8,179.86163883900926,203.945619399312
2018-02-03 11:30:00,202.1833333333333,241.9876,295.2,220.2294718610667,252.41879910105695
2018-02-03 11:45:00,475.3106666666666,304.1736,363.2,281.7713440267066,326.50610049643313
2018-02-03 12:00:00,380.5403333333333,361.7552,414.4,338.4296052468344,375.31227660303557
2018-02-03 12:15:00,509.24266666666665,486.7296,471.0,461.5103384934183,435.88711995704136
2018-02-03 12:30:00,632.9106666666667,574.0376,557.7,524.1614927718837,528.0582289169032
2018-02-03 12:45:00,621.6733333333334,632.8436,615.0,589.8478506680209,583.8365133877475
2018-02-03 13:00:00,660.4293333333334,688.134,670.2,645.3052519313094,623.938801621556
2018-02-03 13:15:00,711.4693333333333,740.8064,723.10004,686.1266726799021,676.9202365226755
2018-02-03 13:30:00,758.6080000000001,790.578,773.10004,736.3054895021107,741.582725486913
2018-02-03 13:45:00,808.3493333333333,837.1912,820.10004,787.4320744171677,788.6609972611008
2018-02-03 14:00:00,854.6206666666666,880.408,863.8,833.2921078896281,832.3674500679729
2018-02-03 14:15:00,896.7026666666667,920.0104,904.0,873.3808617175943,872.456203895939
2018-02-03 14:30:00,935.462,955.7988,940.5,906.3483031455204,894.222370452039
2018-02-03 14:45:00,968.2716666666668,987.5924,973.10004,938.5622893607396,943.5878421103733
2018-02-03 15:00:00,999.5306666666668,1015.1432,1003.3,966.567601669309,971.5931544189428
2018-02-03 15:15:00,1027.87,1022.2088,1027.7001,987.9889781859941,995.2410629180498
2018-02-03 15:30:00,1053.1846666666668,1017.3564,1047.6,999.5488499649432,1014.4069851883319
2018-02-03 15:45:00,1069.742,1069.5252,1063.2001,1028.0458464264927,1028.9905819535313
2018-02-03 16:00:00,1078.211,1081.0028,1074.3,1033.8903113854751,1038.915864135109
2018-02-03 16:15:00,847.7353333333333,1086.0592,1080.7001,1039.1057389754078,1044.1312917250416
2018-02-03 16:30:00,1003.9106666666668,1082.8648,1082.4,1043.6651097255392,1044.6098452525778
2018-02-03 16:45:00,1100.9396666666669,1070.3672,1079.6,1033.0969633946772,1040.349048126733
2018-02-03 17:00:00,1090.9886666666666,1058.0632,1072.2001,1024.1188819784986,1031.3709667105543
2018-02-03 17:15:00,946.4373333333332,1030.222,1060.0,1012.0489921554642,1017.7221965774613
2018-02-03 17:30:00,1086.389,984.6,1043.2001,986.4218417233192,999.4737998074256
2018-02-03 17:45:00,1091.3453333333334,930.9228,1022.2,906.9632351989336,978.9708274001665
2018-02-03 18:00:00,852.6650000000001,921.3124,997.2,931.6936960708935,943.7770987045604
2018-02-03 18:15:00,1028.1133333333337,870.952,967.60004,848.4484322031252,910.0614330728762
2018-02-03 18:30:00,1007.0213333333334,811.0692,934.0,812.0620529767266,878.0156586285821
2018-02-03 18:45:00,878.5106666666667,723.2636,896.60004,750.4305622858991,847.4892332835187
2018-02-03 19:00:00,690.1613333333333,633.1416,855.4,702.1409661530537,804.4939181565327
2018-02-03 19:15:00,437.8733333333333,546.9768,810.7,574.1252682043934,755.1841337515735
2018-02-03 19:30:00,611.9666666666667,481.9544,728.0,541.1258240839494,700.993221392299
2018-02-03 19:45:00,593.7080000000001,435.1196,711.9,480.74931610547753,651.3395508619473
2018-02-03 20:00:00,312.086,384.0996,658.4,425.7638279355382,596.3540626920079
2018-02-03 20:15:00,555.466,337.4484,602.5,400.24900151144845,539.17611981284
2018-02-03 20:30:00,254.39666666666668,231.4132,544.8,283.0662979558013,484.22896904497367
2018-02-03 20:45:00,482.184,142.4552,485.1,161.8589769889362,434.87535205378606
2018-02-03 21:00:00,278.24733333333336,38.2904,423.7,44.81124448514856,373.6364574406234
2018-02-03 21:15:00,179.82133333333334,30.4168,362.1,57.52935555515825,312.08045962391435
2018-02-03 21:30:00,226.799,24.9408,188.6,65.2635589461295,121.81343992757482
2018-02-03 21:45:00,288.98266666666666,19.4444,110.0,60.097010831069866,55.69480441017143
2018-02-03 22:00:00,108.804,14.0908,178.1,42.20372672319925,118.38380522966898
2018-02-04 10:45:00,64.11233333333332,58.564,102.5,35.82151871898181,72.70419007518298
2018-02-04 11:00:00,90.20533333333331,86.9836,151.6,87.88331618211586,125.84110655687172
2018-02-04 11:15:00,73.24733333333333,137.5216,197.2,145.0245527440356,154.74595014393793
2018-02-04 11:30:00,154.70066666666668,187.5692,252.2,206.0505305859145,187.03360858884417
2018-02-04 11:45:00,354.974,243.8728,318.9,267.62400109552163,277.345398495424
2018-02-04 12:00:00,286.95866666666666,343.998,389.0,335.1638181778808,353.5554273697753
2018-02-04 12:15:00,314.9066666666667,445.7632,483.0,458.44522943094944,446.162257095134
2018-02-04 12:30:00,514.3326666666667,513.6216,544.60004,512.8035903580566,505.5256744034667
2018-02-04 12:45:00,607.2926666666666,632.2324,602.5,596.8639108572606,563.1736205850248
2018-02-04 13:00:00,664.458,691.0336,658.10004,650.834987917098,618.7081514979925
2018-02-04 13:15:00,719.1746666666667,744.2832,711.2,703.8959437781007,671.7691073589951
2018-02-04 13:30:00,769.837,794.6344,761.4,754.1554896517481,722.0286532326426
2018-02-04 13:45:00,814.546,838.0744,808.7,802.878158305278,769.1878680330422
2018-02-04 14:00:00,865.8326666666667,876.1604,852.5,828.2789446050848,812.9746233160223
2018-02-04 14:15:00,908.8613333333334,907.966,892.8,863.6575444879181,853.1422914209015
2018-02-04 14:30:00,921.438,896.5852,929.5,896.746909358065,889.4689934034751
2018-02-04 14:45:00,1005.178,910.4524,962.2,923.237484598818,921.7571989542868
2018-02-04 15:00:00,1050.666,925.6132,995.3,900.4054526183932,966.721885571274
2018-02-04 15:15:00,841.7406666666667,946.3556,1019.60004,924.1207446182573,990.4371775711381
2018-02-04 15:30:00,713.4173333333333,962.7488,1039.7001,918.6113414869533,1009.6663913831935
2018-02-04 15:45:00,1099.4046666666666,976.7112,1055.2001,957.0563761242702,1024.3087984570338
2018-02-04 16:00:00,1093.242,971.2812,1066.2001,967.0356401611068,1035.061790864537
2018-02-04 16:15:00,1091.1866666666667,965.586,1072.6,968.56175519215,1042.9938783763541
2018-02-04 16:30:00,1109.9063333333334,950.83,1074.3,966.6817294307391,1043.5158759303729
2018-02-04 16:45:00,1126.6660000000002,906.4836,1071.4,946.2984385856523,1039.2928939231767
2018-02-04 17:00:00,1121.2306666666666,963.1952,985.2,959.6528499100816,921.664187190355
2018-02-04 17:15:00,959.3866666666668,1003.5984,1051.6,1003.6721287640949,1016.7240868482013
2018-02-04 17:30:00,990.018,1012.696,1034.9,992.8224673728747,998.4956717948718
2018-02-04 17:45:00,855.0853333333333,1024.6444,1013.7,989.1173589436378,975.7569427100982
2018-02-04 18:00:00,1070.5773333333334,999.2128,989.3,960.4245461120022,948.627583731593
2018-02-04 18:15:00,1002.759,968.0344,959.60004,929.0484543324862,917.251491952077
2018-02-04 18:30:00,920.3273333333332,932.8204,925.8,893.5936765859954,881.7967142055861
2018-02-04 18:45:00,926.328,893.7504,888.10004,854.2524184593511,844.705073655541
2018-02-04 19:00:00,867.038,851.022,846.8,811.2411801051821,793.6371918153491
2018-02-04 19:15:00,824.347,804.854,801.9,764.8010973703381,744.859161235046
2018-02-04 19:30:00,779.3526666666668,755.484,753.9,715.1986030074675,698.6612822743971
2018-02-04 19:45:00,701.8493333333333,703.1712,702.7,662.7265793569322,649.7284412868257
2018-02-04 20:00:00,670.5216666666668,648.1948,649.0,607.7062651065016,583.0535879281188
2018-02-04 20:15:00,610.436,590.862,592.9,550.4903307295502,542.7575840092362
2018-02-04 20:30:00,538.4566666666667,531.5096,534.60004,491.4678001529238,483.7350534326098
2018-02-04 20:45:00,488.2633333333333,420.1676,474.6,406.2230505965988,423.33922434080046
2018-02-04 21:00:00,442.2526666666666,211.714,412.30002,242.74720922508652,362.06064096489365
2018-02-04 21:15:00,409.6213333333333,83.8952,350.6,125.16047036219629,300.4689887719253
2018-02-04 21:30:00,352.508,65.308,288.6,120.82295048774392,239.25170815528543
2018-02-04 21:45:00,269.15333333333336,51.168,189.5,82.22773512070015,155.79461057846382
2018-02-04 22:00:00,192.2576666666667,37.3476,137.5,42.61612246515054,97.39459536554116
2018-02-05 10:45:00,103.01866666666666,91.8676,114.8,90.25484617472246,77.69470365763262
2018-02-05 11:00:00,184.21133333333333,116.1944,181.90001,94.88158591505595,156.50467475172587
2018-02-05 11:15:00,237.6173333333333,139.2,222.7,144.34848753661063,186.58153120726493
2018-02-05 11:30:00,284.938,215.3332,248.8,209.79404366258842,181.61937630418998
2018-02-05 11:45:00,328.6476666666667,266.7348,337.6,267.6587828975219,314.23460763507074
2018-02-05 12:00:00,362.9626666666666,339.7684,391.1,332.8423246093447,351.23393380123923
2018-02-05 12:15:00,396.2153333333333,367.5952,468.5,387.3935534559282,431.3523966871294
2018-02-05 12:30:00,304.3186666666667,454.9504,501.9,452.9621385975796,456.54335350236477
2018-02-05 12:45:00,397.7466666666666,535.4324,579.9,511.616548401524,548.4992197577252
2018-02-05 13:00:00,596.578,573.8272,651.2,566.2892187015409,617.5556028262968
2018-02-05 13:15:00,741.6253333333334,636.4568,672.9,619.4265169537498,637.8181261456443
2018-02-05 13:30:00,781.048,689.7728,750.8,669.7634470970469,701.8488009483652
2018-02-05 13:45:00,905.0353333333334,755.2368,807.5,733.770508670463,767.3641976353067
2018-02-05 14:00:00,754.9486666666667,827.6496,842.0,818.5055369910709,792.9488849219791
2018-02-05 14:15:00,829.6366666666667,872.8864,904.0,858.7483644999107,871.8003225840172
2018-02-05 14:30:00,983.2846666666668,922.3304,940.5,902.5268255739865,908.2000299959835
2018-02-05 14:45:00,987.63,959.7824,973.0,933.3064275920477,940.5585123241034
2018-02-05 15:00:00,1018.326,989.7552,1001.10004,961.4498153954372,968.7019001274929
2018-02-05 15:15:00,1072.821333333333,1017.164,1025.4,985.2284360238995,992.4805207559551
2018-02-05 15:30:00,1059.4816666666668,1065.7564,1045.4,1023.565906848961,1011.7689444685518
2018-02-05 15:45:00,812.7433333333333,1081.3756,1061.0,1038.2630358138858,1026.4660734334766
2018-02-05 16:00:00,1071.8853333333332,1091.0348,1072.1,1048.292206699514,1036.4952443191048
2018-02-05 16:15:00,1073.512,1093.616,1078.4,1053.6012862653174,1041.8043238849082
2018-02-05 16:30:00,1051.7386666666666,1089.2144,1080.0,1034.420729134718,1042.3657784206066
2018-02-05 16:45:00,1069.136,1088.782,1077.0,1049.9736614867743,1038.176699106365
2018-02-05 17:00:00,1062.8086666666666,1081.2956,1069.4,1041.0557653925468,1029.2588030121376
2018-02-05 17:15:00,1050.526,1058.45,1057.0,1010.6328640923498,1015.6584168419836
2018-02-05 17:30:00,1019.634,1034.3608,1040.1,996.5016814658301,997.4464169928686
2018-02-05 17:45:00,1015.9,1025.6668,1018.8,986.5151006090823,974.7181382286731
2018-02-05 18:00:00,991.5213333333334,990.4136,993.2,942.5677183593391,949.842888685572
2018-02-05 18:15:00,962.2306666666666,957.5056,963.4,911.1902147767289,910.4087416169389
2018-02-05 18:30:00,931.3213333333332,934.0596,929.7,892.5507435918142,872.6088074565222
2018-02-05 18:45:00,885.5580000000001,893.5056,892.0,853.1966441840626,836.6593234509922
2018-02-05 19:00:00,837.1533333333333,824.8208,850.7,791.1181129061879,797.1690219485463
2018-02-05 19:15:00,798.2683333333333,738.4792,805.8,738.8548085561846,755.9709823003863
2018-02-05 19:30:00,752.9446666666666,708.7524,757.5,687.4180762432488,706.3404271267327
2018-02-05 19:45:00,703.3933333333333,549.1164,706.5,572.9377659744492,650.9451178497544
2018-02-05 20:00:00,643.2333333333333,484.8512,652.60004,517.881598224213,595.8889500995182
2018-02-05 20:15:00,581.3186666666667,400.2412,596.4,442.49074647990926,536.8071317490743
2018-02-05 20:30:00,524.728,315.4496,538.2,374.25115405972394,477.74431240017805
2018-02-05 20:45:00,462.4486666666667,216.0356,478.1,271.88630232360345,417.30797323729973
2018-02-05 21:00:00,398.6986666666666,101.6508,414.30002,143.9597752343616,357.8179724465808
2018-02-05 21:15:00,336.0853333333333,33.4196,352.5,63.594761478996645,296.1924453855518
2018-02-05 21:30:00,275.98266666666666,25.2824,290.7,53.89191325518584,234.95077880236602
2018-02-05 21:45:00,193.32666666666668,19.5732,185.2,49.59372944796581,148.193140458708
2018-02-05 22:00:00,140.4646666666667,14.018,169.3,39.498332836418655,115.13130364635518
2018-02-06 10:45:00,67.24066666666667,91.8496,126.4,88.00386141875589,97.6142778311094
2018-02-06 11:00:00,107.86933333333332,142.8452,188.90001,144.54331651687977,157.59527460098622
2018-02-06 11:15:00,266.1286666666667,193.0256,250.2,199.18031039671231,217.07073893980314
2018-02-06 11:30:00,301.25933333333336,249.2192,312.7,271.18987800343285,278.10484649403344
2018-02-06 11:45:00,293.77066666666667,329.3656,356.4,326.6829459654296,319.40503001083977
2018-02-06 12:00:00,305.5586666666667,405.666,409.80002,386.3655119669455,368.3483439219016
2018-02-06 12:15:00,416.278,477.1876,479.0,456.2963622347258,441.6396926180266
2018-02-06 12:30:00,581.9086666666666,565.15,548.8,516.4346616680156,518.0186727458964
2018-02-06 12:45:00,628.2606666666667,609.6564,607.0,571.9940941904214,575.8046372507241
2018-02-06 13:00:00,635.88,663.552,662.9,627.673766903838,631.4843099641407
2018-02-06 13:15:00,721.8079999999999,719.2472,716.10004,680.884115578889,684.6946586391917
2018-02-06 13:30:00,771.5226666666666,761.3808,766.7,731.2949742887976,722.4495191191198
2018-02-06 13:45:00,819.1886666666667,810.1036,813.9,778.6054758356506,782.4160188959534
2018-02-06 14:00:00,856.0666666666667,846.9188,858.0,822.5418296292028,827.126101060172
2018-02-06 14:15:00,862.1886666666667,875.406,898.5,855.2499126995887,867.4402346218909
2018-02-06 14:30:00,1003.4306666666666,910.8296,935.4,891.7186747406024,903.9089966629047
2018-02-06 14:45:00,994.9933333333332,962.7392,968.3,931.749454946982,937.2051672654025
2018-02-06 15:00:00,1028.4253333333334,1018.6112,999.60004,979.0048348326213,967.2078724522121
2018-02-06 15:15:00,1015.95,1043.424,1024.2001,1002.8426561292756,991.0456937488664
2018-02-06 15:30:00,1034.6613333333332,1062.5152,1044.6,1022.186142540369,1010.3891801599598
2018-02-06 15:45:00,1049.462,1077.0436,1060.5,1036.9338473172932,1025.136884936884
2018-02-06 16:00:00,1058.2306666666666,1086.9384,1071.8,1047.0088006083877,1035.2118382279784
2018-02-06 16:15:00,1064.732,1092.1512,1078.7001,1052.3586033317247,1040.5616409513154
2018-02-06 16:30:00,1074.744,1092.6572,1080.9,1052.9554956052812,1041.158533224872
2018-02-06 16:45:00,1076.9493333333332,1088.454,1078.5,1048.7963832877954,1036.9994209073861
2018-02-06 17:00:00,1069.840333333333,1079.564,1071.4,1039.9028394216646,1028.1058770412553
2018-02-06 17:15:00,1054.342666666667,1066.0328,1059.5,1026.321086955167,1016.7737421513568
2018-02-06 17:30:00,1043.668,1047.9368,1043.0,1008.1219400041178,990.5179517142848
2018-02-06 17:45:00,1010.0026666666668,1025.3764,1022.10004,985.4007144348112,965.4587782995192
2018-02-06 18:00:00,960.7273333333334,998.378,997.2,958.2771274791455,941.7398067460751
2018-02-06 18:15:00,877.7733333333333,967.0772,967.4,926.8952061266288,913.8970680565222
2018-02-06 18:30:00,927.484,931.7028,933.5,891.4232314900621,883.6904847697481
2018-02-06 18:45:00,890.8313333333333,892.4332,895.7,852.0537581543923,844.3210114340783
2018-02-06 19:00:00,879.2226666666667,849.468,854.2,809.0037642648631,798.3800072601252
2018-02-06 19:15:00,808.024,771.8272,808.9,743.4659655630753,751.8912556708024
2018-02-06 19:30:00,765.4766666666667,680.5008,760.4,699.129140863527,700.4037103749406
2018-02-06 19:45:00,709.7646666666666,659.2032,708.9,642.8466879002531,647.8658243290861
2018-02-06 20:00:00,616.7199999999999,556.8652,654.60004,549.013081558025,592.7728681638599
2018-02-06 20:15:00,544.2966666666666,534.7204,597.9,523.0813042763564,535.4791943672988
2018-02-06 20:30:00,402.4966666666666,333.4064,539.0,398.27606637326846,476.37603623716006
2018-02-06 20:45:00,360.4413333333333,159.0156,478.6,185.12926487282226,415.899675410542
2018-02-06 21:00:00,359.432,39.0716,371.2,50.55714309826163,339.35487831249503
2018-02-06 21:15:00,282.8013333333334,31.1692,295.7,56.63626847815431,260.66612611365235
2018-02-06 21:30:00,173.61533333333333,25.4212,142.7,52.392695747983964,91.01832135833553
2018-02-06 21:45:00,124.82733333333334,19.6424,71.5,48.091980338810714,7.782028556584152
2018-02-06 22:00:00,57.282,14.0452,0.0,38.02849547910462,-50.17284424257507
2018-02-07 10:45:00,85.52733333333335,94.648,104.200005,85.77550455775625,65.95215937343008
2018-02-07 11:00:00,130.53966666666668,99.8232,164.1,84.5695144667936,122.38817520287759
2018-02-07 11:15:00,165.66233333333332,108.5068,196.2,137.86705978615,162.39885147316173
2018-02-07 11:30:00,185.9343333333333,148.3112,213.40001,182.74144674732327,162.12273336841702
2018-02-07 11:45:00,146.222,246.2128,250.90001,260.5566073988601,200.75727573382102
2018-02-07 12:00:00,185.4153333333333,344.1056,326.0,328.2264025834468,267.946907344189
2018-02-07 12:15:00,228.725,447.6172,428.5,446.6661732649426,360.849499986134
2018-02-07 12:30:00,321.665,530.4884,536.60004,513.5949683529217,498.93829873622246
2018-02-07 12:45:00,579.1886666666667,606.8376,595.7,569.8665543167219,556.7887650100813
2018-02-07 13:00:00,612.5666666666667,683.9084,651.10004,644.6630597852748,612.5362233661692
2018-02-07 13:15:00,666.4996666666667,738.366,704.10004,697.9430569349834,665.8162205158778
2018-02-07 13:30:00,699.0073333333333,788.922,754.3,748.4242812196366,716.297444800531
2018-02-07 13:45:00,743.6683333333333,836.2876,801.5,795.8049152278504,763.6780788087449
2018-02-07 14:00:00,788.6156666666667,880.2204,845.4,839.8103623248797,807.6835259057742
2018-02-07 14:15:00,830.8656666666667,920.4996,885.7,880.1918542717988,848.0650178526932
2018-02-07 14:30:00,869.645,956.9212,922.10004,916.7256314934903,884.5987950743847
2018-02-07 14:45:00,904.0253333333332,989.302,954.60004,949.2124967843936,917.085660365288
2018-02-07 15:00:00,935.9253333333332,1017.2736,983.7,977.477610251849,945.3507738327435
2018-02-07 15:15:00,965.188,1038.5996,1007.7,1002.9338895943812,969.2435993221453
2018-02-07 15:30:00,988.4966666666668,1054.4804,1027.5,1007.2246588485252,988.6379402892601
2018-02-07 15:45:00,1011.0356666666668,1073.8048,1042.8,1035.558858201632,1003.4320217825264
2018-02-07 16:00:00,1031.0633333333333,1083.8324,1053.5,1045.6754246650032,1013.5485882458977
2018-02-07 16:15:00,1068.1726666666666,1088.944,1059.8,1051.0618320429398,1018.9349956238343
2018-02-07 16:30:00,1078.9326666666666,1087.4464,1061.4,1044.1081176817736,1019.5632787764391
2018-02-07 16:45:00,1067.333,1080.4216,1058.4,1034.0168975666143,1032.3185113742925
2018-02-07 17:00:00,1061.0353333333337,1073.8976,1050.9,1031.1019848271,1023.445478288709
2018-02-07 17:15:00,1058.9143333333334,1049.2248,1038.8,1003.5055723360422,1009.8786516359689
2018-02-07 17:30:00,1069.9176666666667,1006.5408,1022.2,989.4571409300497,991.6888036802939
2018-02-07 17:45:00,1034.1636666666666,970.3472,1001.2,959.360835270221,969.744980053241
2018-02-07 18:00:00,1049.9926666666663,953.0468,972.60004,930.4291662052326,941.8457597568683
2018-02-07 18:15:00,1040.7193333333332,913.148,943.2,900.8460337973247,912.1016194677959
2018-02-07 18:30:00,1028.188666666667,854.7848,909.7,860.522865040776,878.4132935838668
2018-02-07 18:45:00,1065.185,602.1476,872.4,638.5808889255682,839.0259668216863
2018-02-07 19:00:00,1053.57,251.3712,591.9,220.84473097574596,528.6800581241835
2018-02-07 19:15:00,698.7936666666667,93.3724,338.80002,79.84206226585059,261.39378956077246
2018-02-07 19:30:00,288.702,54.3176,296.4,23.738691828300603,202.29551555876935
2018-02-07 19:45:00,233.807,50.1812,284.80002,70.9113548527339,193.62857897382764
2018-02-07 20:00:00,252.2333333333333,47.1516,360.0,16.93390714009513,302.0924459584545
2018-02-07 20:15:00,336.1516666666667,44.5168,294.30002,57.69565975816852,241.43275082262164
2018-02-07 20:30:00,269.88166666666666,41.8064,210.90001,67.05304807192584,132.74979489809772
2018-02-07 20:45:00,418.8396666666667,37.4328,273.80002,48.39072922281122,234.6856205802331
2018-02-07 21:00:00,399.0033333333333,34.0796,318.1,42.40504685563229,254.79023972672604
2018-02-07 21:15:00,436.43666666666667,30.6228,254.40001,60.54703609092252,193.10288325889127
2018-02-07 21:30:00,396.03333333333336,24.7972,125.8,50.80452262911541,65.65469657931072
2018-02-07 22:00:00,217.50571428571428,13.366,0.0,36.481655427164526,-51.71968429451516
2018-02-08 10:45:00,45.406,108.8312,109.5,90.94939858274842,62.24482781248474
2018-02-08 11:00:00,87.164,185.7444,164.90001,145.69955767968577,123.61465777734202
2018-02-08 11:15:00,247.99066666666667,248.9996,224.1,184.92966934468546,183.01199814107218
2018-02-08 11:30:00,313.3446666666667,312.5184,284.9,272.4371024055574,247.7697373313997
2018-02-08 11:45:00,378.2033333333333,376.378,346.6,330.03347256129416,309.44692470973166
2018-02-08 12:00:00,440.6836666666667,439.7444,400.4,391.60136245006436,363.75161193126553
2018-02-08 12:15:00,495.1433333333333,502.0152,461.1,437.25859804070535,424.59845323479715
2018-02-08 12:30:00,554.616,562.7872,520.7,513.183495656555,484.2049285331419
2018-02-08 12:45:00,612.9473333333334,621.6292,578.5,567.0469992280322,542.1167452454882
2018-02-08 13:00:00,668.9773333333334,678.1628,634.2,635.0189217058787,597.9286535708079
2018-02-08 13:15:00,720.0053333333333,732.0552,687.60004,688.3650590085874,651.2747908735166
2018-02-08 13:30:00,771.0859999999999,783.0108,738.10004,748.0584337757231,701.8227142737509
2018-02-08 13:45:00,818.2420000000001,830.7648,785.60004,795.5053920346592,749.269672532687
2018-02-08 14:00:00,864.044,875.074,829.7,839.5760001768293,793.3402806748571
2018-02-08 14:15:00,903.5856666666666,915.7168,870.3,880.0208128725499,833.7850933705777
2018-02-08 14:30:00,942.3146666666668,952.4884,907.0,915.0520278051844,870.3797621563425
2018-02-08 14:45:00,979.44,985.2032,939.8,947.5968390290477,902.9245733802059
2018-02-08 15:00:00,1006.6693333333334,1013.4728,971.0,975.9164978980891,931.2442322492473
2018-02-08 15:15:00,1029.6013333333333,1037.1496,995.5,1001.4235211801257,955.1878016781535
2018-02-08 15:30:00,1047.858,1056.3364,1015.7,1020.8644523965768,974.6287328946046
2018-02-08 15:45:00,1062.0646666666669,1070.94,1031.2001,1035.700663285677,989.4649437837047
2018-02-08 16:00:00,1072.7506666666666,1080.8896,1042.4,1045.8546336821187,999.6189141801465
2018-02-08 16:15:00,1079.8406666666667,1086.1376,1049.1,1042.1280442920454,1012.3009788242109
2018-02-08 16:30:00,1082.116,1086.6604,1051.2001,1042.7836485487496,1004.1909084898507
2018-02-08 16:45:00,1078.8053333333332,1082.456,1048.7001,1038.6725927489038,1015.0300480025048
2018-02-08 17:15:00,1061.404,1059.9776,1029.8,1016.2606187331137,991.7157798277792
2018-02-08 17:30:00,1043.884,1041.816,1013.4,998.0765285346104,973.5316896292759
2018-02-08 17:45:00,1023.994,1019.1532,992.3,975.359292087248,950.8144531819136
2018-02-08 18:00:00,1000.2753333333332,992.0992,971.9,948.2287405373107,940.5722339989196
2018-02-08 18:15:00,974.8053333333334,960.7884,942.5,916.8291116334083,912.6141467667701
2018-02-08 18:30:00,943.858,925.3816,909.0,890.4744536215851,877.1140373880455
2018-02-08 18:45:00,906.9453333333332,886.0592,871.7,851.0668503576578,837.7064341241182
2018-02-08 19:00:00,862.3966666666668,843.0204,830.5,807.969295213435,794.6088789798954
2018-02-08 19:15:00,813.7306666666666,796.4828,785.9,761.4242687739529,748.0638525404133
2018-02-08 19:30:00,764.9833333333333,746.682,738.10004,711.6999115667994,698.3394953332598
2018-02-08 19:45:00,717.1893333333334,693.8768,687.10004,649.9458131919955,645.7308483253573
2018-02-08 20:00:00,662.704,638.352,633.4,594.7768557454722,590.561890878834
2018-02-08 20:15:00,602.222,580.4268,577.10004,537.4037823815615,533.1888175149234
2018-02-08 20:30:00,547.4473333333333,520.4596,518.7,466.06022908259547,474.00527836848414
2018-02-08 20:45:00,488.40333333333336,458.8568,458.7,411.7076679234435,415.7004409794738
2018-02-08 21:00:00,430.0293333333333,314.8692,402.1,307.6109209854509,343.8798018295671
2018-02-08 21:15:00,364.8946666666667,87.9888,340.1,144.23402079305777,282.1647859450353
2018-02-08 21:30:00,298.6206666666667,64.7804,277.9,124.8662635556679,220.86851613440325
2018-02-08 21:45:00,237.42033333333336,50.1808,202.3,76.05344581207251,169.04790114959692
2018-02-08 22:00:00,175.67066666666668,35.974,101.200005,37.260788211493235,75.2185785862491
2018-02-09 10:45:00,56.06333333333334,144.5272,110.9,106.23901690601505,74.11218048690952
2018-02-09 11:00:00,89.854,206.6752,166.6,169.87287742397768,134.81650096676333
2018-02-09 11:15:00,240.334,270.692,227.2,232.02702466431808,189.6848920959587
2018-02-09 11:30:00,313.4066666666667,335.454,288.9,302.32160126379415,250.7133973758547
2018-02-09 11:45:00,376.638,400.156,351.30002,365.76953731537765,312.4103702163786
2018-02-09 12:00:00,447.016,456.2416,428.6,416.3559787901036,394.34372026044053
2018-02-09 12:15:00,489.476,505.9312,492.9,467.0337285968809,455.23676621647166
2018-02-09 12:30:00,577.598,586.7708,552.5,551.7121372542782,514.896610291998
2018-02-09 12:45:00,608.1673333333333,646.7316,617.3,609.6820473553496,572.8665203930693
2018-02-09 13:00:00,667.1793333333334,703.3016,673.5,665.5549652445301,630.9890558588489
2018-02-09 13:15:00,716.8863333333334,757.1804,727.0,718.9636317919603,684.3977224062792
2018-02-09 13:30:00,731.7426666666667,808.0784,777.7,769.5744883857643,735.0085790000832
2018-02-09 13:45:00,831.0466666666667,855.7268,825.3,817.0838671884442,782.517957802763
2018-02-09 14:00:00,854.3126666666667,899.8764,869.60004,861.2156133238599,826.6497039381787
2018-02-09 14:15:00,896.9879999999999,940.3028,910.4,901.7196236907113,867.1537143050301
2018-02-09 14:30:00,951.1713333333332,976.8044,947.5,938.3709809110852,895.7484280393811
2018-02-09 14:45:00,982.3713333333332,996.6344,980.5,956.1662069198364,928.3469224807495
2018-02-09 15:00:00,995.992,992.0248,1010.0,955.2717664577393,956.7168252803712
2018-02-09 15:15:00,1019.3406666666668,1024.7124,1035.3,985.5691098942046,978.3688716663604
2018-02-09 15:30:00,1037.4533333333334,1078.6184,1056.1,1042.8125783032651,997.8520775861022
2018-02-09 15:45:00,1045.14,1094.7824,1072.5,1057.6866279741237,1019.6699253221461
2018-02-09 16:00:00,1035.9686666666666,1104.6792,1084.3,1067.8737579719646,1035.1224466697795
2018-02-09 16:15:00,996.082,1109.8416,1091.2001,1073.3208978109415,1040.5695865087564
2018-02-09 16:30:00,1067.71,1110.242,1093.5,1073.9997352873556,1041.2484239851706
2018-02-09 16:45:00,1095.1706666666666,1102.3344,1091.1,1069.9067454643596,1034.2644238777507
2018-02-09 17:00:00,1083.9753333333333,1088.1852,1084.0,1055.5259961334102,1023.593598291003
2018-02-09 17:15:00,1045.3513333333333,1068.9344,1071.4,1029.9119348659883,1010.0455188885103
2018-02-09 17:30:00,1039.9543333333334,911.0304,1054.3,917.4093832462588,991.8636621921817
2018-02-09 17:45:00,1019.202,589.784,1032.8,578.7308781207904,969.1434090198383
2018-02-09 18:00:00,994.106,540.5268,862.60004,550.0495441827342,806.9814747247264
2018-02-09 18:15:00,1008.294,698.2948,662.8,740.0016064413504,640.962452388616
2018-02-09 18:30:00,949.6486666666666,588.1136,873.3,617.0938931032168,842.8524494691836
2018-02-09 18:45:00,920.1313333333331,362.0716,819.2,415.494246872256,783.9951547702052
2018-02-09 19:00:00,876.0840000000001,227.8556,580.4,193.74785499119548,525.899832530258
2018-02-09 19:15:00,929.1106666666668,233.9084,432.6,211.36556533436692,353.4920301781169
2018-02-09 19:30:00,601.7620000000001,319.198,419.30002,330.1793610393331,345.52951973073937
2018-02-09 19:45:00,773.3166666666667,345.0744,465.9,358.3679788540852,421.42907504549146
2018-02-09 20:00:00,785.5300000000001,323.6556,466.80002,348.8164366888295,412.9809874700795
2018-02-09 20:15:00,494.388,363.5164,439.80002,411.19105343297997,390.3118572659878
2018-02-09 20:30:00,483.266,261.2532,476.30002,285.0425739452896,439.4732341930923
2018-02-09 20:45:00,498.819,70.856,410.6,84.82124826603109,378.8809520929354
2018-02-09 21:00:00,340.9313333333333,36.826,262.9,45.655062799468794,200.84582818032817
2018-02-09 21:15:00,234.338,31.24,131.6,75.87152886845524,95.01995110966618
2018-02-09 21:30:00,185.42866666666663,25.5108,64.5,81.17306854888122,95.4763827578656
2018-02-09 21:45:00,136.37733333333333,19.7928,0.0,52.04624190491444,-50.213142250359
2018-02-09 22:00:00,137.248,14.2212,0.0,33.16088563048679,-55.0404540911929
2018-02-10 10:45:00,98.267,67.202,88.5,74.39614617563521,64.43027627207076
2018-02-10 11:00:00,156.7086666666667,136.1812,143.0,135.338892070157,108.68070420394605
2018-02-10 11:15:00,250.96066666666667,231.458,219.6,200.4471197639355,178.36221986159174
2018-02-10 11:30:00,292.2523333333333,241.5504,294.80002,250.83034423975835,265.27923111109624
2018-02-10 11:45:00,383.17266666666666,313.3824,349.2,317.3829339779367,310.1050180233469
2018-02-10 12:00:00,519.7393333333333,438.3552,404.5,384.1261177534684,362.73418240495766
2018-02-10 12:15:00,444.92333333333335,503.4472,480.2,464.8044079217543,449.56590386959215
2018-02-10 12:30:00,536.9086666666667,563.8764,539.7,524.514453568295,509.27594951613287
2018-02-10 12:45:00,595.3736666666666,622.366,597.5,582.5390977511701,567.3005936990079
2018-02-10 13:00:00,648.8633333333333,678.562,653.0,638.4694837872489,623.2309797350867
2018-02-10 13:15:00,713.932,732.1448,663.9,691.9369700454639,627.8376528524326
2018-02-10 13:30:00,744.9053333333334,782.8216,756.4,742.6068986286924,727.3683945765302
2018-02-10 13:45:00,789.95,830.3288,652.7,790.1747031495519,603.6252440497823
2018-02-10 14:00:00,659.8973333333332,773.5772,772.8,761.3143850948981,707.8720938351324
2018-02-10 14:15:00,573.605,661.6184,657.3,717.0497809151896,595.8523169259317
2018-02-10 14:30:00,609.3613333333334,844.5636,633.60004,829.1353236536604,557.0132991175276
2018-02-10 14:45:00,521.9,627.2928,708.2,654.1607491819155,668.4269540158999
2018-02-10 15:00:00,593.673,586.1124,714.10004,580.6848096252651,676.0555676819057
2018-02-10 15:15:00,638.4586666666668,728.1008,687.0,772.2399727471316,611.2269875176394
2018-02-10 15:30:00,1010.6533333333332,1040.796,692.7,994.6314625152859,611.3409103760036
2018-02-10 15:45:00,868.6293333333334,993.7184,737.10004,1001.4632145518831,671.484798109012
2018-02-10 16:00:00,1056.4199999999998,854.5948,909.0,869.2992935442176,853.5656204485144
2018-02-10 16:15:00,643.1166666666667,943.09,900.7,958.2067310724763,859.516225091031
2018-02-10 16:30:00,980.0283333333332,970.5144,1064.5,965.0448831768895,1033.0710338803196
2018-02-10 16:45:00,874.908,972.4672,957.10004,960.965976731414,900.6864814921562
2018-02-10 17:00:00,965.5646666666668,946.2404,963.5,948.3932388368482,913.0773819032545
2018-02-10 17:15:00,865.8786666666667,942.0992,983.0,938.587160943275,942.1683758480601
2018-02-10 17:30:00,379.1053333333333,937.258,1025.6,920.4040348469804,991.097998851497
2018-02-10 17:45:00,486.40633333333335,879.1608,1004.5,891.5372801065702,968.371426606204
2018-02-10 18:00:00,711.1126666666667,853.6632,957.60004,864.3872870366596,920.8915594975971
2018-02-10 18:15:00,655.7626666666667,860.3432,943.5,844.8049287786127,909.7925481786372
2018-02-10 18:30:00,465.9966666666666,832.852,916.7,826.4095462873328,874.2537635877478
2018-02-10 18:45:00,652.7860000000001,552.134,836.2,576.1647204499526,801.9232768159194
2018-02-10 19:00:00,1093.3086666666668,378.93,695.60004,399.03598654989946,647.0486666036104
2018-02-10 19:15:00,539.422,304.8148,491.1,336.5241394862297,440.1607972010735
2018-02-10 19:30:00,220.8733333333333,219.0204,451.9,274.439518868896,401.96631330248977
2018-02-10 19:45:00,185.4333333333333,56.6788,437.9,37.85703571864531,375.2859907967703
2018-02-10 20:00:00,285.29533333333336,46.8868,279.4,12.203125552621486,194.20648248621524
2018-02-10 20:15:00,497.5566666666667,44.3104,203.5,43.33796950881958,95.44600173538208
2018-02-10 20:30:00,478.92466666666667,41.9564,152.3,93.21131212598823,36.18323595411323
2018-02-10 20:45:00,123.57666666666668,38.0968,165.8,59.092557718417936,133.55251865591794
2018-02-10 21:00:00,112.396,33.9356,255.0,43.83355845195899,208.6659101365293
2018-02-10 21:15:00,112.94666666666669,30.3192,240.40001,74.0272554006512,178.0296205129559
2018-02-10 21:30:00,63.331,24.4036,60.100002,74.80732023762968,0.23734343098905697
2018-02-10 21:45:00,53.722,18.494,0.0,50.21179893963841,-59.698403086728774
2018-02-10 22:00:00,67.417,12.8364,0.0,31.389190730997,-56.81214899068269
2018-02-11 10:45:00,78.03866666666666,50.736,92.4,42.3126464926292,57.28156052461162
2018-02-11 11:00:00,134.18733333333333,94.158,135.3,75.44929778665488,109.66892898172324
2018-02-11 11:15:00,167.03933333333333,78.0184,202.5,112.40844010204592,172.5275921711377
2018-02-11 11:30:00,182.60933333333327,79.872,215.90001,117.77682370032693,151.720442474741
2018-02-11 11:45:00,196.00866666666667,101.162,235.7,183.1443563501697,186.8833700220447
2018-02-11 12:00:00,218.82466666666667,125.978,278.9,149.64100946796958,224.77411188496177
2018-02-11 12:15:00,165.10399999999998,151.968,300.9,164.96101813893085,257.24947028736835
2018-02-11 12:30:00,135.982,174.0372,327.5,183.6080140255699,283.9823273800621
2018-02-11 12:45:00,159.02666666666667,202.5504,349.2,196.83942140501847,301.34573854369035
2018-02-11 13:00:00,99.91333333333334,251.1588,381.4,235.99654964062438,331.32668880078063
2018-02-11 13:15:00,102.81266666666669,342.2876,419.80002,351.19065192010635,392.698372867372
2018-02-11 13:30:00,448.7606666666667,405.312,539.60004,425.684041420821,502.2900137108601
2018-02-11 13:45:00,904.5146666666666,453.0872,578.8,473.3061902625926,535.0244062049754
2018-02-11 14:00:00,688.7006666666667,515.4796,689.10004,542.3980837386222,606.0282106917472
2018-02-11 14:15:00,431.766,542.1956,718.4,550.0703631476226,667.7876177862945
2018-02-11 14:30:00,288.23466666666667,518.6948,688.4,507.0094194165671,630.8028154126608
2018-02-11 14:45:00,181.7753333333333,477.5964,616.2,509.9655608027905,537.6636504023999
2018-02-11 15:00:00,403.358,410.7096,637.7,397.96867538171284,524.8137071199941
2018-02-11 15:15:00,846.9413333333333,341.984,517.60004,307.2887178397374,385.4918428397374
2018-02-11 15:30:00,608.4413333333334,340.9108,398.9,333.2551512304086,279.62471910150236
2018-02-11 15:45:00,934.52,377.9264,369.2,341.780054687611,294.5614267579235
2018-02-11 16:00:00,1066.198,373.6448,420.7,352.0206558144423,304.8020278847548
2018-02-11 16:15:00,686.046,370.5908,449.30002,311.6774499117246,315.13893672813083
2018-02-11 16:30:00,962.7623333333332,328.8676,383.7,276.0188603325764,311.0061039849202
2018-02-11 16:45:00,656.7346666666667,315.8116,341.30002,271.9500549454574,258.2035949845199
2018-02-11 17:00:00,683.7406666666667,319.3792,322.5,263.1206152632569,249.37415530231942
2018-02-11 17:15:00,420.446,378.656,333.2,322.7447674257277,235.83009457416517
2018-02-11 17:30:00,425.9426666666666,398.4628,423.4,384.8994240903967,300.4793191099279
2018-02-11 17:45:00,634.9926666666667,415.7848,482.5,395.4352982551492,322.8726761848367
2018-02-11 18:00:00,595.346,408.9508,456.0,406.2801593599536,295.7083820162036
2018-02-11 18:15:00,804.356,385.0612,455.7,371.7529663769833,324.7058472363583
2018-02-11 18:30:00,932.1323333333332,360.4032,460.80002,337.45982983892134,356.73802808110884
2018-02-11 18:45:00,715.51,349.7792,466.9,364.0871213409707,398.37719092104885
2018-02-11 19:00:00,535.3513333333334,362.724,506.7,412.64058744412887,442.1560293386601
2018-02-11 19:15:00,570.4146666666667,396.0724,532.0,452.1599726935498,476.10928299628415
2018-02-11 19:30:00,468.78333333333336,325.3064,614.2,321.77210134677057,564.8134221475518
2018-02-11 19:45:00,462.862,218.4716,518.2,228.3909874911476,464.8251915927101
2018-02-11 20:00:00,551.118,88.1752,429.0,69.7411999454497,392.0051159610747
2018-02-11 20:15:00,229.95066666666665,72.5664,371.80002,107.24498668594174,334.5116798011761
2018-02-11 20:30:00,162.41133333333337,42.2688,397.5,91.36230586219159,337.77313349891034
2018-02-11 20:45:00,34.56466666666667,39.5196,325.30002,36.30219837874057,266.93246266096713
2018-02-11 21:00:00,36.442,39.2632,326.4,68.24426909835148,294.25829955489445
2018-02-11 21:15:00,48.938,29.6396,335.6,72.09249181161994,280.03712529550666
2018-02-11 21:30:00,52.007333333333335,23.8608,284.7,72.86863380298837,222.80400710926278
2018-02-11 21:45:00,48.314,18.3192,142.6,48.296306882704414,96.43277386268488
2018-02-11 22:00:00,55.10866666666666,12.9464,164.7,29.544966397002312,105.72504490347204
2018-02-12 10:45:00,24.221,12.5488,91.9,13.621440728079165,55.17826064385065
2018-02-12 11:00:00,34.57666666666667,18.1072,112.5,50.92391205849401,45.049736033103386
2018-02-12 11:15:00,56.92533333333333,30.286,145.0,52.44121019538119,88.43196336920931
2018-02-12 11:30:00,88.33666666666666,51.6864,187.2,92.88171637667028,133.15255988252966
2018-02-12 11:45:00,99.156,82.096,217.40001,125.42109353854164,160.83068521334633
2018-02-12 12:00:00,116.323,106.8116,256.2,128.92545304443837,223.49655900146962
2018-02-12 12:15:00,154.252,131.4924,289.30002,137.3189302352535,255.03618487392538
2018-02-12 12:30:00,165.34266666666664,154.924,319.30002,180.19898408078927,281.8126162829377
2018-02-12 12:45:00,164.54466666666667,181.1548,343.30002,175.43035476993168,302.44677322696293
2018-02-12 13:00:00,181.538,214.1868,364.80002,229.92206583749044,304.1434403492092
2018-02-12 13:15:00,223.4333333333333,248.1248,396.7,298.7206037651606,328.23604565969185
2018-02-12 13:30:00,312.4493333333333,272.1104,410.4,306.0777576672899,354.7211902844774
2018-02-12 13:45:00,350.07733333333334,319.0188,419.4,353.75008756919067,327.6097677449719
2018-02-12 14:00:00,438.09133333333335,383.2632,459.1,410.3307980424015,381.1994503861515
2018-02-12 14:15:00,391.8066666666667,399.9072,520.9,438.6963526734436,425.0872523316467
2018-02-12 14:30:00,330.834,353.9964,559.0,321.18656726202096,461.88273425420846
2018-02-12 14:45:00,309.887,469.388,570.5,508.22514642100884,477.7395202003057
2018-02-12 15:00:00,285.248,677.7756,608.60004,698.8887892882798,531.106135479686
2018-02-12 15:15:00,240.73533333333333,687.1384,703.0,722.9916307504571,630.3163682992853
2018-02-12 15:30:00,175.00233333333333,678.7436,711.2,698.0425254841088,632.9680015583275
2018-02-12 15:45:00,116.59,725.7628,660.60004,757.5367979533855,564.8817686565105
2018-02-12 16:00:00,126.138,760.0488,638.10004,786.2629370419611,543.0806860653986
2018-02-12 16:15:00,172.02133333333333,774.0284,650.5,800.5137687022795,548.5874076182952
2018-02-12 16:30:00,242.06466666666668,806.6108,654.10004,881.4493415084653,546.5706488815122
2018-02-12 16:45:00,237.02666666666667,780.3292,651.9,830.8179802905315,542.5079674731487
2018-02-12 17:00:00,236.364,615.1896,640.60004,627.1621457702354,533.6798459655479
2018-02-12 17:15:00,219.08666666666667,627.8732,637.7,639.5645380072722,585.760796552194
2018-02-12 17:30:00,317.82899999999995,600.7376,678.5,596.9611538034766,594.9225795847266
2018-02-12 17:45:00,354.722,568.094,1018.5,578.0999945449092,969.3429917144039
2018-02-12 18:00:00,265.38266666666664,538.0,991.10004,550.9184062453318,936.8960120650339
2018-02-12 18:15:00,257.962,439.0172,961.7,485.8246233125575,910.692101683224
2018-02-12 18:30:00,266.99133333333333,364.1692,928.2,361.3963476774243,872.2135445234326
2018-02-12 18:45:00,263.8053333333333,325.9112,552.4,301.13342920817195,483.65979639567195
2018-02-12 19:00:00,340.79200000000003,168.4232,543.10004,117.65154837554417,511.89776419585667
2018-02-12 19:15:00,283.18733333333336,85.0868,425.1,72.03851529721169,369.47390958432106
2018-02-12 19:30:00,295.284,54.4656,315.7,15.757926281156642,205.67345362490664
2018-02-12 19:45:00,381.8206666666667,51.0704,228.90001,34.3008405637097,150.95950145238157
2018-02-12 20:00:00,260.63100000000003,79.2348,216.5,91.64958730841454,148.84319082403954
2018-02-12 20:15:00,167.81933333333333,115.0312,249.5,133.53244903316659,174.8325283788697
2018-02-12 20:30:00,162.0993333333333,45.7824,328.5,61.428410237100536,291.2770888259677
2018-02-12 20:45:00,142.41,39.1184,244.0,34.32283373102774,212.56578417048087
2018-02-12 21:00:00,63.872,35.1704,115.9,71.47590756075647,54.60331844942834
2018-02-12 21:15:00,33.68,31.5628,0.0,84.9713817016293,-65.11597486575351
2018-02-12 21:30:00,16.389,25.7084,80.3,65.76876460245956,49.20096980265487
2018-02-12 21:45:00,17.423333333333336,19.8132,145.6,66.57958193115206,109.2476803808591
2018-02-12 22:00:00,19.67533333333333,14.066,0.0,27.62961358495427,-60.57172613672542
2018-02-13 11:00:00,65.89266666666667,68.5844,155.6,71.02275111783382,122.28913524258968
2018-02-13 11:15:00,106.24,92.8872,199.2,124.03602110799415,167.99486433919532
2018-02-13 11:30:00,97.852,124.1816,240.0,166.8842079014866,194.74191206408426
2018-02-13 11:45:00,94.528,150.586,277.80002,172.91836039315382,214.92090861092726
2018-02-13 12:00:00,96.89733333333334,170.5056,310.4,214.07626330715527,254.34710681301465
2018-02-13 12:15:00,130.91866666666667,198.8292,347.9,248.58626548751153,276.5485152433709
2018-02-13 12:30:00,167.00633333333332,233.7288,380.4,247.57457118150944,331.4559340965485
2018-02-13 12:45:00,188.61,283.6632,417.1,305.7422943630611,370.8395844021236
2018-02-13 13:00:00,217.7,325.876,449.4,361.82288540611626,400.20569790611626
2018-02-13 13:15:00,242.3453333333333,353.8312,490.7,376.6789407413885,447.5168161075994
2018-02-13 13:30:00,335.558,403.12,512.3,399.36287130081826,457.62739766800576
2018-02-13 13:45:00,563.7586666666667,475.0216,542.0,513.9850116286967,482.66888003689985
2018-02-13 14:00:00,595.686,535.0252,623.0,558.3194260905605,575.5048356364589
2018-02-13 14:15:00,625.258,585.7212,682.0,599.017455422029,634.8873895040603
2018-02-13 14:30:00,600.3753333333334,597.4312,720.3,635.8521169509601,685.8407949294757
2018-02-13 14:45:00,724.8646666666666,622.27,761.2,648.9389054780706,702.0958726411566
2018-02-13 15:00:00,493.488,647.4748,764.3,677.4656236060043,714.3335587866684
2018-02-13 15:15:00,510.9346666666667,682.5236,787.7,721.2796530391336,738.465062585032
2018-02-13 15:30:00,443.5473333333333,724.3656,801.8,740.8879575398718,758.0733670857702
2018-02-13 15:45:00,564.5346666666667,775.4268,835.4,814.0585517977538,791.7397041415038
2018-02-13 16:00:00,892.7900000000001,812.4884,828.2,853.53612874684,783.3319814079728
2018-02-13 16:15:00,686.6006666666667,745.9428,845.10004,771.664698678369,803.7378645719236
2018-02-13 16:30:00,629.4573333333334,695.314,799.7,704.0942541599434,741.079270029084
2018-02-13 16:45:00,761.9586666666667,613.2096,796.2,634.3595355770778,737.018745782156
2018-02-13 17:00:00,448.0366666666667,591.6928,712.10004,640.7538444126976,661.8616324986351
2018-02-13 17:15:00,310.5013333333334,583.278,671.8,592.1452758255546,570.1711547318046
2018-02-13 17:30:00,429.18733333333336,529.738,632.4,565.572583300847,544.0085269043626
2018-02-13 17:45:00,507.66133333333335,476.912,575.2,493.86875956395306,480.2600254330937
2018-02-13 18:00:00,422.11066666666665,438.3788,529.3,420.6085543743503,435.21432830013157
2018-02-13 18:15:00,419.8566666666667,400.5564,515.8,412.8899608155873,421.5646434327748
2018-02-13 18:30:00,509.1333333333333,347.1932,502.2,332.7994925067294,434.46801057313564
2018-02-13 18:45:00,590.4826666666667,292.2144,499.7,254.648269416915,395.3444364091025
2018-02-13 19:00:00,648.0313333333332,271.7872,469.0,251.27377309707992,414.34558095840805
2018-02-13 19:15:00,533.8973333333333,221.54,458.7,204.55878790171607,391.9215808704661
2018-02-13 19:30:00,248.22266666666667,198.306,430.0,212.86910488712715,347.0666756879084
2018-02-13 19:45:00,167.4226666666667,202.528,407.30002,228.56774669837148,347.1304908389965
2018-02-13 20:00:00,139.31333333333333,97.994,409.9,103.91949334093101,361.4609667296029
2018-02-13 20:15:00,145.238,46.1736,361.30002,103.33550330534774,392.36634131804306
2018-02-13 20:30:00,154.186,41.0856,243.7,52.32311955869494,197.48815862119494
2018-02-13 20:45:00,143.43333333333334,37.6928,170.7,32.24929863520532,114.07882744379907
2018-02-13 21:00:00,144.0353333333333,34.1072,121.4,64.13748500435577,75.18066737740264
2018-02-13 21:15:00,129.122,29.7812,26.9,82.85765515942364,-24.236934073974794
2018-02-13 21:30:00,101.974,23.854,0.0,63.65935864821611,-47.94903978928389
2018-02-13 21:45:00,68.882,17.9656,0.0,64.5052554376646,-34.06086089534321
2018-02-13 22:00:00,51.623333333333335,12.336,0.0,25.644649581709572,-58.00027839680605
2018-02-14 11:00:00,97.95833333333331,64.31,145.6,65.10667447457217,106.66349439034366
2018-02-14 11:15:00,136.61933333333334,89.408,200.2,121.80053758428144,165.75938081548261
2018-02-14 11:30:00,112.222,130.9668,237.2,166.60670852761405,192.48841476540701
2018-02-14 11:45:00,115.52866666666668,184.5416,265.6,226.38533828110127,206.6613697752419
2018-02-14 12:00:00,132.824,233.844,313.0,265.9300464290854,267.1478656429526
2018-02-14 12:15:00,158.1726666666667,273.0728,365.1,310.602029962856,315.4329625800435
2018-02-14 12:30:00,184.568,315.1312,416.2,355.41037862675444,354.59742086308256
2018-02-14 12:45:00,176.05666666666667,334.6972,435.7,391.4743466587736,387.503994485922
2018-02-14 13:00:00,181.07933333333327,323.548,465.6,359.7455949500617,424.8428849891242
2018-02-14 13:15:00,288.38199999999995,328.6724,491.9,333.4418801843359,402.0364541589453
2018-02-14 13:30:00,421.55266666666665,381.9828,501.5,395.9741469799394,455.63595117915816
2018-02-14 13:45:00,647.1333333333333,515.2628,517.5,557.9840614750768,465.79297565964714
2018-02-14 14:00:00,774.912,686.1712,615.5,722.0488382382451,573.5948434872686
2018-02-14 14:15:00,904.6006666666668,770.9752,748.10004,778.9446471351248,690.7433074134451
2018-02-14 14:30:00,1029.25,826.4656,886.8,821.9541454934079,852.9379635476071
2018-02-14 14:45:00,830.662,865.5944,949.4,854.7549107023517,922.0073330351154
2018-02-14 15:00:00,1023.4436666666666,878.5888,954.60004,879.5713933802048,921.1282132959763
2018-02-14 15:15:00,1141.3353333333332,881.2772,935.7,901.3250009673353,875.9441034453627
2018-02-14 15:30:00,1209.74,907.7932,901.10004,920.9534155915132,841.8244177887789
2018-02-14 15:45:00,999.196,973.7956,927.9,964.9410749508368,871.6360364986883
2018-02-14 16:00:00,390.31233333333336,999.0372,966.9,1005.1832570949348,908.3792638698371
2018-02-14 16:15:00,485.0106666666667,965.26,1003.10004,957.9050202482451,961.4862351530303
2018-02-14 16:30:00,571.0166666666667,930.9792,984.5,952.4982376382832,920.6497574136738
2018-02-14 16:45:00,840.4773333333334,863.4868,946.5,921.1228392403555,896.5318663399648
2018-02-14 17:00:00,962.581,794.1128,911.7,853.1242576711691,851.3977104299581
2018-02-14 17:15:00,1081.5253333333335,752.5172,896.10004,805.0864235734864,837.832425770752
2018-02-14 17:30:00,820.2666666666667,772.0888,855.9,813.4009587465749,809.8927647768484
2018-02-14 17:45:00,341.42600000000004,716.8556,820.60004,764.0796474689786,781.496746468002
2018-02-14 18:00:00,655.4256666666666,660.178,771.9,676.0023261950631,802.8637611315866
2018-02-14 18:15:00,576.992,563.1144,752.0,576.1807496146934,709.5791871146934
2018-02-14 18:30:00,561.3580000000001,466.458,674.60004,474.86066805196856,626.021419394742
2018-02-14 18:45:00,546.3753333333333,375.152,596.7,401.81048703695694,537.9432995369569
2018-02-14 19:00:00,434.0493333333333,328.336,520.8,363.80249137476267,441.78976554468454
2018-02-14 19:15:00,312.7366666666667,243.194,541.4,260.83886272812947,496.40397198105916
2018-02-14 19:30:00,304.06533333333334,124.0224,474.0,88.47954137220245,420.63151891126495
2018-02-14 19:45:00,261.884,52.6492,377.0,22.44760774753661,316.6739261069116
2018-02-14 20:00:00,199.412,46.886,311.2,-25.915729708182084,236.83658962775542
2018-02-14 20:15:00,149.73666666666668,43.9664,286.1,101.23662581375424,232.08989729812924
2018-02-14 20:30:00,118.728,40.7728,234.7,50.18762352725713,174.93689110538213
2018-02-14 20:45:00,103.12933333333334,37.3676,181.90001,30.08213302685914,134.58845016553101
2018-02-14 21:00:00,92.93133333333334,33.85,98.1,61.94662966337256,46.98654665556006
2018-02-14 21:15:00,83.664,29.6196,29.6,80.65565000844163,-30.637303482769312
2018-02-14 21:30:00,90.36066666666667,23.8028,0.0,68.49283585060277,-50.14232650291285
2018-02-14 21:45:00,77.652,18.0128,0.0,62.353351599477435,-36.21276473353038
2018-02-14 22:00:00,57.55,12.4504,0.0,23.591709494125624,-64.09560740040563
2018-02-15 11:00:00,50.126666666666665,46.674,151.40001,60.55090528999577,117.95747190986881
2018-02-15 11:15:00,86.778,69.0932,182.6,103.42586716724497,144.11796769214732
2018-02-15 11:30:00,108.95733333333334,86.7672,226.7,123.79671815865703,161.51478151314922
2018-02-15 11:45:00,90.75866666666668,138.9836,247.5,160.63562903548655,188.1497281565803
2018-02-15 12:00:00,125.194,221.7272,277.5,264.4216151617965,219.4327388190231
2018-02-15 12:15:00,241.28866666666667,280.9816,362.4,330.6868779293239,313.2448613277614
2018-02-15 12:30:00,339.83866666666665,314.9152,438.0,353.25523281813594,392.75584316969844
2018-02-15 12:45:00,408.4126666666667,366.552,450.9,411.499840283126,395.10239460441505
2018-02-15 13:00:00,402.288,424.132,476.5,467.66119079516864,440.7745788566921
2018-02-15 13:15:00,566.0126666666667,478.4168,534.3,521.3639784348071,494.47736649633055
2018-02-15 13:30:00,460.1293333333333,557.9324,611.4,616.759141558296,555.8708816706007
2018-02-15 13:45:00,342.3813333333334,599.6548,651.8,654.3389745428647,623.3195653631772
2018-02-15 14:00:00,647.9793333333333,627.99,726.3,662.0915915127208,663.6621176357677
2018-02-15 14:15:00,603.606,683.9616,760.3,739.5170131405063,714.0721431453891
2018-02-15 14:30:00,708.992,755.9644,785.3,797.7864963859153,725.7454655021262
2018-02-15 14:45:00,689.3753333333334,841.8908,874.9,848.5002283471052,808.9141535180037
2018-02-15 15:00:00,834.4986666666666,946.6492,921.9,939.13459401235,856.3354835997524
2018-02-15 15:15:00,787.8366666666666,882.6816,967.3,899.5276016707587,943.4119858260322
2018-02-15 15:30:00,814.4393333333334,848.9224,1005.2,880.75654454515,963.1304573564292
2018-02-15 15:45:00,1015.7513333333334,797.2944,973.0,839.7706656181556,912.1463370048743
2018-02-15 16:00:00,683.0843333333333,711.0996,939.5,748.2332057370852,880.1613520993899
2018-02-15 16:15:00,749.26,672.3368,848.4,681.3349030786339,804.0749238305871
2018-02-15 16:30:00,799.542,685.8712,777.10004,700.6358485348508,718.4964137203976
2018-02-15 16:45:00,799.2816666666666,791.2112,744.60004,823.0577338341204,672.1936896446673
2018-02-15 17:00:00,741.7226666666667,942.724,1031.2001,943.9619649169567,994.326054882777
2018-02-15 17:15:00,522.9386666666667,702.2888,1019.5,715.2514013884697,980.7465490935479
2018-02-15 17:30:00,738.9486666666667,686.8384,1003.2,724.2016049354797,962.5055905311829
2018-02-15 17:45:00,1101.9826666666668,745.4184,840.2,788.7848023843952,775.2032441568562
2018-02-15 18:00:00,1075.954,786.8432,858.5,817.5289841547936,801.8047409907311
2018-02-15 18:15:00,1114.469,662.7044,870.7,700.7832694671284,805.3772788665425
2018-02-15 18:30:00,689.8946666666667,570.578,763.4,606.916012625512,705.070797781762
2018-02-15 18:45:00,728.3473333333334,602.194,663.2,627.4110415027363,694.1654818103535
2018-02-15 19:00:00,258.911,615.3224,631.2,684.3238830801957,589.0760498282426
2018-02-15 19:15:00,555.3613333333334,546.4992,698.0,587.1816548713005,636.951064050988
2018-02-15 19:30:00,645.6353333333334,430.4512,729.5,473.14619957436184,685.8311914109097
2018-02-15 19:45:00,622.622,387.2636,619.5,435.1654891702907,580.6446227762477
2018-02-15 20:00:00,386.186,322.5396,591.3,364.8120847648438,558.0694967216309
2018-02-15 20:15:00,640.6846666666667,213.216,567.2,241.52902070678215,514.0383800665234
2018-02-15 20:30:00,474.628,115.8792,464.2,131.40264899480673,427.520458290461
2018-02-15 20:45:00,188.2493333333333,38.9996,377.9,54.09754732465461,332.48874452924446
2018-02-15 21:00:00,295.60133333333334,32.6252,316.5,59.6651343922357,270.8687705616693
2018-02-15 21:15:00,193.942,28.5364,201.40001,78.3662986946203,145.17432786942499
2018-02-15 21:30:00,127.46,22.9472,220.3,66.21678749144729,181.9795247656172
2018-02-15 21:45:00,107.62133333333333,17.3788,102.200005,60.12523681731932,40.401268311459944
2018-02-15 22:00:00,62.57933333333334,12.0168,14.3,21.47254765721088,-42.842561595718806
2018-02-16 11:00:00,91.84933333333332,88.592,164.40001,65.4978834681747,118.10437264969326
2018-02-16 11:15:00,205.02066666666667,133.5192,209.0,123.53345312275883,174.7998372475147
2018-02-16 11:30:00,176.49733333333333,185.2208,264.7,184.45502725043576,222.27368798651975
2018-02-16 11:45:00,201.866,189.7628,298.6,223.91146664394302,264.60356716884536
2018-02-16 12:00:00,303.988,210.1436,341.0,258.2946056312522,279.8068126625022
2018-02-16 12:15:00,349.6956666666667,251.3976,408.5,291.1654505527782,340.9348597324657
2018-02-16 12:30:00,395.6933333333333,283.1784,449.1,328.49865146442926,385.04853244587457
2018-02-16 12:45:00,492.628,346.014,470.30002,386.77590249428806,408.56920693764744
2018-02-16 13:00:00,673.4063333333332,443.9436,492.1,480.6467503227942,438.21184431693484
2018-02-16 13:15:00,713.5926666666667,489.5376,587.60004,516.5306335990845,532.276132256311
2018-02-16 13:30:00,759.2126666666667,522.0032,642.8,568.3024690577499,587.918451113414
2018-02-16 13:45:00,800.316,583.3872,709.2,615.7003433043495,652.0274459654823
2018-02-16 14:00:00,846.7226666666667,658.3516,794.60004,686.9507922472394,758.8599490465558
2018-02-16 14:15:00,921.456,720.924,817.2,758.9646458940201,753.0904698686295
2018-02-16 14:30:00,982.9863333333334,761.6564,874.3,795.889506856059,836.5816073809614
2018-02-16 14:45:00,985.066,724.8472,913.2,771.1443744230015,892.2545085477574
2018-02-16 15:00:00,996.0093333333332,764.594,855.5,799.308985850912,810.5210982776698
2018-02-16 15:15:00,1012.5813333333332,854.2408,888.0,881.5262332978026,837.8872104706542
2018-02-16 15:30:00,1035.37,897.792,984.2,917.3416267971496,957.7014404873352
2018-02-16 15:45:00,862.2053333333333,966.7588,1015.60004,944.1273824641604,976.3167097041506
2018-02-16 16:00:00,1075.073666666667,1002.496,1049.9,1006.4385971962904,1019.4905552803968
2018-02-16 16:15:00,1077.1666666666667,991.7672,1056.9,975.731153472622,1025.017520889004
2018-02-16 16:30:00,988.6713333333332,956.9288,1059.2001,955.0500967689716,1025.7440607734882
2018-02-16 16:45:00,977.9053333333334,951.8812,1056.9,950.9724221278184,1021.666386132335
2018-02-16 17:00:00,1094.782,979.3692,1050.0,963.5194046263564,1012.8057720427382
2018-02-16 17:15:00,1081.3926666666666,1000.25,1038.2001,986.156577884557,999.2085359686635
2018-02-16 17:30:00,1060.8226666666667,932.7064,1022.0,911.1880135747624,980.9459881993962
2018-02-16 17:45:00,1027.1566666666668,936.0472,1001.4,950.0674594391974,958.1143611420782
2018-02-16 18:00:00,1011.2866666666666,685.5584,980.10004,733.0532454880804,922.6897601517767
2018-02-16 18:15:00,989.0973333333332,390.2816,950.8,400.3095753543648,898.0517990939888
2018-02-16 18:30:00,975.184,235.2472,591.8,178.4950456495883,516.8331498976352
2018-02-16 18:45:00,783.0566666666667,359.4656,369.0,403.0872609908648,254.1240957076617
2018-02-16 19:00:00,789.1106666666667,527.5104,638.7,567.8409798404808,600.161582257473
2018-02-16 19:15:00,749.2553333333333,652.458,628.3,658.5839568068658,568.6568175246392
2018-02-16 19:30:00,786.1086666666667,686.1044,746.7,670.6102714748886,683.008161565831
2018-02-16 19:45:00,732.368,585.7524,695.7,560.978441583347,645.1189316384313
2018-02-16 20:00:00,669.2093333333333,578.9052,642.2,560.3877436004901,589.6283942543292
2018-02-16 20:15:00,604.528,429.728,586.0,440.7216562579388,531.938318188023
2018-02-16 20:30:00,545.6963333333333,316.6136,527.60004,363.10120181367034,479.6015375070297
2018-02-16 20:45:00,342.56800000000004,130.1508,467.5,157.08048580038468,418.7789568697206
2018-02-16 21:00:00,440.96133333333336,36.634,409.1,49.785236455063625,361.76513204679947
2018-02-16 21:15:00,386.1086666666667,29.0144,280.4,75.99063208047545,240.89681723062193
2018-02-16 21:30:00,327.7866666666667,23.2904,97.5,63.85919688252534,47.4617512038144
2018-02-16 21:45:00,255.61466666666664,17.5744,11.8,59.79838090661394,-19.439763014284495
2018-02-16 22:00:00,227.9643333333333,12.058,88.8,19.289038964447386,56.41303951376379
2018-03-13 12:00:00,63.11333333333334,70.2748,193.6,114.29696453780576,151.4573038932745
2018-03-13 12:15:00,61.370666666666665,97.2408,224.40001,128.7714318395095,162.2458733678298
2018-03-13 12:30:00,81.54866666666666,109.4592,249.7,119.79302817066451,205.27958517750045
2018-03-13 12:45:00,142.92833333333334,119.2468,277.0,113.35825307847529,216.73587759019404
2018-03-13 13:00:00,135.59466666666663,148.0476,291.5,167.43277277718607,217.22598566781107
2018-03-13 13:15:00,130.58533333333332,186.0552,309.80002,235.79509684395748,239.4814066584106
2018-03-13 13:30:00,196.32466666666667,214.036,337.1,237.39728926292491,229.06772993675304
2018-03-13 13:45:00,306.3933333333333,227.1116,377.4,232.83100071265903,276.21115818336216
2018-03-13 14:00:00,349.08133333333336,267.7664,396.7,284.5792286612242,303.03244521395857
2018-03-13 14:15:00,381.8933333333333,338.0752,423.1,373.51155277155056,369.2916125860037
2018-03-13 14:30:00,336.67333333333335,392.9404,471.9,421.8604792082375,379.0843256437844
2018-03-13 14:45:00,361.0933333333333,409.24,519.3,441.489462391693,427.8803620498961
2018-03-13 15:00:00,432.63933333333335,429.22,506.30002,469.09261210181876,406.5450351975219
2018-03-13 15:15:00,548.42,481.402,556.2,539.7451306001465,461.74229246538084
2018-03-13 15:30:00,617.7493333333333,496.9292,619.8,523.0602419310655,538.4678041869249
2018-03-13 15:45:00,639.294,520.1028,644.10004,568.0370502671567,571.7233600816098
2018-03-13 16:00:00,770.6026666666666,548.8588,612.9,561.892860843703,520.0896992226093
2018-03-13 16:15:00,687.533,538.9532,652.2,553.3933601684422,621.1059761352391
2018-03-13 16:30:00,592.5413333333333,534.9176,639.2,545.7542740918943,523.7801529981443
2018-03-13 16:45:00,672.1533333333333,554.614,636.4,565.6038106451913,580.6227620612069
2018-03-13 17:00:00,468.05266666666665,622.3668,639.9,645.1671678902828,568.8677599312985
2018-03-13 17:15:00,708.4533333333333,651.7364,730.10004,668.9626582385366,686.148067784435
2018-03-13 17:30:00,1044.6333333333334,633.7432,704.2,649.3213760509766,640.6820327892578
2018-03-13 17:45:00,1028.8306666666667,557.9316,916.2,575.6421959682563,883.7479183956244
2018-03-13 18:00:00,685.14,515.6624,601.4,528.1713396804965,550.2302691238559
2018-03-13 18:15:00,469.8853333333333,521.33,553.5,514.070491743012,479.3721580027776
2018-03-13 18:30:00,654.116,491.2368,568.2,526.5431370381256,517.9037937764068
2018-03-13 18:45:00,772.9773333333334,392.4836,564.2,389.5984465656296,474.2761809406296
2018-03-13 19:00:00,393.002,298.2272,403.7,307.13430626706963,329.6918929369915
2018-03-13 19:15:00,256.981,150.1624,336.6,194.43989873422163,258.71882939828413
2018-03-13 19:30:00,291.32666666666665,50.1588,273.80002,29.390085346992464,166.4078465774612
2018-03-13 19:45:00,221.74733333333333,43.2964,206.0,55.03537328484822,112.64853246453572
2018-03-13 20:00:00,208.916,40.47,162.90001,64.82973185227291,56.50017252610104
2018-03-13 20:15:00,184.188,37.328,146.8,45.60794384051985,59.3742402272386
2018-03-13 20:30:00,134.30466666666666,33.9956,97.3,46.217230404048166,25.59372576537629
2018-03-13 20:45:00,94.894,30.6056,73.0,53.92137126937121,5.706588554527457
2018-03-13 21:00:00,96.27666666666669,26.3944,19.7,74.90131885458169,-38.295382195223
2018-03-13 21:15:00,72.626,20.7256,0.0,57.71854039179584,-50.160777845508846
2018-03-13 21:30:00,75.88666666666667,15.096,0.0,39.60796053408782,-42.922236609466864
2018-03-14 11:00:00,20.50933333333333,10.4032,77.700005,6.963603494022635,52.01370954260662
2018-03-14 11:15:00,39.769666666666666,16.2268,111.8,51.61213673908463,45.73796071369401
2018-03-14 11:30:00,67.92333333333333,29.3964,145.3,43.43269566545442,89.00863865861848
2018-03-14 11:45:00,89.786,48.9732,189.0,92.94425949853758,133.21510300439695
2018-03-14 12:00:00,83.67533333333333,75.3412,197.40001,127.21598284075225,150.244974539971
2018-03-14 12:15:00,73.14333333333335,104.8776,227.90001,126.70446916932781,191.8017592083903
2018-03-14 12:30:00,65.16833333333334,134.1956,255.2,134.73865891313534,218.01986313676815
2018-03-14 12:45:00,98.253,170.8572,300.6,236.62651108658451,270.8470463649048
2018-03-14 13:00:00,158.19633333333334,226.7624,340.0,262.297996221374,290.460105596374
2018-03-14 13:15:00,229.0783333333333,283.066,369.2,317.73493940166816,317.51200849346503
2018-03-14 13:30:00,204.99866666666668,322.7928,422.80002,334.07035378936246,383.0487778616281
2018-03-14 13:45:00,211.086,396.318,446.5,406.0437648805997,365.24728660911535
2018-03-14 14:00:00,308.88666666666666,542.5064,466.80002,571.788254942709,439.42985650520905
2018-03-14 14:15:00,447.972,720.6708,592.0,720.8847293621388,550.1302432781545
2018-03-14 14:30:00,617.8356666666666,793.254,802.9,783.1332082349996,760.4343137342672
2018-03-14 14:45:00,584.3846666666667,669.2356,860.4,710.7374381724514,826.5001754466214
2018-03-14 15:00:00,547.2043333333334,674.4396,841.7,715.642473369385,778.2041493947756
2018-03-14 15:15:00,308.8396666666667,714.6544,925.9,754.2650126030261,894.0857885887439
2018-03-14 15:30:00,946.941,725.8212,944.9,831.3904074927227,908.0494345923321
2018-03-14 15:45:00,1087.539,699.7804,959.3,741.6906475072285,921.8058513646504
2018-03-14 16:00:00,701.8733333333333,671.2296,969.2,692.491430542075,930.7954161377781
2018-03-14 16:15:00,988.617,769.6116,756.2,804.2784573278307,713.851531668651
2018-03-14 16:30:00,702.8656666666667,910.384,792.8,884.8795747326743,761.1009797619712
2018-03-14 16:45:00,675.7643333333333,736.1336,970.10004,777.8972188539974,928.8116475649349
2018-03-14 17:00:00,653.5186666666667,689.1076,961.10004,741.0597165948946,935.3996633417207
2018-03-14 17:15:00,602.2926666666666,726.388,765.60004,773.202231434163,730.2551031382645
2018-03-14 17:30:00,598.8636666666666,692.2088,815.7,732.8294476882078,762.8137158766843
2018-03-14 17:45:00,721.814,597.0232,906.8,621.1601538744493,876.3524718370958
2018-03-14 18:00:00,787.6013333333334,506.7988,885.5,522.0917060640076,851.0848186280945
2018-03-14 18:15:00,584.184,607.2784,854.0,630.7984410708939,818.1044045871292
2018-03-14 18:30:00,441.3353333333333,555.5436,568.2,604.2838230592836,513.763910339557
2018-03-14 18:45:00,479.6543333333333,436.0876,562.4,461.77741953738087,517.3298792541777
2018-03-14 19:00:00,594.2003333333333,269.4224,471.5,318.12829005797573,431.46239650328823
2018-03-14 19:15:00,450.9143333333333,150.4524,360.2,131.7594656116263,273.7181142932669
2018-03-14 19:30:00,300.8603333333333,106.5292,291.2,119.51921920831808,240.25627975519308
2018-03-14 19:45:00,252.234,44.5308,256.7,26.960774116384982,169.34877460466623
2018-03-14 20:00:00,258.91566666666665,39.1908,235.6,60.53092443270447,177.53928624911072
2018-03-14 20:15:00,293.284,35.9912,154.2,33.93815070152078,99.65281134605203
2018-03-14 20:30:00,255.4213333333333,32.6048,74.9,41.970276529114244,-9.32034236737013
2018-03-14 20:45:00,146.93366666666668,29.1624,23.4,49.73431727211869,-3.8758817024906875
2018-03-14 21:00:00,55.50866666666666,24.9456,0.0,84.2513598759893,-37.27705198924508
2018-03-14 21:15:00,62.583,19.446,0.0,66.95246768736357,-39.22738765931612
2018-03-14 21:30:00,65.32033333333334,14.03,0.0,57.38343672348944,-45.890458540182436
2018-03-15 11:00:00,8.711333333333332,11.0224,0.0,12.543815100520149,-62.47506002155016
2018-03-15 11:15:00,8.610666666666667,14.9268,9.8,49.94089147757441,-32.58930566598028
2018-03-15 11:30:00,8.862333333333334,18.58,58.9,50.89004381194695,8.374998645931328
2018-03-15 11:45:00,12.420666666666667,22.372,93.9,61.850917163726535,63.37298137271091
2018-03-15 12:00:00,17.096666666666668,25.8948,121.9,64.37971295001677,81.5651224959152
2018-03-15 12:15:00,30.828,29.2188,155.2,55.093519530449896,247.57232507244208
2018-03-15 12:30:00,56.64933333333333,32.6104,184.40001,49.81620929392653,124.03758380564528
2018-03-15 12:45:00,72.19800000000001,38.1252,171.0,79.1543358938959,65.54523555209903
2018-03-15 13:00:00,83.63733333333333,54.9992,155.8,39.608189330527466,46.219883666464966
2018-03-15 13:15:00,89.796,87.554,173.2,71.87706590741811,24.829946766793114
2018-03-15 13:30:00,88.89266666666667,117.8332,221.1,83.39799943723824,74.95897355833199
2018-03-15 13:45:00,91.368,134.9856,226.40001,104.58069131103207,93.67761513915707
2018-03-15 14:00:00,91.982,150.8084,209.5,172.732958287084,101.11455008395899
2018-03-15 14:15:00,138.10366666666667,188.2448,211.5,212.5453372391396,140.78026155554585
2018-03-15 14:30:00,215.28933333333333,251.604,235.40001,223.78750444534637,101.45614458206512
2018-03-15 14:45:00,400.324,282.8056,286.1,255.5214541007158,167.29348779212205
2018-03-15 15:00:00,613.8166666666667,284.1452,305.6,307.5703463101929,235.80527062659917
2018-03-15 15:15:00,748.202,297.502,289.2,273.03773749756874,183.5541559546
2018-03-15 15:30:00,913.5946666666666,322.8104,259.7,348.87257747193485,153.1748846008411
2018-03-15 15:45:00,1028.6643333333334,350.364,272.80002,334.0940413675804,166.83683921914292
2018-03-15 16:00:00,1004.752,383.624,276.5,348.2671535710638,175.73297388356377
2018-03-15 16:15:00,1142.900666666667,432.8928,333.80002,416.5434421766537,228.54942362196618
2018-03-15 16:30:00,1109.4566666666665,472.4804,387.80002,530.2193927204646,261.900392476324
2018-03-15 16:45:00,1125.518,475.1664,437.80002,524.6358092642819,301.44632562170375
2018-03-15 17:00:00,786.7673333333333,446.3276,451.7,458.04057525780433,291.0613882460856
2018-03-15 17:15:00,779.0726666666667,454.2836,476.2,499.12016788709434,336.3758746742037
2018-03-15 17:30:00,505.76666666666665,485.0768,442.7,507.51911640786363,294.2459840836449
2018-03-15 17:45:00,623.196,418.0492,522.3,454.9726630968753,433.4086067003909
2018-03-15 18:00:00,787.4773333333334,376.7792,479.7,426.19593049315256,412.1672744872932
2018-03-15 18:15:00,680.1669999999999,354.1172,432.5,393.1537149794292,330.6061380751323
2018-03-15 18:30:00,501.78133333333335,353.6764,431.80002,364.3960478851443,342.4219267913943
2018-03-15 18:45:00,726.0813333333333,294.1244,467.7,314.08133473467603,393.0267387874104
2018-03-15 19:00:00,533.1726666666667,194.7724,391.1,214.20766200183448,317.5232442772251
2018-03-15 19:15:00,158.36533333333333,260.906,331.0,252.17066466772746,250.13209044897746
2018-03-15 19:30:00,99.31133333333334,408.3396,394.1,441.16734755315986,350.74042189398017
2018-03-15 19:45:00,339.108,334.688,507.80002,390.0595960834936,442.5566358784155
2018-03-15 20:00:00,422.1773333333333,144.304,508.0,155.32898038565406,478.82244580923805
2018-03-15 20:15:00,190.75266666666667,40.2916,299.2,33.10779990884595,249.4219020816975
2018-03-15 20:30:00,229.13933333333333,33.052,157.2,23.184344738623224,97.34172388901385
2018-03-15 20:45:00,168.82333333333332,29.724,74.3,45.50866584673781,14.192534254940938
2018-03-15 21:00:00,102.73833333333332,25.4356,67.6,72.18894930289781,20.669326500163436
2018-03-15 21:15:00,70.34266666666667,19.7024,94.6,79.20650191546468,42.09369368792562
2018-03-15 21:30:00,89.57933333333334,14.07,22.2,48.272837243802456,-35.37209073471317
2018-03-16 11:00:00,45.38333333333333,84.5996,122.200005,72.42741549026827,85.47937357437472
2018-03-16 11:15:00,101.08266666666668,99.0596,181.2,93.43152058617935,141.27573788659438
2018-03-16 11:30:00,145.98766666666668,136.9536,209.2,129.43388429249615,167.25254502858013
2018-03-16 11:45:00,200.478,184.8112,262.80002,185.97514057865044,227.53196049442192
2018-03-16 12:00:00,253.8753333333333,241.5704,293.6,245.9211490454859,230.31667974616948
2018-03-16 12:15:00,441.05466666666666,308.9216,357.4,310.49915025948496,314.0803651642701
2018-03-16 12:30:00,539.2186666666666,399.7908,431.5,392.417700795956,410.78261092168844
2018-03-16 12:45:00,559.564,535.0508,493.30002,496.7608776253129,469.8493147056962
2018-03-16 13:00:00,592.8196666666666,593.9204,563.2,548.0419697673642,514.4589123637998
2018-03-16 13:15:00,632.6773333333333,646.3608,620.5,605.0012526553498,586.5184083026277
2018-03-16 13:30:00,677.3886666666666,695.822,670.60004,655.0384760945532,636.555631741831
2018-03-16 13:45:00,727.7093333333333,742.024,717.5,701.9136309058078,683.4307865530857
2018-03-16 14:00:00,770.8713333333333,784.7172,760.9,745.3385377841939,726.8556934314718
2018-03-16 14:15:00,812.5923333333334,823.678,800.8,785.0549289136055,766.5720845608834
2018-03-16 14:30:00,857.4673333333334,855.6092,836.7,811.9628376180416,799.4810203725582
2018-03-16 14:45:00,901.08,880.204,854.4,846.1616047036684,820.5383861672915
2018-03-16 15:00:00,978.5346666666668,888.5076,901.10004,865.8737238586596,860.4019850433519
2018-03-16 15:15:00,904.2166666666668,852.4848,896.7,832.887603308232,863.8714213624312
2018-03-16 15:30:00,752.504,863.734,918.9,851.144352458775,888.963013194859
2018-03-16 15:45:00,541.9536666666667,910.19,900.3,917.5129952356087,836.5347924157845
2018-03-16 16:00:00,743.0313333333335,960.9028,890.3,936.9519098537887,829.5095728176559
2018-03-16 16:15:00,809.9366666666666,982.7904,961.2,938.3783036179241,913.815149397343
2018-03-16 16:30:00,1018.2573333333332,982.826,971.60004,937.5342896548597,943.9073689547864
2018-03-16 16:45:00,977.656,977.3844,967.0,931.8618368128566,938.2349161127834
2018-03-16 17:00:00,1068.6776666666667,965.8536,957.9,921.3912568118269,927.7643361117537
2018-03-16 17:15:00,950.1,949.0976,944.0,906.1786587043981,912.5517380043249
2018-03-16 17:30:00,960.692,932.8672,925.60004,895.1758247477793,896.1205602748179
2018-03-16 17:45:00,963.1493333333332,909.138,902.7,870.7506736480707,871.6954091751093
2018-03-16 18:00:00,893.4493333333334,876.7384,877.3,833.0367315791426,842.8513525508223
2018-03-16 18:15:00,861.9033333333333,838.4392,846.0,802.4957873580543,809.7478720901099
2018-03-16 18:30:00,832.162,810.556,810.4,771.6259168057452,772.5706523327838
2018-03-16 18:45:00,791.8146666666667,757.646,771.10004,724.279949504372,731.5320342364276
2018-03-16 19:00:00,734.0673333333333,696.3924,728.0,681.198585454834,686.871789876831
2018-03-16 19:15:00,456.0286666666667,676.9024,681.5,637.9136554874915,638.8583910145301
2018-03-16 19:30:00,633.1733333333334,627.308,631.7,586.8463018982269,587.7910374252655
2018-03-16 19:45:00,612.9636666666667,573.6136,578.9,533.0581307589589,536.2524838625966
2018-03-16 20:00:00,444.39,517.4156,523.8,476.9212976954798,472.0590073130945
2018-03-16 20:15:00,428.906,423.8616,466.30002,404.94170794622534,413.9928172601902
2018-03-16 20:30:00,169.91133333333337,285.158,407.1,285.8519144642994,354.47701173907967
2018-03-16 20:45:00,101.31866666666666,235.6248,346.7,229.18725850417906,294.07419659927183
2018-03-16 21:00:00,93.65766666666669,210.7916,288.6,221.38607393856603,231.13152872677404
2018-03-16 21:15:00,67.27066666666666,163.9064,227.5,166.30014295761396,171.2071272868376
2018-03-16 21:30:00,64.03266666666667,117.21,162.6,108.28870152893717,121.34065961304361
2018-03-17 11:15:00,26.721,18.0916,114.3,46.63250617233393,72.5142124101269
2018-03-17 11:30:00,45.129333333333335,41.2784,157.0,81.8942192042145,96.13604812267153
2018-03-17 11:45:00,65.675,78.6856,195.1,100.03401491104012,141.05914613662605
2018-03-17 12:00:00,121.14466666666668,113.7504,233.3,132.60148713035096,182.4109964076947
2018-03-17 12:15:00,148.47,141.7092,280.30002,178.6683315122433,209.29417074564174
2018-03-17 12:30:00,188.9393333333333,180.8512,320.80002,225.404414127898,253.263544987273
2018-03-17 12:45:00,203.767,227.5044,386.4,242.85761596078487,330.4050860535583
2018-03-17 13:00:00,400.429,284.78,432.1,310.5407260569185,365.8834537180513
2018-03-17 13:15:00,313.19,336.2208,472.5,363.3248902766553,426.5287171809522
2018-03-17 13:30:00,269.0143333333333,332.42,514.4,338.99234600324496,477.9103910471903
2018-03-17 13:45:00,334.09933333333333,348.0396,521.2,345.5285652169682,477.4492195138432
2018-03-17 14:00:00,336.3396666666667,410.1196,479.4,396.98643554307034,400.7237097129922
2018-03-17 14:15:00,310.1143333333333,468.2324,508.0,478.51486111205236,445.45318508666173
2018-03-17 14:30:00,340.81533333333334,547.994,589.10004,560.2002448257239,528.884113233927
2018-03-17 14:45:00,401.172,719.81,656.4,757.3750312644604,608.9210365134838
2018-03-17 15:00:00,456.063,837.2736,741.0,829.7424143737904,702.0619791931264
2018-03-17 15:15:00,582.314,665.2788,929.2,699.8904537018145,897.6677182968463
2018-03-17 15:30:00,766.0413333333333,598.4632,947.9,621.0935388784653,918.492107985521
2018-03-17 15:45:00,772.26,524.8048,755.10004,539.3489180328049,709.1941939117112
2018-03-17 16:00:00,590.565,493.7608,655.9,514.5783273376406,628.4170724548281
2018-03-17 16:15:00,430.4643333333333,507.444,562.9,536.0417784042593,461.2036741562124
2018-03-17 16:30:00,338.15066666666667,539.7652,552.8,551.00825204008,460.2666138564863
2018-03-17 16:45:00,428.004,584.4144,610.4,609.6806312078054,503.4425940984304
2018-03-17 17:00:00,617.9359999999999,633.6008,656.10004,668.6639916488488,584.4818627425988
2018-03-17 17:15:00,805.3873333333333,659.6652,689.4,714.2212851838772,644.7295707063381
2018-03-17 17:30:00,689.629,663.2888,930.0,721.2700213820267,892.0521659285355
2018-03-17 17:45:00,577.8873333333333,628.8448,658.3,667.109205407349,600.281080407349
2018-03-17 18:00:00,1027.654,572.4068,662.10004,598.4746555258681,615.8793186118056
2018-03-17 18:15:00,838.0233333333333,499.9056,586.0,527.1627734659623,538.2059558390092
2018-03-17 18:30:00,620.6866666666666,426.4624,515.60004,441.3133830358794,463.37231247923876
2018-03-17 18:45:00,445.0203333333333,332.708,430.0,339.9852463706343,376.01292581399366
2018-03-17 19:00:00,412.17966666666666,284.0404,406.1,295.2879101961454,331.1575696199735
2018-03-17 19:15:00,412.528,218.3404,362.1,241.81664156918475,287.7192599773879
2018-03-17 19:30:00,409.536,108.9752,341.9,162.5386149071137,290.06540934070745
2018-03-17 19:45:00,386.8763333333334,44.0624,328.80002,43.02903916874766,288.10098435917735
2018-03-17 20:00:00,370.89933333333335,38.7616,176.2,64.90989837146702,122.27153167224827
2018-03-17 20:15:00,303.1443333333333,35.5616,92.200005,24.316867744426702,-19.028896415729548
2018-03-17 20:30:00,191.886,32.1896,26.2,47.80980500368497,-78.49683562131503
2018-03-17 20:45:00,138.76066666666665,28.818,0.0,55.41866129951853,-74.46436482352834
2018-03-17 21:00:00,91.804,24.6008,0.0,47.78715223616126,-54.856875473799676
2018-03-17 21:15:00,65.233,19.1648,0.0,58.874742710563964,-47.43230990174072
2018-03-17 21:30:00,29.448666666666668,13.786,0.0,40.732358561709134,-67.25935591582993
2018-03-18 11:15:00,46.47133333333333,19.9624,120.4,44.99375088531508,85.68585141021742
2018-03-18 11:30:00,68.04,41.3004,148.2,72.36897362014616,81.88606346389616
2018-03-18 11:45:00,77.748,65.4324,189.3,108.00008468474215,129.89644698942965
2018-03-18 12:00:00,75.298,100.9708,226.40001,145.81343892298213,175.7977071114587
2018-03-18 12:15:00,94.626,147.5216,262.9,209.3178709400696,211.99252303967899
2018-03-18 12:30:00,126.00466666666668,211.7404,312.2,252.4780008153724,259.9031717138099
2018-03-18 12:45:00,181.437,290.9032,366.6,347.0861399388125,318.4093821263125
2018-03-18 13:00:00,230.20533333333333,364.6288,436.7,397.3120073866952,383.298045594703
2018-03-18 13:15:00,293.972,433.5552,508.1,502.7308053881786,461.21012972899894
2018-03-18 13:30:00,367.156,489.6516,612.9,539.5655042236064,551.9930554931376
2018-03-18 13:45:00,460.9493333333333,567.8556,673.5,604.5446325974475,630.4263388352405
2018-03-18 14:00:00,476.934,600.6656,722.5,645.7933205422803,688.4614189919873
2018-03-18 14:15:00,560.5813333333333,621.626,811.9,663.821001695571,780.2778746356345
2018-03-18 14:30:00,334.39933333333335,688.5928,777.8,722.8573936672782,716.9832176418876
2018-03-18 14:45:00,742.1953333333333,776.3308,804.60004,776.5894147075526,745.0683346904627
2018-03-18 15:00:00,781.3716666666667,845.8316,881.7,856.5062696808814,841.5213949555396
2018-03-18 15:15:00,667.6286666666667,842.6736,914.7,826.3482421918295,876.7123321576498
2018-03-18 15:30:00,941.8953333333334,847.3276,946.8,844.4022930356043,915.0962570401209
2018-03-18 15:45:00,841.5493333333333,851.1284,960.7,854.0289400230615,928.4610632072656
2018-03-18 16:00:00,832.822,893.4044,969.9,872.0000302860259,937.0646607944487
2018-03-18 16:15:00,980.596,946.8024,974.3,926.0027711327615,940.8609063561502
2018-03-18 16:30:00,958.3213333333332,896.6216,974.10004,874.7648535386729,939.8294840470958
2018-03-18 16:45:00,844.4173333333333,900.606,969.2,884.6895435096891,933.9759109260709
2018-03-18 17:00:00,724.8626666666667,710.132,959.7,752.0872326387421,923.3315353883759
2018-03-18 17:15:00,669.6026666666668,695.8524,821.10004,736.7092273231567,758.5025317665161
2018-03-18 17:30:00,827.6243333333333,703.4704,828.7,736.903362750703,778.1769070622264
2018-03-18 17:45:00,472.4193333333333,621.4092,783.5,662.9093539566699,742.344687208623
2018-03-18 18:00:00,559.306,496.404,731.5,507.441871818698,673.8978044358855
2018-03-18 18:15:00,347.122,438.7764,627.5,455.6490246810703,580.9019238509921
2018-03-18 18:30:00,452.888,423.776,536.60004,436.93474664892483,507.5732659360342
2018-03-18 18:45:00,212.856,502.4876,586.7,551.4967672218654,547.2164174904201
2018-03-18 19:00:00,203.5423333333333,514.092,615.4,573.8611669336979,560.5459661280338
2018-03-18 19:15:00,210.4,470.0928,678.4,513.4853107860598,621.7972099712405
2018-03-18 19:30:00,325.74733333333336,405.6588,628.7,428.15887228463987,570.6990734717737
2018-03-18 19:45:00,240.53866666666667,402.5264,571.3,432.0556911751852,519.2431206032858
2018-03-18 20:00:00,212.2146666666667,334.9792,521.3,375.942147047963,467.7354266957901
2018-03-18 20:15:00,210.15133333333333,161.8248,408.30002,213.14666342788325,378.05284857802974
2018-03-18 20:30:00,225.40133333333333,37.8048,325.4,46.87058018165072,284.39959476905307
2018-03-18 20:45:00,236.38966666666667,29.1452,198.0,54.35846066411199,151.45420956547918
2018-03-18 21:00:00,128.83333333333334,24.7768,126.4,51.00052464060721,65.85069859080252
2018-03-18 21:15:00,96.21533333333332,19.0716,81.3,47.083975988328376,30.035453039109626
2018-03-18 21:30:00,71.20233333333334,13.4488,41.9,36.95384069956516,-17.185472044575462
2018-03-19 11:15:00,71.83166666666666,14.9524,109.700005,43.36420036554034,69.24590660333331
2018-03-19 11:30:00,68.11466666666666,18.5764,130.3,39.31150756330325,73.95613036603763
2018-03-19 11:45:00,69.116,25.1744,128.1,87.04598243245357,80.00362403401607
2018-03-19 12:00:00,67.60133333333333,46.3372,146.5,72.19642320852199,116.14551988820949
2018-03-19 12:15:00,61.934666666666665,85.8676,219.0,116.30233934672708,181.39962938578958
2018-03-19 12:30:00,77.64,118.242,279.1,129.07291132891328,240.17810542071015
2018-03-19 12:45:00,94.93933333333332,132.084,311.2,145.36500445333826,268.1050252052914
2018-03-19 13:00:00,97.78,138.062,329.6,153.33047199727343,278.6664705324297
2018-03-19 13:15:00,79.644,142.8992,332.9,177.72050413707598,255.70777830699785
2018-03-19 13:30:00,93.82666666666668,172.6088,318.4,227.45956801004832,213.85046766825144
2018-03-19 13:45:00,122.043,185.2276,341.7,195.89259112803893,252.46867145030456
2018-03-19 14:00:00,143.16466666666665,212.3236,357.0,205.16590939694333,254.60456906491208
2018-03-19 14:15:00,142.78866666666667,304.152,332.1,356.56017925139145,193.81588603850082
2018-03-19 14:30:00,198.7373333333333,388.8376,417.0,400.39260298014835,334.90270429850773
2018-03-19 14:45:00,291.10033333333337,480.6544,494.30002,504.25167717918544,417.73913445457606
2018-03-19 15:00:00,374.874,546.2688,583.10004,563.0567518690231,502.9212843397262
2018-03-19 15:15:00,577.379,563.2756,657.9,598.2668311508569,603.7521521957788
2018-03-19 15:30:00,658.2466666666667,586.8596,673.2,603.5457328719066,633.6948722762035
2018-03-19 15:45:00,682.8643333333333,564.224,736.60004,579.4091416329652,698.3523941964418
2018-03-19 16:00:00,601.0893333333333,500.9224,743.4,510.4823220723647,706.8548654073256
2018-03-19 16:15:00,487.2176666666667,462.9752,628.5,516.3099579146917,544.0080475143011
2018-03-19 16:30:00,341.3333333333333,436.48,555.7,420.1857776852895,449.8947620602895
2018-03-19 16:45:00,357.534,436.0768,497.9,453.02716241093265,340.88446221562015
2018-03-19 17:00:00,277.6193333333333,455.8696,468.30002,498.50521005670964,335.760916843819
2018-03-19 17:15:00,177.59266666666664,457.7808,465.4,508.205770892744,320.2996734806346
2018-03-19 17:30:00,202.436,455.9124,473.80002,506.35625204033295,395.6970418352548
2018-03-19 17:45:00,213.92166666666665,436.474,479.5,446.6595585710995,373.0062992937558
2018-03-19 18:00:00,225.26666666666668,397.572,460.4,407.12109181593803,409.59130665968803
2018-03-19 18:15:00,233.20533333333333,358.4012,443.9,388.2587668672551,354.4041831270207
2018-03-19 18:30:00,225.24066666666667,284.13,413.30002,338.63378944539124,333.02053871296937
2018-03-19 18:45:00,224.536,221.3008,384.30002,267.6046805710537,283.8532157273037
2018-03-19 19:00:00,220.77,163.8016,356.80002,174.55601583236273,301.33958516830023
2018-03-19 19:15:00,245.105,87.0112,330.30002,50.30149894608371,255.35841422928684
2018-03-19 19:30:00,262.49,46.35,287.1,29.935615896754598,200.45841252761397
2018-03-19 19:45:00,320.51033333333334,41.966,239.40001,99.70452251914014,172.63894024374952
2018-03-19 20:00:00,284.844,39.2044,197.40001,51.972551821588524,121.59480523955727
2018-03-19 20:15:00,276.35766666666666,36.0324,132.5,34.65729843508541,59.73023544680416
2018-03-19 20:30:00,236.80133333333333,32.6932,70.3,42.4357034359071,-4.231654962530399
2018-03-19 20:45:00,188.45033333333333,29.4024,16.7,74.22838693240124,-55.90260977170033
2018-03-19 21:00:00,146.42999999999998,24.9764,0.0,80.5830865634529,-9.641782210961168
2018-03-19 21:15:00,106.78866666666666,19.14,0.0,51.99773603292368,-50.261648122349754
2018-03-19 21:30:00,90.06866666666666,13.39,0.0,33.17445001912823,-55.02688970255146
2018-03-20 11:15:00,53.31133333333333,30.696,133.0,57.90334510180131,101.86218833300248
2018-03-20 11:30:00,69.998,53.7992,164.0,98.08399408440178,97.20337885002678
2018-03-20 11:45:00,104.906,88.2464,204.8,148.72753697591003,138.18034154133971
2018-03-20 12:00:00,160.186,132.5752,247.3,159.46338134577456,192.21701293757144
2018-03-20 12:15:00,226.86533333333333,182.5392,298.4,224.19923267872883,241.86381397755696
2018-03-20 12:30:00,278.0133333333333,226.5092,354.1,245.0681744084461,300.5377026066883
2018-03-20 12:45:00,334.52899999999994,274.1528,397.80002,317.31692064582666,347.3011888343032
2018-03-20 13:00:00,315.972,329.5092,438.5,372.28295787640593,378.49177440472624
2018-03-20 13:15:00,380.55933333333337,395.6008,498.2,445.41632873075355,445.3568499709879
2018-03-20 13:30:00,390.326,472.1716,558.8,494.9530187659684,496.1871954017106
2018-03-20 13:45:00,690.7486666666666,558.068,718.3,599.109226378503,688.6621400442745
2018-03-20 14:00:00,806.038,684.5848,709.7,664.4205844933807,668.0017993981659
2018-03-20 14:15:00,838.5106666666667,769.5708,800.8,761.361437065724,770.9718534780775
2018-03-20 14:30:00,881.618,791.6516,836.60004,791.3627707500967,806.3297469158682
2018-03-20 14:45:00,917.9353333333332,789.6356,868.2,770.2926589203479,837.5450812531116
2018-03-20 15:00:00,627.918,800.2128,897.5,797.1904608653601,867.8844248698767
2018-03-20 15:15:00,569.4599999999999,827.0544,891.4,819.6219835136704,857.4406442497544
2018-03-20 15:30:00,612.296,897.178,886.10004,895.1064905186593,841.0456995030343
2018-03-20 15:45:00,821.8806666666666,911.7792,942.9,908.2631246134955,900.9852086589057
2018-03-20 16:00:00,925.3813333333331,878.6284,956.60004,859.0208952488015,926.2733175815652
2018-03-20 16:15:00,676.022,840.17,967.2,856.4784874464522,933.312633946086
2018-03-20 16:30:00,1116.9019999999998,780.148,967.2,807.8776006428167,932.0891122547552
2018-03-20 16:45:00,993.7313333333332,842.6812,962.4,849.2167065407414,926.0508530403752
2018-03-20 17:00:00,961.072,941.8604,953.0,907.9781824626547,915.2302671947103
2018-03-20 17:15:00,782.222,931.0016,938.8,892.4335282823531,899.6856130144088
2018-03-20 17:30:00,1097.243333333333,822.3728,814.3,808.8070327862943,758.641917429849
2018-03-20 17:45:00,780.4286666666667,576.364,700.8,596.1525354513392,661.2498254904017
2018-03-20 18:00:00,592.4866666666666,515.8732,868.4,552.6003230615906,825.6777251764588
2018-03-20 18:15:00,451.7533333333333,497.2468,560.0,533.70314381498,502.3870122231831
2018-03-20 18:30:00,405.1693333333333,484.0312,501.80002,496.3187905203033,450.0765725027252
2018-03-20 18:45:00,548.4326666666667,444.6012,520.8,526.6975057237586,472.2915761583289
2018-03-20 19:00:00,450.9453333333333,443.546,518.4,492.18903939100187,475.40575997205656
2018-03-20 19:15:00,425.074,359.2332,559.4,389.40756437953974,507.21887419399286
2018-03-20 19:30:00,550.164,166.3612,461.0,177.10403116351904,404.67774637348
2018-03-20 19:45:00,519.7573333333333,44.7852,338.9,95.12191210045967,293.1612492586628
2018-03-20 20:00:00,464.8153333333333,37.17,202.3,47.40985803509665,141.46027307415915
2018-03-20 20:15:00,471.064,33.9048,116.1,30.132899195171944,28.49993410728132
2018-03-20 20:30:00,294.6813333333333,30.4736,62.9,40.59439536213972,-5.254939354657154
2018-03-20 20:45:00,241.98533333333336,27.0932,21.6,69.85459430812625,-60.27640239597531
2018-03-20 21:00:00,213.908,22.756,0.0,71.824730564873,-44.859031031806694
2018-03-20 21:15:00,129.658,17.3048,0.0,47.940043326107855,-61.97015870025933
2018-03-20 21:30:00,67.13333333333334,12.0032,0.0,29.39769587527698,-58.80364384640271
2018-03-21 11:15:00,74.25033333333334,28.8384,124.8,56.28974988177839,103.64458920672956
2018-03-21 11:30:00,96.25,53.3496,157.1,96.32692893781663,92.4287508372307
2018-03-21 11:45:00,129.30666666666667,89.7636,196.8,139.69707885425044,136.29883971850825
2018-03-21 12:00:00,157.12033333333335,129.6164,248.2,160.05814392275477,193.61724121279383
2018-03-21 12:15:00,186.86066666666665,176.8984,290.2,222.092498270315,235.0532679236353
2018-03-21 12:30:00,234.756,223.2916,334.80002,249.4103854861329,289.4866336550782
2018-03-21 12:45:00,294.0573333333333,271.0964,385.5,314.9938493449625,321.71668870043123
2018-03-21 13:00:00,338.08,323.5444,431.2,369.8515356122002,376.06035214052054
2018-03-21 13:15:00,374.8073333333333,367.2056,479.4,442.2523861443001,428.4297085319954
2018-03-21 13:30:00,438.266,394.1964,529.5,445.20603743542495,477.95203963269057
2018-03-21 13:45:00,508.4046666666666,420.2964,555.4,502.29950472428163,513.8173727662738
2018-03-21 14:00:00,518.1473333333333,473.1128,555.60004,500.8166988364155,509.47725181493115
2018-03-21 14:15:00,542.874,521.2664,600.4,573.6463558844808,551.1767971686605
2018-03-21 14:30:00,529.0283333333333,546.5912,646.60004,575.2489425052936,613.1368514408405
2018-03-21 14:45:00,504.6186666666666,572.3136,668.4,597.6080914730317,612.4393140072114
2018-03-21 15:00:00,494.96,633.286,677.8,664.1179871167019,638.0023712719753
2018-03-21 15:15:00,542.12,696.4044,693.2,738.2462345462044,645.435825000306
2018-03-21 15:30:00,585.37,702.7744,744.0,758.5422982320139,711.0814675435373
2018-03-21 15:45:00,639.878,804.826,794.3,840.8338460738092,741.6639547163874
2018-03-21 16:00:00,686.4046666666667,987.7856,837.2,947.9759101973553,784.703617106535
2018-03-21 16:15:00,739.2996666666667,998.7796,886.7,966.2759091508684,827.2453381669817
2018-03-21 16:30:00,735.856,968.148,903.7,927.1946756837949,861.026662111102
2018-03-21 16:45:00,732.4693333333332,896.096,901.2,904.1173993305288,869.7054730609975
2018-03-21 17:00:00,902.4146666666668,886.012,947.2,893.2081536607585,911.0985822038493
2018-03-21 17:15:00,782.6270000000001,846.7672,940.10004,834.2183513182058,895.4704818266287
2018-03-21 17:30:00,737.696,803.9944,880.4,804.5142313341391,842.3328920702231
2018-03-21 17:45:00,746.1466666666668,770.7876,822.2,775.3139323010756,759.7094630017592
2018-03-21 18:00:00,771.6233333333333,764.3892,806.10004,750.5552915229548,768.9469007148493
2018-03-21 18:15:00,715.048,776.7328,785.2,774.7998225596766,754.9764773753504
2018-03-21 18:30:00,658.4953333333334,806.6152,771.7,769.6313135720555,730.0890915490453
2018-03-21 18:45:00,637.912,773.5356,775.2,740.4452648865572,723.5494504677645
2018-03-21 19:00:00,728.098,728.1412,731.3,695.6180859434679,678.7222715246752
2018-03-21 19:15:00,561.1206666666666,679.066,684.2,638.2231931128806,630.593450013668
2018-03-21 19:30:00,607.2860000000001,626.8428,633.8,587.098045022328,579.4683019231154
2018-03-21 19:45:00,595.622,553.196,580.5,506.2796244954658,532.8350596761298
2018-03-21 20:00:00,553.934,472.0308,524.8,447.99936196512783,476.78132912821377
2018-03-21 20:15:00,489.1926666666667,426.6672,467.0,390.1058511477678,418.88781831085373
2018-03-21 20:30:00,427.603,299.9328,407.4,293.71083731338405,359.65457434341334
2018-03-21 20:45:00,365.108,197.356,346.4,203.0369802140508,292.52784258358815
2018-03-21 21:00:00,301.1853333333333,108.1104,285.1,141.32122537659887,232.5378873066831
2018-03-21 21:15:00,239.67466666666667,80.4372,223.40001,91.56322143348348,173.50818536552083
2018-03-21 21:30:00,167.304,55.8608,162.5,32.70327378621096,101.80718041768068
2018-03-22 11:15:00,19.89333333333333,13.572,104.9,38.52260081802288,64.40430705581585
2018-03-22 11:30:00,27.087333333333333,19.9844,128.6,75.17866161781672,75.93003490883234
2018-03-22 11:45:00,33.162,37.6596,169.40001,77.86652907358268,128.10108717905143
2018-03-22 12:00:00,75.99499999999999,63.964,209.7,111.2970350757214,139.25928483158077
2018-03-22 12:15:00,108.92133333333332,89.0868,245.8,109.98145780529461,192.61127958263836
2018-03-22 12:30:00,112.138,111.7936,284.30002,122.42695693368961,233.53215102548648
2018-03-22 12:45:00,137.23399999999998,129.5432,313.4,138.39526827505705,263.6481674449789
2018-03-22 13:00:00,152.65933333333334,150.9008,335.0,147.5783788469746,271.37177484306835
2018-03-22 13:15:00,153.446,166.582,350.4,178.46347236397412,297.62524604561474
2018-03-22 13:30:00,121.694,177.5964,359.2,219.50734787714384,292.4417656017532
2018-03-22 13:45:00,148.64333333333337,189.4384,365.7,170.75043617889162,252.13855873748537
2018-03-22 14:00:00,131.43733333333333,219.2996,348.6,230.39191999766638,245.9844798121195
2018-03-22 14:15:00,159.80200000000002,264.1104,355.0,276.38142034833845,250.13129827802595
2018-03-22 14:30:00,125.05766666666666,305.8748,397.1,287.73704361236094,302.3428175381422
2018-03-22 14:45:00,121.90866666666666,332.5704,434.6,377.1421404091142,325.3374529091142
2018-03-22 15:00:00,134.93666666666667,352.0648,443.7,362.25556107004707,332.6230232282502
2018-03-22 15:15:00,124.22466666666666,354.1756,431.5,332.29338501061795,299.86027954186795
2018-03-22 15:30:00,130.96666666666667,332.1436,419.30002,300.13677891263876,257.0383292056075
2018-03-22 15:45:00,94.36266666666668,328.5512,420.4,324.3951112597192,269.9800721972192
2018-03-22 16:00:00,100.07466666666669,327.4084,413.0,345.9014167280021,278.1703376264396
2018-03-22 16:15:00,108.32766666666666,332.0484,398.30002,349.2960918164532,395.4042461133282
2018-03-22 16:30:00,89.24533333333333,340.7784,385.5,311.5244535118128,276.25852333603154
2018-03-22 16:45:00,107.964,373.8564,391.1,342.8046977943029,387.75971488414666
2018-03-22 17:00:00,129.196,401.3284,428.6,376.5199274911155,290.94943188564673
2018-03-22 17:15:00,247.3,397.0264,506.2,414.19013525742014,407.85285498398264
2018-03-22 17:30:00,251.27466666666663,402.3892,515.7,450.06086339899923,423.9205435747805
2018-03-22 17:45:00,515.1086666666666,395.8964,499.6,419.92476880538425,419.5910590885874
2018-03-22 18:00:00,543.8423333333334,401.1852,471.30002,424.1619605753626,382.3587989542689
2018-03-22 18:15:00,318.0513333333334,399.0952,524.60004,392.25159338333174,440.50220373489424
2018-03-22 18:30:00,535.3066666666667,346.0948,511.80002,358.6596850411131,455.88847532431623
2018-03-22 18:45:00,401.973,276.4256,456.30002,327.1645886434005,419.71152467855677
2018-03-22 19:00:00,373.93266666666665,217.3192,718.5,237.93296698252607,659.0402915827458
2018-03-22 19:15:00,264.883,124.6508,407.2,141.80734921291958,344.2762518008102
2018-03-22 19:30:00,237.98666666666665,45.648,371.2,25.18910104790541,333.8600452617726
2018-03-22 19:45:00,236.029,39.6292,316.30002,85.84742585123706,280.0899948209636
2018-03-22 20:00:00,246.628,36.7236,292.0,58.01458783234841,257.0872196682859
2018-03-22 20:15:00,310.47533333333337,33.4528,235.5,47.272428837014445,199.23980554599882
2018-03-22 20:30:00,266.0876666666667,30.0304,141.40001,55.296493066268795,92.16442824693286
2018-03-22 20:45:00,156.43733333333333,26.6896,82.3,75.95221127111915,32.28524960119728
2018-03-22 21:00:00,76.22266666666665,22.3516,52.5,65.24754196796542,20.349012915231043
2018-03-22 21:15:00,59.67333333333333,16.946,23.1,60.08899632221312,-34.55301722759157
2018-03-22 21:30:00,41.28666666666666,11.6796,0.0,21.86620143426036,-71.11889072882558
2018-03-23 11:15:00,167.39133333333334,108.2268,155.0,121.86926180841266,126.47462183954059
2018-03-23 11:30:00,231.9463333333333,175.0416,214.40001,174.73915093264432,184.34956734499784
2018-03-23 11:45:00,313.48733333333337,278.4108,245.8,239.9746168722591,214.35139833588215
2018-03-23 12:00:00,358.0913333333333,291.8936,345.7,294.01997538838395,307.0719334724904
2018-03-23 12:15:00,419.282,349.272,405.9,353.43899020748455,366.490948291591
2018-03-23 12:30:00,474.676,413.0124,465.30002,411.77664398089917,424.8286020650056
2018-03-23 12:45:00,529.3906666666667,476.5464,522.60004,468.49195528746174,481.5439133715682
2018-03-23 13:00:00,584.544,539.2364,577.7,521.3161430437817,536.1742782671704
2018-03-23 13:15:00,638.8066666666667,610.3844,630.10004,581.0629492289434,588.315033960999
2018-03-23 13:30:00,687.0930000000001,692.9612,679.60004,650.2526423007868,637.6072666317842
2018-03-23 13:45:00,730.1406666666667,740.2012,725.7,702.9426584697744,683.7303104854604
2018-03-23 14:00:00,765.1419999999999,782.308,768.5,745.609388320875,726.3970403365611
2018-03-23 14:15:00,784.266,820.6324,807.5,777.9962631323962,765.3508874633936
2018-03-23 14:30:00,853.4599999999999,854.9768,842.8,812.16090935902,800.3639469786108
2018-03-23 14:45:00,886.9596666666667,885.1652,874.0,843.0327514579899,831.2357890775806
2018-03-23 15:00:00,916.674,910.9268,901.8,869.5896907414892,857.79272836108
2018-03-23 15:15:00,902.1293333333334,932.1288,924.4,891.6843533880541,879.8873910076449
2018-03-23 15:30:00,959.014,948.7832,942.60004,909.1954354027522,899.6480905989421
2018-03-23 15:45:00,947.607,960.8072,956.2,922.0275796831519,904.4235913933188
2018-03-23 16:00:00,992.57,968.1416,965.2,930.1113227179594,912.5073344281263
2018-03-23 16:15:00,985.362,970.7492,969.2,934.9665316495241,915.7990895065607
2018-03-23 16:30:00,984.5706666666666,968.6196,968.7,933.4485872056904,911.943197217268
2018-03-23 16:45:00,974.171,961.764,963.4,917.983656650913,905.623718029392
2018-03-23 17:00:00,965.014,950.2196,953.5,906.8966831566356,897.9413599373363
2018-03-23 17:15:00,951.4753333333332,934.0456,938.7,891.1021310505745,885.685990494239
2018-03-23 17:30:00,933.164,913.3252,919.4,870.6858005303126,865.2696599739771
2018-03-23 17:45:00,910.6286666666668,886.2928,895.7,839.8012926223873,845.6086637619137
2018-03-23 18:00:00,884.0023333333334,851.2544,868.7,811.3010030085542,816.309954195688
2018-03-23 18:15:00,849.794,805.8996,836.3,771.4865618556163,779.9118519633433
2018-03-23 18:30:00,811.1426666666666,758.9488,799.8,733.9615837844862,740.5596005233778
2018-03-23 18:45:00,769.444,744.6652,759.60004,698.1453072388387,699.2343947251057
2018-03-23 19:00:00,728.2563333333333,661.4476,715.8,640.1507110876994,654.354778317924
2018-03-23 19:15:00,680.1039999999999,560.9652,668.5,537.0924174660971,606.1963240975668
2018-03-23 19:30:00,632.1153333333333,553.5672,618.2,542.6689942824814,555.0668843734238
2018-03-23 19:45:00,545.73,382.7352,533.0,408.9701797217882,501.9646350593126
2018-03-23 20:00:00,463.7336666666667,248.6248,404.5,295.37866753642663,343.75306481425866
2018-03-23 20:15:00,188.24466666666663,129.92,308.7,156.746286083288,259.432565380163
2018-03-23 20:30:00,267.948,71.904,195.40001,116.39654102581494,153.5568803812837
2018-03-23 20:45:00,161.75533333333334,28.8196,162.1,68.86273374874156,104.27232542354625
2018-03-23 21:00:00,132.22066666666666,22.908,67.9,60.96992469912115,29.243575822168026
2018-03-23 21:15:00,81.98033333333333,17.3904,18.0,57.99940948027165,-24.530787663283036
2018-03-23 21:30:00,46.998000000000005,11.9816,0.0,18.118532747542943,-44.856732755386744
2018-03-24 11:15:00,103.889,122.936,158.8,115.26846223393699,128.32042031804343
2018-03-24 11:30:00,190.495,166.7796,217.90001,167.63178879695386,186.04030663447827
2018-03-24 11:45:00,245.62166666666664,221.9484,278.0,227.44968309727028,245.3401116403611
2018-03-24 12:00:00,299.48,281.674,347.0,287.1687621957212,305.059190738812
2018-03-24 12:15:00,354.36066666666665,341.0872,406.5,346.466362146644,364.3567906897348
2018-03-24 12:30:00,409.25166666666667,400.1548,464.6,414.5282272633264,422.5751289662073
2018-03-24 12:45:00,460.3996666666666,452.6308,520.8,461.2813496188446,479.17177816193544
2018-03-24 13:00:00,510.2433333333333,505.8284,574.9,515.7929415321111,533.6833700752019
2018-03-24 13:15:00,559.0669999999999,538.1536,626.0,515.9469182245682,585.704892849202
2018-03-24 13:30:00,607.0949999999999,561.1892,674.3,564.1833858489414,634.877349853458
2018-03-24 13:45:00,657.7213333333333,606.3928,719.4,610.1862066230543,680.8801706275709
2018-03-24 14:00:00,714.2543333333334,616.0288,760.8,646.592302209835,723.4264487094688
2018-03-24 14:15:00,679.487,659.1384,752.7,685.4257754648661,725.7855891550516
2018-03-24 14:30:00,729.2423333333334,722.9604,745.7,726.4590919916732,682.4586342280013
2018-03-24 14:45:00,494.10333333333335,839.3776,779.10004,822.2326342433946,713.2114168972032
2018-03-24 15:00:00,728.9256666666666,878.5248,820.3,847.092952639285,755.4764060084257
2018-03-24 15:15:00,685.9106666666667,893.7844,850.60004,869.0716726037297,809.2110082360539
2018-03-24 15:30:00,902.0706666666666,867.6792,889.7,875.8307646308405,865.864894727276
2018-03-24 15:45:00,807.1196666666667,820.9172,924.4,829.6083544113621,886.1126268722996
2018-03-24 16:00:00,847.1963333333333,826.2516,953.7,837.584594408758,914.4187409083918
2018-03-24 16:15:00,926.4716666666668,869.502,957.4,847.8488837547677,917.6068583794015
2018-03-24 16:30:00,972.642,903.9908,956.5,902.9377219419328,915.9896800260392
2018-03-24 16:45:00,988.403,933.6352,951.0,902.323829774891,909.5759145069467
2018-03-24 17:00:00,1000.2413333333334,873.4836,925.9,880.509723530374,894.9586104017119
2018-03-24 17:15:00,988.0113333333334,729.7532,878.2,758.3113541092775,854.6665672745607
2018-03-24 17:30:00,966.884,546.6828,790.8,557.3886598414315,731.0569642847909
2018-03-24 17:45:00,925.8396666666667,467.806,758.60004,465.2556103817617,708.296931182543
2018-03-24 18:00:00,751.8366666666666,337.8932,598.0,386.87206568195927,540.4021254964124
2018-03-24 18:15:00,522.822,219.2072,376.0,167.11778661865094,296.1874582495103
2018-03-24 18:30:00,386.622,296.0036,287.6,328.03439604709286,152.99957549045223
2018-03-24 18:45:00,310.2,333.3656,260.1,349.6844068478755,111.64079722873487
2018-03-24 19:00:00,217.1743333333333,110.4264,488.1,75.17743081474282,456.74939126396157
2018-03-24 19:15:00,165.154,108.2824,196.0,125.10301093451642,100.92185859076642
2018-03-24 19:30:00,126.57833333333332,128.58,256.0,138.55107761275826,180.9377048100239
2018-03-24 19:45:00,90.11133333333332,44.2812,430.4,71.16716577450978,376.39089013974416
2018-03-24 20:00:00,108.995,36.8856,167.1,48.67820693819124,112.43592788545686
2018-03-24 20:15:00,119.83366666666666,88.372,113.1,124.91028902993872,40.728160123688724
2018-03-24 20:30:00,74.51233333333333,150.9396,267.9,164.2633700118118,209.83931300497585
2018-03-24 20:45:00,93.13333333333334,32.118,327.30002,64.42569854962102,264.2167084525751
2018-03-24 21:00:00,32.29666666666667,22.8956,162.2,54.30415691160809,103.11063731932293
2018-03-24 21:15:00,24.166666666666668,17.2024,24.800001,53.9377224575359,-29.071860061995352
2018-03-24 21:30:00,31.03933333333333,11.6396,18.4,16.113434003112857,-39.75167830157464
2018-03-25 11:15:00,36.263333333333335,14.912,88.8,49.89489400773181,27.860409144450557
2018-03-25 11:30:00,71.15799999999999,24.0836,139.2,67.83314544463863,75.60739166045894
2018-03-25 11:45:00,72.89399999999999,55.1764,169.3,94.81227847276722,112.47685977159534
2018-03-25 12:00:00,114.62733333333334,123.6944,211.0,134.93992718625987,161.77957257200205
2018-03-25 12:15:00,152.496,219.01,249.1,279.3338602043022,197.17674045332564
2018-03-25 12:30:00,190.26066666666665,245.4844,325.0,260.0374016585126,275.71124504230164
2018-03-25 12:45:00,214.41333333333333,302.2428,390.7,316.51200337560283,340.1488899722825
2018-03-25 13:00:00,251.6173333333333,417.4168,411.2,459.69331462312016,346.3460551016358
2018-03-25 13:15:00,276.54466666666667,419.6936,548.9,478.9238397798425,484.20243475054565
2018-03-25 13:30:00,255.758,327.5336,530.9,353.80436979037904,467.59929166537904
2018-03-25 13:45:00,288.1,284.8968,486.9,274.566797892861,420.91289774637664
2018-03-25 14:00:00,358.67,322.1676,394.7,333.24491597476947,286.0113344318007
2018-03-25 14:15:00,347.09666666666664,350.9808,426.4,366.52513433915124,324.7219727180575
2018-03-25 14:30:00,476.1186666666666,367.7392,446.4,416.5209998613411,367.4887732988411
2018-03-25 14:45:00,440.0726666666667,429.9692,453.6,437.35818591481836,399.5137645280996
2018-03-25 15:00:00,616.25,552.806,453.6,592.222748825154,372.9284678192946
2018-03-25 15:15:00,739.6666666666666,712.4428,574.3,756.2609305503233,499.0198264243468
2018-03-25 15:30:00,587.566,952.4168,614.8,912.0125125754932,552.2968143333057
2018-03-25 15:45:00,317.9306666666667,975.0244,680.2,939.4251634689542,635.3364336105558
2018-03-25 16:00:00,212.29266666666663,982.8652,666.9,947.2930682254679,617.2010729862101
2018-03-25 16:15:00,169.42133333333334,985.9212,659.0,950.3769775106985,590.3707977011281
2018-03-25 16:30:00,195.60666666666663,909.768,618.10004,898.7927753040752,543.0281039783916
2018-03-25 16:45:00,318.68,681.1572,553.2,721.9074366158263,443.42980600059195
2018-03-25 17:00:00,370.528,519.1316,637.10004,513.864219756494,575.6845017389159
2018-03-25 17:15:00,578.8439999999999,432.8568,470.6,457.97056279494007,376.9181030781432
2018-03-25 17:30:00,727.796,501.512,457.0,512.0410937853782,348.35624881467504
2018-03-25 17:45:00,316.9853333333333,471.356,465.80002,486.97794662251556,397.6499742104062
2018-03-25 18:00:00,278.12466666666666,428.2656,509.1,422.85421275139663,424.8366956615529
2018-03-25 18:15:00,415.9883333333333,493.4296,477.7,510.81768915375187,401.21035883148625
2018-03-25 18:30:00,505.93933333333337,481.252,540.7,534.0599682356979,474.7538311507369
2018-03-25 18:45:00,289.7793333333333,418.1284,531.4,431.81738208135357,496.91467212041607
2018-03-25 19:00:00,280.23466666666667,316.926,500.9,321.7169497248168,451.99191310372305
2018-03-25 19:15:00,420.982,306.18,409.9,338.7169842898352,370.79015018338987
2018-03-25 19:30:00,509.03,393.6264,358.1,422.0172490644602,319.66806693555395
2018-03-25 19:45:00,482.002,385.4584,474.80002,415.6755207893855,440.2073124763972
2018-03-25 20:00:00,312.5726666666667,375.4472,371.30002,365.8907446548801,315.7256292984348
2018-03-25 20:15:00,211.1493333333333,302.98,410.80002,304.4674611172897,378.8995843014938
2018-03-25 20:30:00,274.79533333333336,165.1868,382.4,195.76105877183198,319.3185023906064
2018-03-25 20:45:00,270.692,105.9432,329.0,136.21419697906595,274.80822402145486
2018-03-25 21:00:00,212.034,26.624,218.1,40.77152243054141,180.71201315319766
2018-03-25 21:15:00,106.13733333333332,17.9308,209.6,49.88318612760341,157.26015689557826
2018-03-25 21:30:00,135.566,12.228,0.0,13.079063972682476,-61.939811149387836
2018-03-26 11:15:00,49.21833333333333,18.8248,124.5,48.30710631883187,92.26594955003304
2018-03-26 11:30:00,70.83200000000001,40.774,145.1,87.56902930321701,83.67085120263107
2018-03-26 11:45:00,98.468,81.6484,198.5,125.09972685724614,139.34155577570317
2018-03-26 12:00:00,112.29866666666666,123.2808,242.2,149.58974697802512,186.31809475634543
2018-03-26 12:15:00,142.808,164.9184,281.1,204.39185909068692,231.3184643152963
2018-03-26 12:30:00,172.77533333333335,218.7188,318.1,267.4365667609818,253.50454466625524
2018-03-26 12:45:00,211.49866666666668,272.544,373.4,328.29953534617016,309.8538108588655
2018-03-26 13:00:00,225.638,347.2648,412.1,377.61808966009653,365.7931537470106
2018-03-26 13:15:00,270.61766666666665,477.5544,441.80002,503.579220254603,404.8887142731577
2018-03-26 13:30:00,315.3833333333333,711.5496,480.2,670.9187661483222,435.80084813379585
2018-03-26 13:45:00,311.3713333333333,766.7796,539.2,720.0188961819646,499.56678016939134
2018-03-26 14:00:00,389.8566666666667,749.5964,525.2,710.1369004959097,475.9405351394644
2018-03-26 14:15:00,463.275,697.6172,607.9,685.2805023117043,562.4378967208839
2018-03-26 14:30:00,420.93666666666667,876.608,677.10004,834.0107353015993,625.5856330677126
2018-03-26 14:45:00,577.2366666666666,914.198,734.8,871.5224420924484,684.4963228602707
2018-03-26 15:00:00,699.0966666666667,903.5396,810.4,866.540563036629,748.4595836894
2018-03-26 15:15:00,631.8866666666667,847.0228,863.10004,861.0235503168283,829.3603060693918
2018-03-26 15:30:00,749.2413333333333,909.1948,898.5,878.9846431564954,856.8997432541516
2018-03-26 15:45:00,826.83,971.9236,962.3,935.5487728067378,873.1758708902339
2018-03-26 16:00:00,880.5733333333334,986.8112,981.60004,948.0734801102454,931.9373173523719
2018-03-26 16:15:00,1066.6736666666666,961.3928,985.60004,921.2683713934919,934.9165946743985
2018-03-26 16:30:00,937.5366666666666,943.8144,984.60004,897.8403714896698,933.1001781226654
2018-03-26 16:45:00,954.2706666666668,940.4936,978.9,900.107951333473,932.6056615614393
2018-03-26 17:00:00,886.83,976.7124,922.4,933.089803656447,889.7001876438737
2018-03-26 17:15:00,1019.32,962.156,852.7,918.5865488727818,806.5463362415562
2018-03-26 17:30:00,986.8146666666668,940.7684,859.4,896.4065004349226,820.1415811539167
2018-03-26 17:45:00,927.3226666666668,914.8324,908.8,871.2766716884886,863.3390820431028
2018-03-26 18:00:00,895.5166666666667,884.4628,879.9,841.7987685948887,833.8611789495029
2018-03-26 18:15:00,862.5106666666667,849.8136,846.7,806.3303857889617,800.2010637369598
2018-03-26 18:30:00,693.5313333333332,811.0764,809.3,768.6806325396395,762.5513104876376
2018-03-26 18:45:00,716.016,768.4532,768.2,727.2612068785365,722.1462414396938
2018-03-26 19:00:00,647.87,722.1696,723.3,682.3205712743168,677.205605835474
2018-03-26 19:15:00,695.3770000000001,672.4724,674.9,634.1374437498498,629.022478311007
2018-03-26 19:30:00,640.3866666666667,619.6308,623.5,583.0235675414216,576.8942454894196
2018-03-26 19:45:00,596.038,563.9352,569.0,529.3280710481965,523.1987489961946
2018-03-26 20:00:00,545.716,505.706,512.10004,468.6785713216949,467.31507072660213
2018-03-26 20:15:00,472.22333333333336,445.3108,453.0,411.0556640165862,409.69216342149343
2018-03-26 20:30:00,409.6346666666667,383.1864,392.2,348.4304218262982,340.84631442731137
2018-03-26 20:45:00,344.9413333333333,319.868,330.2,287.2540490382454,282.13059303696366
2018-03-26 21:00:00,281.818,256.3264,267.0,215.97207758890832,218.28961203562463
2018-03-26 21:15:00,219.257,193.3872,204.7,150.63045702005903,153.21601007010022
2018-03-27 11:15:00,38.13133333333334,16.3548,115.0,46.72215700132372,94.0769963262749
2018-03-27 11:30:00,61.199333333333335,33.37,132.40001,65.53874048879871,66.09353480032215
2018-03-27 11:45:00,89.69133333333333,77.1752,187.6,135.51102536825846,124.96382993368815
2018-03-27 12:00:00,119.678,116.2736,241.0,147.95575297337194,184.28285563450476
2018-03-27 12:15:00,154.92999999999998,155.0532,283.0,238.19255112441107,226.91607712538763
2018-03-27 12:30:00,189.226,193.1272,326.1,252.42043944419464,274.46934386313995
2018-03-27 12:45:00,225.60533333333333,241.6588,362.1,271.50504355467507,306.91463522947976
2018-03-27 13:00:00,265.516,297.1124,390.0,344.78522496890855,350.56154638004136
2018-03-27 13:15:00,324.77166666666665,349.5144,433.2,406.9495029624421,384.195077913614
2018-03-27 13:30:00,362.72533333333337,377.4412,468.80002,428.745827259356,432.9907460825982
2018-03-27 13:45:00,394.1626666666667,399.5348,492.80002,413.51914821039793,449.3890822924292
2018-03-27 14:00:00,455.4433333333333,477.774,498.6,513.8774794723631,447.0493544723631
2018-03-27 14:15:00,509.796,568.7744,552.7,601.7591753562332,511.3322496970535
2018-03-27 14:30:00,544.9906666666667,687.0412,652.60004,710.466937580595,611.7764315991496
2018-03-27 14:45:00,623.7993333333333,814.6796,708.7,804.6330587644813,652.6495306272743
2018-03-27 15:00:00,658.5026666666668,680.9288,740.3,739.6134570053562,693.2085345200046
2018-03-27 15:15:00,622.3836666666666,761.8144,742.4,788.5485324916269,689.378641134205
2018-03-27 15:30:00,656.5653333333333,944.3436,755.9,904.4439994559217,707.6792442068983
2018-03-27 15:45:00,639.2706666666667,963.5824,771.3,931.6301317627859,718.81056694345
2018-03-27 16:00:00,661.388,907.5164,776.7,887.6058012173842,727.7114397214125
2018-03-27 16:15:00,703.4653333333333,765.0912,775.8,810.367851087544,730.5858076305127
2018-03-27 16:30:00,663.1766666666666,770.8956,780.4,810.4277160120716,727.4181334925404
2018-03-27 16:45:00,733.8086666666666,736.3708,788.60004,780.2690201223728,731.6904068411228
2018-03-27 17:00:00,656.1066666666667,684.692,754.8,734.6962775276436,728.5333746956123
2018-03-27 17:15:00,608.098,643.8588,677.10004,692.4105077947294,627.71534788262
2018-03-27 17:30:00,514.1093333333333,644.202,594.5,673.073635037119,543.5721244170018
2018-03-27 17:45:00,552.6353333333334,584.3672,627.8,622.807904959619,581.8045327672362
2018-03-27 18:00:00,448.644,510.818,622.3,535.0844373423247,573.4672498423247
2018-03-27 18:15:00,440.26933333333335,458.1548,534.10004,481.6942590763689,495.96046391035327
2018-03-27 18:30:00,436.3686666666666,411.7708,490.1,412.4813911542716,432.37329789255284
2018-03-27 18:45:00,312.99666666666667,388.1904,468.2,422.2431057316862,413.6037624699675
2018-03-27 19:00:00,257.98400000000004,379.0512,428.1,423.2360286654854,368.64781760591507
2018-03-27 19:15:00,187.6423333333333,284.1068,464.2,309.418845590066,411.73119300217536
2018-03-27 19:30:00,144.92666666666668,151.6908,381.1,145.56605913576198,343.096088432637
2018-03-27 19:45:00,148.38466666666667,44.4388,316.1,74.45140931735597,257.80472657809815
2018-03-27 20:00:00,147.546,37.1512,205.0,36.0588611107442,159.85225710683795
2018-03-27 20:15:00,147.26999999999998,33.8616,172.7,42.63386975774665,128.1204267645826
2018-03-27 20:30:00,92.82466666666669,30.6284,107.4,52.188637844724894,43.549294583006144
2018-03-27 20:45:00,57.714666666666666,27.6524,63.0,68.09470275328852,24.963217767936953
2018-03-27 21:00:00,41.89933333333333,23.0956,144.3,78.1177991291062,77.78791936836402
2018-03-27 21:15:00,29.44833333333333,17.1832,77.8,41.808501719901756,20.108535289237693
2018-03-28 11:15:00,118.82200000000002,127.49,112.200005,107.11532374374417,85.4991261576846
2018-03-28 11:30:00,266.03066666666666,177.8184,165.3,165.98276144377925,126.73236471526363
2018-03-28 11:45:00,317.25333333333333,225.5096,243.40001,224.70263861744414,204.87929343311797
2018-03-28 12:00:00,348.86733333333336,280.8076,293.6,283.88131732788423,269.0769769653354
2018-03-28 12:15:00,417.1446666666667,346.2752,354.1,342.65835228687104,322.83500710254486
2018-03-28 12:30:00,456.021,401.6244,432.0,400.3654771646058,393.08756121001596
2018-03-28 12:45:00,504.7573333333333,486.7668,488.80002,462.25448607021366,449.17669676357303
2018-03-28 13:00:00,498.3773333333333,579.3172,543.3,542.7237920519142,503.18157002890393
2018-03-28 13:15:00,621.5229999999999,632.908,595.4,594.2381506268349,554.6959286038247
2018-03-28 13:30:00,667.7326666666667,681.6616,644.60004,642.9028186326913,603.360596609681
2018-03-28 13:45:00,713.6740000000001,727.0972,690.60004,688.3977519278229,648.8555299048127
2018-03-28 14:00:00,756.2893333333334,765.0664,733.10004,723.0216697283885,690.894833309283
2018-03-28 14:15:00,798.0740000000001,797.2368,771.9,753.7684368996311,746.11193036124
2018-03-28 14:30:00,841.3293333333334,840.7144,806.7,803.1581105940464,780.5042209379795
2018-03-28 14:45:00,863.3203333333333,871.122,837.4,833.4156924080849,810.761802752018
2018-03-28 15:00:00,885.9853333333334,896.846,865.0,859.3672404434972,836.7133507874303
2018-03-28 15:15:00,911.546,918.214,887.10004,880.8678619105933,858.2139722545264
2018-03-28 15:30:00,931.4953333333334,935.0412,904.9,897.7988210206764,875.1449313646095
2018-03-28 15:45:00,943.0053333333332,947.2436,918.0,910.0673907809828,887.4135011249159
2018-03-28 16:00:00,952.1646666666668,954.76,926.5,917.6067808747059,894.952891218639
2018-03-28 16:15:00,954.4773333333334,957.5536,930.2,920.3761075231017,884.0122740956725
2018-03-28 16:30:00,954.5586666666666,955.6104,929.4,918.3603835104016,899.1480355260876
2018-03-28 16:45:00,950.0553333333334,948.9416,923.8,911.5705160771653,892.3581680928513
2018-03-28 17:00:00,942.1586666666666,937.5808,913.5,900.0433083722573,880.8309603879434
2018-03-28 17:15:00,927.0746666666668,921.5864,898.60004,883.8414675895732,864.6291196052592
2018-03-28 17:30:00,907.8266666666666,901.0392,879.2,863.0536307503024,843.8412827659885
2018-03-28 17:45:00,888.3873333333333,876.0432,855.2,837.7944283020328,818.5820803177188
2018-03-28 18:00:00,862.7453333333334,846.4224,830.5,808.2046174558228,788.9922694715088
2018-03-28 18:15:00,836.3240000000001,812.3408,798.10004,774.4513331428926,755.2389851585787
2018-03-28 18:30:00,769.6443333333334,759.7652,761.7,712.4906265525132,717.516179302147
2018-03-28 18:45:00,756.678,692.1688,721.4,668.7932683690542,678.294970677709
2018-03-28 19:00:00,705.0120000000001,637.4936,677.4,616.2186043276132,625.269713641578
2018-03-28 19:15:00,708.3056666666668,559.7252,630.0,565.000748835327,577.084151468994
2018-03-28 19:30:00,684.2379999999999,583.384,575.10004,543.6000188657889,531.8030564853797
2018-03-28 19:45:00,409.7973333333333,532.298,526.3,489.96191611784786,470.0199799825558
2018-03-28 20:00:00,243.5366666666667,475.5008,470.5,434.1719684147542,414.23003227946214
2018-03-28 20:15:00,249.46733333333336,416.6916,412.7,376.6858363092535,356.74390017396144
2018-03-28 20:30:00,401.034,328.2484,353.6,298.98767359056507,300.4327324131969
2018-03-28 20:45:00,375.8133333333333,163.3296,293.4,170.23923005401662,241.26635064422658
2018-03-28 21:00:00,283.62933333333336,26.8776,237.7,76.91665279844437,180.06786167600785
2018-03-28 21:15:00,221.324,16.3064,136.1,59.31062299042185,97.91392117767771
2018-03-29 11:15:00,98.37866666666667,108.0812,137.3,107.34005030191437,100.06213434732453
2018-03-29 11:30:00,121.942,91.7576,186.6,100.44492841044288,144.40377164164406
2018-03-29 11:45:00,127.30333333333331,112.5008,220.7,142.85052823438525,183.5426287592876
2018-03-29 12:00:00,171.06733333333335,178.0092,256.6,223.4013243638194,196.01129445659285
2018-03-29 12:15:00,170.3886666666667,264.2968,294.4,276.68433683343096,229.99705045647784
2018-03-29 12:30:00,216.884,316.9156,345.30002,334.2556251992831,290.23069233795496
2018-03-29 12:45:00,340.764,375.9552,391.1,390.210175084248,336.0708623401074
2018-03-29 13:00:00,418.292,451.432,436.2,450.22120019809984,379.76590845005296
2018-03-29 13:15:00,604.7520000000001,483.514,525.4,495.4616231598999,463.6131429352905
2018-03-29 13:30:00,698.2946666666667,431.0344,628.2,472.18890927718655,587.9516465513565
2018-03-29 13:45:00,608.0666666666667,454.3584,540.0,494.9445206990499,491.43632672932335
2018-03-29 14:00:00,451.1786666666667,571.3832,546.0,623.5284463818545,514.5592081006045
2018-03-29 14:15:00,837.328,527.2308,582.10004,575.0489666746374,521.1338513181921
2018-03-29 14:30:00,722.2313333333333,504.74,645.10004,521.9219283902556,605.0311355435759
2018-03-29 14:45:00,618.8333333333334,463.2116,645.3,498.8843172325328,585.5261476768687
2018-03-29 15:00:00,562.15,508.41,472.9,512.7002416360284,382.9673314797784
2018-03-29 15:15:00,786.1926666666666,667.3228,487.1,709.2519991129229,432.8668367594073
2018-03-29 15:30:00,952.8573333333334,864.6936,519.8,861.650199268249,427.75857481756543
2018-03-29 15:45:00,1000.392,946.4308,557.3,906.0682901346175,452.4435790979354
2018-03-29 16:00:00,784.412,956.4376,760.0,916.2974091749201,718.7604981641779
2018-03-29 16:15:00,455.3446666666667,958.89,758.4,918.9617073416819,721.4247963309397
2018-03-29 16:30:00,284.01800000000003,905.7932,580.0,889.1611960141327,501.7292273251678
2018-03-29 16:45:00,190.33266666666665,792.8208,547.0,811.1173179579636,453.5391014052292
2018-03-29 17:00:00,220.96266666666668,765.9616,475.2,799.5038505165637,378.88779216695434
2018-03-29 17:15:00,301.302,596.0388,443.7,619.8886728940067,331.48132426119423
2018-03-29 17:30:00,225.93633333333327,441.8132,470.5,452.01967661446645,418.7354358918102
2018-03-29 17:45:00,145.90466666666669,258.2088,371.80002,214.45161260717498,230.32923711889373
2018-03-29 18:00:00,127.42466666666668,166.7836,281.30002,126.60092084165296,140.24087445493421
2018-03-29 18:15:00,151.71733333333336,145.7944,193.0,208.11400565541908,61.31444510854408
2018-03-29 18:30:00,167.36,110.1988,148.90001,136.41902431886353,23.558428615738535
2018-03-29 18:45:00,160.5786666666667,53.818,149.8,13.555137778136213,27.195091391417463
2018-03-29 19:00:00,215.6853333333333,47.7788,139.90001,13.595119948416482,-17.78348112580227
2018-03-29 19:15:00,411.876,45.0996,129.0,-27.541429182361412,-5.520677229236412
2018-03-29 19:30:00,726.2099999999999,42.3224,101.8,49.163885334675456,-42.47420670634017
2018-03-29 19:45:00,632.9776666666668,39.9192,101.6,64.8394419969161,12.723566752775469
2018-03-29 20:00:00,388.746,37.6132,85.6,26.54813596685301,-16.79762819330324
2018-03-29 20:15:00,232.8933333333333,33.946,73.1,52.0974723105719,-13.638642191381223
2018-03-29 20:30:00,152.846,29.7836,135.3,43.022123485024565,76.49656501334488
2018-03-29 20:45:00,212.91266666666667,26.3732,204.90001,71.38288591726317,143.75855730398192
2018-03-29 21:00:00,151.41,21.9844,177.5,79.80707624683077,144.24415663013156
2018-03-29 21:15:00,72.25533333333333,16.1764,156.1,49.96131708898312,124.99909117498166
2018-03-30 11:15:00,158.86166666666668,167.8696,160.1,132.1716824452072,118.81126621166763
2018-03-30 11:30:00,212.81466666666665,218.5464,219.7,170.49480028539529,175.52035303502907
2018-03-30 11:45:00,274.706,250.3696,280.30002,226.67670563534304,228.12176445797488
2018-03-30 12:00:00,333.27000000000004,318.6184,338.5,285.5645911777563,289.7097365940161
2018-03-30 12:15:00,391.4616666666667,404.5188,398.0,363.1105502397699,345.50656194993684
2018-03-30 12:30:00,444.6226666666667,470.5948,455.9,430.7582770464487,402.9389926073618
2018-03-30 12:45:00,501.1133333333333,527.5092,512.10004,493.6613627039934,458.7560873591448
2018-03-30 13:00:00,553.7663333333334,581.7016,565.9,547.3954658331644,512.4901904883158
2018-03-30 13:15:00,603.832,633.1428,617.2,598.6397803676228,563.7345050227742
2018-03-30 13:30:00,652.4599999999999,681.5332,665.60004,647.035116668756,612.1298413239074
2018-03-30 13:45:00,702.4573333333334,726.6016,710.8,692.2617668998448,657.3564915549962
2018-03-30 14:00:00,746.634,768.1016,752.8,734.0344104510508,696.7911872607432
2018-03-30 14:15:00,784.1446666666667,805.8124,790.9,765.0128881204955,734.8556558359496
2018-03-30 14:30:00,817.7819999999999,839.5348,825.2,799.1441041706274,768.9868718860815
2018-03-30 14:45:00,849.4006666666667,869.0936,855.5,829.1447742645294,798.9875419799835
2018-03-30 15:00:00,885.4566666666667,894.2724,882.3,854.8445736021674,824.6873413176215
2018-03-30 15:15:00,846.8606666666667,914.9396,904.0,876.0996506247362,845.9424183401903
2018-03-30 15:30:00,919.2993333333332,931.0528,921.10004,892.7923383188609,862.635106034315
2018-03-30 15:45:00,931.7813333333332,942.532,933.7,896.5960275150419,878.0783789969564
2018-03-30 16:00:00,939.2046666666666,949.3196,941.8,909.3500185492649,888.9364948752536
2018-03-30 16:15:00,945.1346666666668,951.3816,945.10004,911.9094444196978,891.4959207456866
2018-03-30 16:30:00,939.892,948.708,943.7,909.6954780214796,894.5473456972609
2018-03-30 16:45:00,936.7236666666666,941.3124,937.7,902.7201293407278,887.571997016509
2018-03-30 17:00:00,928.5206666666668,929.2328,927.10004,891.0213059697861,875.8731736455674
2018-03-30 17:15:00,915.254,912.5304,912.4,874.6628252129942,856.6236826043516
2018-03-30 17:30:00,896.819,891.2896,893.3,853.7344472491785,833.8680312717005
2018-03-30 17:45:00,876.4073333333333,865.618,869.8,828.3519505566371,808.4855345791591
2018-03-30 18:00:00,845.216,835.68,840.2,798.6572830574227,778.7908670799446
2018-03-30 18:15:00,815.8273333333333,801.6276,807.8,764.8188391647301,744.9524231872521
2018-03-30 18:30:00,788.1093333333333,763.6048,771.9,727.0319369379453,711.2007716242246
2018-03-30 18:45:00,519.6013333333334,721.8112,731.9,685.5196054991144,680.6897729452509
2018-03-30 19:00:00,720.7853333333334,676.4696,688.3,613.5965899092961,635.7040160758305
2018-03-30 19:15:00,651.6833333333333,627.8272,641.5,584.94225436865,587.5278074186912
2018-03-30 19:30:00,600.0873333333333,576.1588,591.5,533.8926684717927,543.6255885224138
2018-03-30 19:45:00,546.4193333333334,521.7696,538.8,480.3258090033198,494.683720470872
2018-03-30 20:00:00,489.94466666666665,465.0056,483.9,424.64465930211793,439.0025707696701
2018-03-30 20:15:00,431.22566666666665,406.262,426.4,367.31186030164116,381.66977176919335
2018-03-30 20:30:00,374.1253333333333,346.0028,367.5,310.4346457726782,323.22910338710005
2018-03-30 20:45:00,311.6213333333333,284.7888,307.5,230.24335189329886,259.7182836102178
2018-03-30 21:00:00,250.12866666666667,223.758,249.40001,174.68425177750186,201.23968695816592
2018-03-30 21:15:00,189.12366666666668,163.8492,189.40001,117.79925465164027,137.2073228317245
2018-03-31 11:15:00,153.02466666666666,137.344,154.5,109.97848990616768,117.23057463822335
2018-03-31 11:30:00,215.21066666666667,231.8976,214.2,192.97026150645942,173.75791352214546
2018-03-31 11:45:00,274.43,296.086,274.7,263.2837566682117,232.00542681896854
2018-03-31 12:00:00,330.522,357.9236,335.0,323.7723003592297,290.74300729892695
2018-03-31 12:15:00,391.46,418.5632,394.6,385.9107205425021,351.3448111568209
2018-03-31 12:30:00,449.317,477.5652,452.9,443.20137304618567,400.57882017448156
2018-03-31 12:45:00,503.958,534.4812,509.1,498.8782543928334,456.2557015211293
2018-03-31 13:00:00,558.9806666666666,588.9376,563.10004,552.4730291135733,509.85047624186916
2018-03-31 13:15:00,608.9283333333333,640.6108,614.60004,603.5786422007809,558.6181414836178
2018-03-31 13:30:00,657.4306666666668,689.2104,663.3,651.8359120888535,606.8754113716905
2018-03-31 13:45:00,704.8673333333334,734.4692,708.7,696.9253137792319,651.9648130620689
2018-03-31 14:00:00,748.1036666666666,776.142,750.60004,738.5618278428506,693.6013271256875
2018-03-31 14:15:00,784.212,814.0056,788.8,776.4916690574515,731.5311683402884
2018-03-31 14:30:00,821.394,847.8588,823.10004,810.4902003339191,765.529699616756
2018-03-31 14:45:00,852.4056666666668,877.5252,853.4,840.360609013247,795.4001082960839
2018-03-31 15:00:00,879.9946666666667,902.7716,878.7,865.9330791128242,820.9725783956611
2018-03-31 15:15:00,900.3080000000001,923.4684,900.5,887.0642869032945,842.1037861861314
2018-03-31 15:30:00,918.086,939.5932,917.8,903.6371054530606,862.0812201381192
2018-03-31 15:45:00,931.804,951.068,930.60004,915.5604412169731,877.5437385649956
2018-03-31 16:00:00,940.078,957.8356,938.7,922.7691506822149,884.7524480302374
2018-03-31 16:15:00,944.0006666666668,959.8636,942.0,925.2240023861525,892.4726910839674
2018-03-31 16:30:00,946.8273333333332,957.1424,940.7,922.9116622399802,890.1603509377951
2018-03-31 16:45:00,938.914,949.6864,934.7,915.8446898931389,883.0933785909539
2018-03-31 17:00:00,928.2116666666666,937.532,924.0,904.06154213921,868.4192205526011
2018-03-31 17:15:00,918.7753333333334,920.7408,909.0,887.6265871279752,851.9842655413663
2018-03-31 17:30:00,901.2953333333334,899.3964,889.4,866.6301413846812,829.1605464292369
2018-03-31 17:45:00,880.1016666666667,873.606,865.3,841.1885513760832,803.7189564206388
2018-03-31 18:00:00,849.74,843.318,835.7,811.4443538745036,773.9747589190592
2018-03-31 18:15:00,818.728,808.7012,802.8,773.7803325950433,740.0969715415765
2018-03-31 18:30:00,782.4393333333334,770.126,766.0,735.96495054478,702.2815894913132
2018-03-31 18:45:00,743.8253333333333,727.8,725.5,694.4357625486695,664.78765215896
2018-03-31 19:00:00,703.2886666666667,681.9532,681.5,647.6946932370886,630.7988788182959
2018-03-31 19:15:00,634.734,632.8372,634.2,599.5277141173246,582.6318996985319
2018-03-31 19:30:00,598.6173333333334,580.726,584.0,546.322211482887,531.6064774779127
2018-03-31 19:45:00,548.3246666666666,525.9208,530.9,485.71025081059094,478.0805077113783
2018-03-31 20:00:00,497.266,468.7572,475.6,430.08919534980987,422.4594522505972
2018-03-31 20:15:00,437.7486666666666,409.6232,418.2,370.0393782910268,365.2095457371633
2018-03-31 20:30:00,376.5693333333333,348.9804,359.1,311.7098849546937,306.88005240083015
2018-03-31 20:45:00,319.749,287.39,299.1,245.557004487508,248.1425575375492
2018-03-31 21:00:00,253.126,226.004,235.5,187.27933288605462,174.82830251248132
2018-03-31 21:15:00,194.6,165.6388,175.7,110.93530074473375,120.05355540629381
2018-04-01 11:15:00,145.36533333333333,118.9392,141.90001,100.79117075120178,112.20776430283752
2018-04-01 11:30:00,206.34466666666668,174.5924,200.2,158.93918956918625,169.32333435220627
2018-04-01 11:45:00,263.16966666666667,229.5948,259.80002,217.02237856215058,230.07433664625702
2018-04-01 12:00:00,321.37600000000003,303.936,336.4,282.98523373837946,282.8514122509527
2018-04-01 12:15:00,380.0986666666667,408.7632,395.9,368.87516779272516,338.71793550817927
2018-04-01 12:30:00,434.9003333333333,469.2124,453.80002,435.28729624187594,395.86399263774996
2018-04-01 12:45:00,489.8113333333333,525.3384,510.0,490.8213194058574,454.8026312039531
2018-04-01 13:00:00,541.9673333333334,579.0268,564.0,546.0252620230814,508.2556106101175
2018-04-01 13:15:00,591.8996666666667,629.9544,615.3,596.9898922656024,559.2202408526385
2018-04-01 13:30:00,640.7046666666666,677.8308,663.5,643.3560450221886,607.3373568202843
2018-04-01 13:45:00,688.4346666666667,722.392,708.7,688.3063129293115,655.8268073903711
2018-04-01 14:00:00,729.2526666666668,763.3956,750.4,729.8050224865598,697.3255169476193
2018-04-01 14:15:00,769.806,800.6216,788.3,767.5987788530574,735.119273314117
2018-04-01 14:30:00,804.0673333333333,833.8728,822.5,799.2833114997803,768.9838863746583
2018-04-01 14:45:00,835.052,862.9752,852.5,829.0224549991093,798.7230298739872
2018-04-01 15:00:00,866.1193333333334,887.5528,877.4,847.380835559327,824.1674013399667
2018-04-01 15:15:00,893.7143333333333,907.4828,898.8,868.3876428118965,845.1742085925362
2018-04-01 15:30:00,926.6553333333334,922.9608,915.60004,884.8403017288714,861.626867509511
2018-04-01 15:45:00,914.3353333333332,933.8512,928.0,893.8483572088311,878.7002248846123
2018-04-01 16:00:00,947.3913333333334,940.0824,935.7,900.9470382631199,885.7989059389012
2018-04-01 16:15:00,957.3853333333334,930.6612,938.4,876.1403569069216,888.1496218529055
2018-04-01 16:30:00,796.9050000000001,878.0648,936.5,868.6234144331222,885.7395881773239
2018-04-01 16:45:00,981.5046666666666,772.0988,904.60004,797.6835499593576,874.5176964589914
2018-04-01 17:00:00,286.9986666666667,621.7544,906.5,662.2063031596457,862.6513810557639
2018-04-01 17:15:00,238.86533333333333,534.7812,837.4,544.1218313068633,816.6620344013457
2018-04-01 17:30:00,252.666,584.1444,595.9,624.633368610313,535.1284552802349
2018-04-01 17:45:00,314.9373333333333,658.034,659.3,704.6091521484489,627.3470061523551
2018-04-01 18:00:00,549.066,698.0144,696.4,699.0939747194941,638.8144794802363
2018-04-01 18:15:00,532.8786666666667,727.9276,767.2,722.8211239956906,735.8730820797971
2018-04-01 18:30:00,365.95933333333335,737.5852,762.3,697.0869675396424,712.4142184971314
2018-04-01 18:45:00,648.651,661.082,722.2,641.6302111000175,670.8708617538566
2018-04-01 19:00:00,714.8466666666667,589.6392,678.60004,603.4498803939291,625.8792975272604
2018-04-01 19:15:00,650.8893333333333,539.3512,631.3,545.4517002944544,577.7246442679957
2018-04-01 19:30:00,598.1360000000001,528.2788,581.10004,505.0920951298656,526.7266952923717
2018-04-01 19:45:00,547.9419999999999,512.0528,528.3,470.65960344795644,480.3925234985775
2018-04-01 20:00:00,480.407,457.5708,473.0,415.10245184470875,424.8353718953298
2018-04-01 20:15:00,370.69,384.6896,415.9,345.19788743730095,367.6725053953698
2018-04-01 20:30:00,86.502,281.7808,357.2,274.87696436726605,309.4588048824028
2018-04-01 20:45:00,91.89633333333332,155.9972,297.4,158.65114590761266,243.7276253425797
2018-04-01 21:00:00,121.69133333333332,25.6024,140.2,56.02577646088136,72.40636117767824
2018-04-01 21:15:00,217.41066666666663,15.0244,98.6,38.13099547591048,62.6627871629222
2018-04-02 11:15:00,13.684,14.2176,100.1,37.23271843196339,61.76451011897511
2018-04-02 11:30:00,20.02733333333333,18.1404,103.200005,46.007969033830676,49.36040128480724
2018-04-02 11:45:00,23.258,21.8112,80.700005,48.249339605764476,34.59843018193635
2018-04-02 12:00:00,32.35933333333333,25.5516,96.3,55.13804682558151,60.001831615620574
2018-04-02 12:15:00,37.254666666666665,46.0232,147.3,58.791363082519865,103.1679347377933
2018-04-02 12:30:00,58.92466666666667,102.7416,131.0,115.79011317514136,58.79914637826636
2018-04-02 12:45:00,106.18533333333332,140.9308,211.0,152.36200707091263,180.58982079161575
2018-04-02 13:00:00,153.84066666666666,177.144,236.8,163.75934915683104,163.60602884433104
2018-04-02 13:15:00,135.81433333333334,186.064,303.0,180.925999749448,242.74628173186989
2018-04-02 13:30:00,198.15733333333336,200.848,309.6,216.4999181903455,235.4111425555799
2018-04-02 13:45:00,187.52066666666667,235.7132,312.6,248.5451784319506,219.50614644952873
2018-04-02 14:00:00,197.618,249.02,282.1,269.19508038475396,193.61021099998834
2018-04-02 14:15:00,195.27666666666667,248.2528,323.0,255.14172484199344,244.89074827949344
2018-04-02 14:30:00,203.7433333333333,276.1,345.80002,289.65029640497266,238.08791847528516
2018-04-02 14:45:00,295.161,373.5932,329.7,383.8326382163043,198.46697659521055
2018-04-02 15:00:00,311.23466666666667,440.692,383.6,430.5199346533416,238.03897762209158
2018-04-02 15:15:00,419.1273333333333,513.99,447.0,518.6570251564075,364.54041749039186
2018-04-02 15:30:00,609.088,590.8224,486.9,615.928804179071,398.17230393493037
2018-04-02 15:45:00,576.794,683.3768,593.4,721.8555676279807,519.1844860850119
2018-04-02 16:00:00,900.1753333333332,717.056,659.7,743.9934377895788,610.2093954311804
2018-04-02 16:15:00,791.539,699.0808,732.60004,726.1170441935839,686.1931855510057
2018-04-02 16:30:00,733.8353333333333,762.5344,704.0,805.7442404337387,656.9717947550278
2018-04-02 16:45:00,946.8213333333332,785.6468,774.7,793.1413639999641,725.3789891220345
2018-04-02 17:00:00,735.9946666666667,803.3308,788.0,787.3333425993414,742.0816030973883
2018-04-02 17:15:00,1037.338,766.1644,874.60004,767.0115649989793,841.4436881831834
2018-04-02 17:30:00,965.5953333333332,870.9852,854.60004,832.1130330195302,820.316070639121
2018-04-02 17:45:00,749.6043333333333,851.4968,714.60004,813.9742690814047,659.0846502078085
2018-04-02 18:00:00,307.1846666666667,803.2692,687.10004,763.9802023123908,633.951478595655
2018-04-02 18:15:00,829.4126666666667,723.0148,774.2,717.9234106323822,730.9753687164887
2018-04-02 18:30:00,774.1560000000001,676.5212,737.60004,680.0585902603457,693.1105483444521
2018-04-02 18:45:00,731.744,629.4232,697.10004,643.5088712899659,653.8053905694459
2018-04-02 19:00:00,674.7860000000001,577.5036,653.2,599.6507245922487,600.7586671734255
2018-04-02 19:15:00,622.4776666666668,526.706,606.2,498.3591399619928,550.281528038775
2018-04-02 19:30:00,572.4993333333333,486.2888,556.2,499.4124616380833,499.31438958608135
2018-04-02 19:45:00,515.5773333333333,431.6008,503.30002,445.9789102753934,445.88083822339144
2018-04-02 20:00:00,458.1693333333333,368.8156,448.1,391.62140779714923,390.391402532867
2018-04-02 20:15:00,396.4653333333333,306.3152,390.9,297.0508327226681,333.3197135667843
2018-04-02 20:30:00,335.39300000000003,248.926,332.30002,238.9575220687733,275.2264029128895
2018-04-02 20:45:00,276.45133333333337,192.51,272.80002,171.02300632588026,216.8015955745375
2018-04-02 21:00:00,212.98066666666668,143.8056,222.2,149.20019246293643,171.15483666612246
2018-04-02 21:15:00,157.968,103.0928,163.40001,98.0302271571178,109.88100955152699
2018-04-03 11:15:00,64.712,13.9948,102.6,35.64854431523857,76.00835800542411
2018-04-03 11:30:00,81.541,29.3112,118.200005,73.47192056603132,53.74795206017194
2018-04-03 11:45:00,96.84733333333334,79.1392,155.8,110.93771838913543,110.24123096237761
2018-04-03 12:00:00,127.89266666666668,146.7212,233.7,189.48441320597067,169.7604447001113
2018-04-03 12:15:00,178.804,239.8552,278.4,265.52116675072733,233.21788305932108
2018-04-03 12:30:00,309.246,306.4316,342.2,322.37000589139296,284.5097306228383
2018-04-03 12:45:00,488.3733333333333,349.9436,439.5,377.61084287820677,402.1426345652185
2018-04-03 13:00:00,524.764,383.0476,534.3,414.61301952812596,504.16593319389744
2018-04-03 13:15:00,614.1033333333332,437.3448,597.0,465.2893644886784,558.2838198262028
2018-04-03 13:30:00,674.2383333333333,509.5744,633.9,529.2807658340812,602.673370661962
2018-04-03 13:45:00,572.4366666666666,568.1052,669.7,573.9476753298092,630.4519477907467
2018-04-03 14:00:00,669.0933333333334,626.5672,674.60004,621.3065122058422,639.6981213977367
2018-04-03 14:15:00,538.3046666666667,665.1984,781.60004,658.8243155844374,728.3171038992567
2018-04-03 14:30:00,902.7886666666668,742.3048,815.5,755.0650500719138,761.9107760850974
2018-04-03 14:45:00,894.2666666666667,851.648,845.2,811.7985007575295,791.3849770835183
2018-04-03 15:00:00,651.866,880.2264,871.4,839.7848763964531,821.8368335268852
2018-04-03 15:15:00,983.728,899.0868,892.60004,860.5418843982385,842.5938415286706
2018-04-03 15:30:00,901.7613333333334,904.7536,909.4,866.5386456450483,858.8058989247343
2018-04-03 15:45:00,834.2139999999999,901.182,921.60004,856.5047245661317,870.3835611979066
2018-04-03 16:00:00,768.1553333333334,909.428,850.9,863.3845016486508,806.0863735205991
2018-04-03 16:15:00,986.4753333333334,919.6576,883.9,870.3178804554339,842.468129936635
2018-04-03 16:30:00,888.3593333333333,933.1876,930.5,894.7528441406257,873.913790986634
2018-04-03 16:45:00,443.933,926.476,924.10004,887.4170315185156,864.7507049956885
2018-04-03 17:00:00,721.288,914.3816,913.2,875.388337741666,852.7220112188388
2018-04-03 17:15:00,980.7766666666666,897.6924,897.60004,858.7327584276208,836.0664319047936
2018-04-03 17:30:00,829.2973333333334,876.494,877.60004,837.5422501948249,814.8759236719977
2018-04-03 17:45:00,906.064,850.894,853.2,811.9348315607299,789.2685050379027
2018-04-03 18:00:00,896.69,820.894,824.8,782.0547722216099,774.4250291223973
2018-04-03 18:15:00,817.3539999999999,786.642,792.0,748.0729258402029,740.4431827409902
2018-04-03 18:30:00,769.6273333333334,748.4424,755.3,710.1872881093418,702.5575450101292
2018-04-03 18:45:00,717.5893333333333,706.494,714.9,660.3889336992502,660.9941589642763
2018-04-03 19:00:00,671.4580000000001,661.0184,671.0,620.8383849435854,623.1559193903017
2018-04-03 19:15:00,623.4680000000001,597.4288,623.7,548.47992580806,575.035360988724
2018-04-03 19:30:00,575.4786666666666,509.01,573.4,487.7143751761603,528.7273842475104
2018-04-03 19:45:00,523.1566666666666,446.5268,520.5,436.1385545442351,475.34538647630296
2018-04-03 20:00:00,466.08866666666665,406.0952,465.2,388.099397098263,419.9274753682215
2018-04-03 20:15:00,406.0286666666667,388.6852,407.9,348.59317372911914,362.95108519667133
2018-04-03 20:30:00,344.4293333333334,302.4332,349.2,271.5757752944502,304.98273387446727
2018-04-03 20:45:00,285.5933333333333,176.51,289.30002,150.80937265065103,234.94986270573526
2018-04-03 21:00:00,224.41066666666663,110.6412,221.7,92.23819625168048,162.27809226303302
2018-04-03 21:15:00,166.54,77.356,162.7,100.31946004066182,111.29864419135762
2018-04-04 11:45:00,273.4306666666667,218.7388,267.80002,211.17774123733093,224.22969932143738
2018-04-04 12:00:00,331.872,290.5808,319.6,270.08256113000544,282.33510171838435
2018-04-04 12:15:00,388.916,376.0572,379.2,330.26481140834085,340.07943238002053
2018-04-04 12:30:00,446.342,411.4952,437.6,391.1026620267177,396.7758664487148
2018-04-04 12:45:00,503.9053333333333,506.8456,494.2,457.83311753865394,451.86661248799476
2018-04-04 13:00:00,557.6906666666667,563.186,548.3,524.0930002275702,504.88065224325624
2018-04-04 13:15:00,608.45,614.7732,600.0,574.6223085234881,555.4099605391741
2018-04-04 13:30:00,656.3733333333333,663.2636,648.4,625.107718240735,605.3450772876711
2018-04-04 13:45:00,699.2583333333333,708.3792,693.7,669.6306875572949,641.811403118208
2018-04-04 14:00:00,740.4213333333333,749.8744,735.60004,710.7073819601236,682.8880975210367
2018-04-04 14:15:00,779.2406666666667,787.5308,773.7,748.0856122568294,720.2663278177425
2018-04-04 14:30:00,815.8753333333333,821.1556,808.0,781.5425594195373,751.3853271349914
2018-04-04 14:45:00,844.85,850.578,838.10004,810.8833815880804,780.7261493035345
2018-04-04 15:00:00,869.4813333333333,875.5388,864.9,835.9403366190113,809.1877197366871
2018-04-04 15:15:00,891.768,895.9108,886.2,856.5722411427462,833.3588069233858
2018-04-04 15:30:00,908.978,911.7036,903.10004,872.6641478568516,849.4507136374913
2018-04-04 15:45:00,920.5366666666666,922.8396,915.5,884.1271617434282,866.1791188738604
2018-04-04 16:00:00,927.016,929.2636,923.2,890.8983417982621,872.9502989286942
2018-04-04 16:15:00,932.2533333333334,930.9436,926.10004,884.7056844402715,874.9926099349424
2018-04-04 16:30:00,928.6186666666669,927.872,924.3,887.4430342227727,872.2949018985539
2018-04-04 16:45:00,923.1086666666667,920.0644,917.8,880.0200372767467,861.9808946681042
2018-04-04 17:00:00,914.1293333333334,907.56,906.7,867.9123685194827,849.8732259108401
2018-04-04 17:15:00,896.9493333333334,890.4216,890.8,851.1865554701466,831.3201394926685
2018-04-04 17:30:00,877.134,868.736,870.4,829.9350896254454,810.0686736479673
2018-04-04 17:45:00,849.8113333333333,842.6112,845.5,804.2765341018321,784.4101181243541
2018-04-04 18:00:00,822.818,812.1904,816.4,774.3557229679069,754.4893069904289
2018-04-04 18:15:00,787.3213333333333,777.6328,783.4,740.3441086989295,720.4776927214515
2018-04-04 18:30:00,747.778,739.1068,746.4,702.4403415269069,682.5739255494288
2018-04-04 18:45:00,709.814,696.8144,705.60004,633.9339470835511,645.0400404902283
2018-04-04 19:00:00,661.7346666666667,650.9824,661.3,608.4777176884055,611.0632707384467
2018-04-04 19:15:00,612.5146666666666,601.8656,613.8,560.378992827507,562.9645458775482
2018-04-04 19:30:00,560.3846666666667,549.7532,563.10004,509.4835719305136,512.0691249805548
2018-04-04 19:45:00,504.3246666666666,494.9736,509.80002,456.1566980466673,458.7422510967085
2018-04-04 20:00:00,445.48333333333335,437.9036,454.2,402.3775647625958,403.39966395950665
2018-04-04 20:15:00,385.4706666666667,378.984,396.6,324.195106534373,346.5226712507121
2018-04-04 20:30:00,330.2923333333334,318.7444,337.5,269.27574606462025,273.64723082109
2018-04-04 20:45:00,271.266,257.854,277.5,211.18477609287697,215.5562608493467
2018-04-04 21:00:00,210.6773333333333,197.896,214.7,157.85772880934954,162.86667999648333
2018-04-04 21:15:00,151.26666666666668,139.9956,156.0,76.00544905331168,102.22358679440055
2018-04-05 11:15:00,54.70666666666667,69.388,115.0,61.462868701052585,76.431782733035
2018-04-05 11:30:00,121.258,130.4092,150.8,120.45602436313112,112.56752414950807
2018-04-05 11:45:00,265.815,164.1704,218.1,151.5689311777215,194.40659673558284
2018-04-05 12:00:00,139.57999999999998,152.4312,324.0,187.20846044249168,280.2029157800161
2018-04-05 12:15:00,157.67000000000002,178.9528,335.30002,221.3316536723496,304.91322334398046
2018-04-05 12:30:00,210.736,270.6644,324.9,301.3357178501539,278.3844696812086
2018-04-05 12:45:00,259.22,353.834,393.2,372.4345107726074,334.5742355040527
2018-04-05 13:00:00,318.44066666666663,474.8492,446.4,484.24186123416894,387.4378680090713
2018-04-05 13:15:00,698.4603333333333,610.4692,525.4,571.7251591614903,485.4000620774449
2018-04-05 13:30:00,649.9126666666667,661.8424,632.9,622.0634400438867,600.0511815142236
2018-04-05 13:45:00,686.106,705.9412,694.60004,666.4411524196028,636.2839201350569
2018-04-05 14:00:00,727.232,746.4936,736.10004,707.3747927786505,680.6221758963263
2018-04-05 14:15:00,668.6593333333333,783.28,773.9,744.6125821806866,717.8599652983623
2018-04-05 14:30:00,843.2386666666666,816.1056,768.60004,777.9321657006834,721.5421319787596
2018-04-05 14:45:00,832.7099999999999,844.7968,805.10004,798.9042334384465,764.7970692343258
2018-04-05 15:00:00,855.8346666666667,869.2944,861.3,829.2665617270873,805.3138553901122
2018-04-05 15:15:00,887.366,889.4728,882.3,849.773421481862,829.3598978078508
2018-04-05 15:30:00,920.5013333333334,905.1392,872.60004,865.745468986166,843.0915793300991
2018-04-05 15:45:00,896.3546666666666,916.2144,911.2,877.0943573516449,861.9462250274262
2018-04-05 16:00:00,842.5433333333333,922.6428,918.8,883.7576923457021,868.6095600214834
2018-04-05 16:15:00,871.2473333333334,924.3912,921.7,885.6989816432665,870.5508493190478
2018-04-05 16:30:00,945.1073333333334,921.4508,919.9,882.9076128605676,867.7594805363489
2018-04-05 16:45:00,816.412,913.8364,913.4,875.3988482005112,857.3597055918686
2018-04-05 17:00:00,711.3213333333333,901.5856,902.5,863.2138322987024,843.3474163212244
2018-04-05 17:15:00,944.206,884.7604,868.4,846.4196181935928,827.2072702092788
2018-04-05 17:30:00,893.4240000000001,863.4456,867.10004,825.1092252926193,805.2428093151412
2018-04-05 17:45:00,906.0606666666666,837.7488,842.7,799.4017539062497,779.5353379287717
2018-04-05 18:00:00,685.0393333333334,807.7044,813.8,769.4425948364253,724.6728718978877
2018-04-05 18:15:00,862.4686666666668,773.48,759.7,735.403791784923,716.191443800609
2018-04-05 18:30:00,825.3693333333334,702.4324,707.0,671.0202096897543,675.6044811207236
2018-04-05 18:45:00,797.9013333333334,616.398,632.4,618.2918005228343,608.8440199137034
2018-04-05 19:00:00,644.029,644.9532,570.60004,603.5297497639781,524.6200382838374
2018-04-05 19:15:00,220.09133333333327,599.7776,568.7,562.8714692793865,540.2175796233196
2018-04-05 19:30:00,482.61066666666665,518.328,558.4,485.5525517164609,507.18715187896703
2018-04-05 19:45:00,500.97,426.0624,509.4,426.48449717015217,461.0663376852889
2018-04-05 20:00:00,489.17266666666666,435.2516,454.1,396.0699386169469,405.80285866756793
2018-04-05 20:15:00,393.0326666666666,379.93,396.80002,339.2964130440902,349.0293330947112
2018-04-05 20:30:00,329.16366666666664,320.3896,337.9,281.59154382940864,284.17709687944983
2018-04-05 20:45:00,246.544,197.7448,278.0,198.826395308135,226.2608688226919
2018-04-05 21:00:00,174.56533333333334,25.7784,216.8,61.70987744500036,154.0502647893607
2018-04-05 21:15:00,67.63866666666667,13.744,157.7,22.821868460111688,100.82922033541686
2018-04-06 11:15:00,110.746,53.1128,91.6,37.02076117133791,55.41237036323244
2018-04-06 11:30:00,194.65066666666664,75.2988,133.0,86.2394657271719,67.22254373010159
2018-04-06 11:45:00,175.64866666666666,106.0696,176.7,148.80756547522267,118.0711229093047
2018-04-06 12:00:00,246.3453333333333,162.3572,185.5,206.57943801239475,138.11735610321506
2018-04-06 12:15:00,243.04066666666665,216.9628,271.9,242.4879731283346,218.0200013265768
2018-04-06 12:30:00,308.04766666666666,253.152,316.2,296.89656532233323,260.8935593408879
2018-04-06 12:45:00,281.9526666666667,285.4612,366.4,335.3550096574436,310.97392140060765
2018-04-06 13:00:00,314.39666666666665,337.6128,389.80002,395.2153594906605,334.3270996029652
2018-04-06 13:15:00,241.931,403.7608,450.7,434.3434895256114,379.7734669426036
2018-04-06 13:30:00,324.6653333333333,431.4196,470.5,492.83532523293195,422.23005484718976
2018-04-06 13:45:00,563.3836666666666,464.0876,516.2,511.70549270251877,466.4613368187297
2018-04-06 14:00:00,697.9866666666666,518.162,527.8,577.8562450821513,488.46690182043255
2018-04-06 14:15:00,484.459,543.0272,521.2,563.5963969622607,477.65164903745597
2018-04-06 14:30:00,722.6246666666667,504.0092,585.10004,554.5003394747787,527.1224097872787
2018-04-06 14:45:00,471.58433333333335,510.4872,561.9,522.7209582051361,514.0816149434173
2018-04-06 15:00:00,273.03533333333337,661.3244,528.5,690.90315912822,454.8432531223606
2018-04-06 15:15:00,284.86466666666666,811.0308,585.5,813.4824347866388,533.2579245937677
2018-04-06 15:30:00,496.2986666666666,751.382,680.8,765.5528673365163,648.8504442408132
2018-04-06 15:45:00,416.07633333333337,896.486,726.8,848.5968844686053,678.8699404988787
2018-04-06 16:00:00,715.2913333333332,903.0136,745.4,855.1532597778179,695.1433263061382
2018-04-06 16:15:00,569.107,895.8356,900.60004,852.2055654441845,862.0201864158641
2018-04-06 16:30:00,819.5206666666667,907.2256,898.8,863.3514442043615,859.1364793377234
2018-04-06 16:45:00,953.4876666666668,900.308,892.4,864.903896212174,851.5434799786344
2018-04-06 17:00:00,946.3276666666668,882.6244,881.4,834.2573014192543,839.2828541688881
2018-04-06 17:15:00,932.2333333333332,837.5056,865.5,816.7489690270235,822.4221734490205
2018-04-06 17:30:00,901.0363333333332,778.504,788.7,793.0080758504605,748.7526227407193
2018-04-06 17:45:00,911.4393333333334,770.9748,742.0,762.2489378975494,676.4322646187408
2018-04-06 18:00:00,883.1246666666666,774.052,697.9,738.053783312289,636.6232413201016
2018-04-06 18:15:00,859.482,716.8008,697.10004,696.3843852841637,658.9401656949303
2018-04-06 18:30:00,641.9606666666666,688.058,693.0,667.6375863375041,652.9809167208049
2018-04-06 18:45:00,505.135,562.9352,685.5,561.0449631337464,635.8031427983582
2018-04-06 19:00:00,552.3946666666667,512.1792,614.5,450.15955378484546,583.3435251898748
2018-04-06 19:15:00,167.372,450.8548,416.4,461.90555762478016,362.7356662673583
2018-04-06 19:30:00,501.032,271.9304,484.0,316.68524775459787,460.0732520575764
2018-04-06 19:45:00,314.1166666666667,204.9604,376.5,211.08445392978024,320.0292018545849
2018-04-06 20:00:00,99.342,150.632,221.40001,205.27507700793416,186.00644602648885
2018-04-06 20:15:00,111.398,81.274,170.8,122.43191350379817,129.34042180457942
2018-04-06 20:30:00,116.934,28.2104,223.90001,64.86547693671486,163.09551081122657
2018-04-06 20:45:00,206.07666666666668,22.7636,102.5,56.55268632174841,42.53872452975622
2018-04-06 21:00:00,141.27566666666664,18.52,96.3,57.6460511806568,35.946084749992735
2018-04-06 21:15:00,59.00866666666666,12.8568,34.600002,19.09679988309584,-17.682222333701034
2018-04-07 11:15:00,15.397333333333334,24.8576,107.4,31.01042770360138,73.24347137425568
2018-04-07 11:30:00,22.57033333333333,31.678,128.7,68.27569654418528,62.401520518794655
2018-04-07 11:45:00,34.35333333333333,41.5476,154.40001,65.69273503460641,109.1617749515986
2018-04-07 12:00:00,49.32266666666667,67.742,189.3,96.01459113477279,139.26677314160872
2018-04-07 12:15:00,70.52666666666666,80.1912,247.3,120.47602818819081,196.5275418600658
2018-04-07 12:30:00,94.08666666666666,90.9108,249.0,103.56137805512753,217.1538005404791
2018-04-07 12:45:00,104.12066666666666,124.092,257.30002,146.61576950984738,217.45364487605832
2018-04-07 13:00:00,129.40866666666665,165.9884,278.4,201.13648001639086,229.29858939139086
2018-04-07 13:15:00,202.8573333333333,197.2092,343.1,191.06219282224822,279.37682905271697
2018-04-07 13:30:00,275.238,228.23,366.5,222.11057830722473,306.2011239615216
2018-04-07 13:45:00,222.4826666666667,254.3916,356.6,246.9073209164311,290.1050748226811
2018-04-07 14:00:00,254.68666666666667,277.9312,363.30002,286.0095507015362,285.5135790218487
2018-04-07 14:15:00,218.86,315.0948,361.1,328.39486227183625,273.20632467418
2018-04-07 14:30:00,258.68466666666666,347.1192,373.30002,356.0079718534456,334.87134465618
2018-04-07 14:45:00,256.254,356.972,398.30002,372.1826718336556,291.46450166764
2018-04-07 15:00:00,313.6166666666667,380.2052,431.5,389.785721087894,377.200760150394
2018-04-07 15:15:00,356.4763333333333,400.8712,449.5,410.0432414555495,361.85287280320574
2018-04-07 15:30:00,346.20866666666666,432.2012,426.0,445.60604813328587,322.26180985203587
2018-04-07 15:45:00,332.9533333333333,479.6536,417.2,477.5584837042086,260.18174420225546
2018-04-07 16:00:00,330.78799999999995,568.2328,445.9,597.1545758015845,367.74493835041267
2018-04-07 16:15:00,246.17466666666667,740.2008,504.6,764.5366703276616,415.1638065581303
2018-04-07 16:30:00,436.164,848.952,590.8,841.5045641789465,511.7405337224035
2018-04-07 16:45:00,799.8453333333333,781.9332,720.4,776.1869701438596,672.1284374290159
2018-04-07 17:00:00,808.4733333333334,855.108,723.3,827.2944566300914,669.5110551408336
2018-04-07 17:15:00,686.2099999999999,792.226,720.2,799.7309977652226,661.6582820059452
2018-04-07 17:30:00,460.40866666666665,746.3456,728.10004,731.2120214612361,669.4579626233455
2018-04-07 17:45:00,630.0046666666666,673.8844,749.2,693.5671886191221,703.2885860190245
2018-04-07 18:00:00,702.202,686.0136,631.60004,669.6790240964068,575.3375018796099
2018-04-07 18:15:00,687.5953333333333,621.7816,667.9,629.4536544108867,607.4191695476054
2018-04-07 18:30:00,601.7166666666667,509.6704,642.9,551.8894694772823,601.2335933176143
2018-04-07 18:45:00,618.3773333333334,477.9496,461.5,509.61405976349795,401.61816437775576
2018-04-07 19:00:00,678.063,364.8368,510.9,410.59621588833943,450.8670593941988
2018-04-07 19:15:00,422.182,308.9336,550.10004,336.00544980030986,517.9826894090745
2018-04-07 19:30:00,356.71200000000005,206.7712,425.7,224.4304319266936,368.3698697929045
2018-04-07 19:45:00,280.73400000000004,70.3676,296.6,84.4202214014656,254.39951522470778
2018-04-07 20:00:00,262.776,43.6436,208.1,79.39485404220017,149.67074820723923
2018-04-07 20:15:00,214.74733333333333,51.0188,189.40001,78.10704704699128,143.5231389659366
2018-04-07 20:30:00,237.50066666666663,27.2048,184.6,60.40694291788452,129.87856157022827
2018-04-07 20:45:00,112.138,22.9384,96.200005,49.68792656906254,38.26515130050785
2018-04-07 21:00:00,94.032,18.192,99.6,53.61920852003607,37.93103713331732
2018-04-07 21:15:00,89.26466666666667,12.4832,83.9,17.1438982079286,62.7729379723329
2018-04-08 11:15:00,35.169999999999995,15.5932,80.1,27.684729328727485,37.40612672862983
2018-04-08 11:30:00,37.775333333333336,32.2756,99.1,66.46471328264948,45.845999903743234
2018-04-08 11:45:00,59.39433333333333,54.1104,168.3,112.15452129000599,101.60732585543568
2018-04-08 12:00:00,85.15866666666668,84.0048,177.0,125.0913384235946,117.76623466382898
2018-04-08 12:15:00,97.888,111.0372,212.8,159.57993150661252,145.99837327907346
2018-04-08 12:30:00,133.76333333333335,155.7476,242.1,186.44328844995414,193.3517967507354
2018-04-08 12:45:00,139.44799999999998,194.7776,280.9,243.57678244215776,247.82170126539995
2018-04-08 13:00:00,133.89666666666668,210.12,320.0,235.1263558250011,273.5091683250011
2018-04-08 13:15:00,149.924,253.9884,324.9,285.05137361867673,276.412030356958
2018-04-08 13:30:00,187.00866666666667,297.9936,364.1,332.14054579985736,354.47379775298236
2018-04-08 13:45:00,252.98266666666663,361.886,393.0,376.07601989030456,341.43341124772644
2018-04-08 14:00:00,300.102,458.9864,463.0,503.9649453741912,407.9360452277068
2018-04-08 14:15:00,436.4356666666666,548.8308,506.2,607.8747486404362,444.7487720779362
2018-04-08 14:30:00,434.48066666666665,610.9772,581.7,651.932650844892,519.7676880763373
2018-04-08 14:45:00,559.3893333333333,605.7184,644.9,653.3509673887291,598.9793090635338
2018-04-08 15:00:00,547.126,623.8988,630.10004,638.0000624813875,599.3474135556063
2018-04-08 15:15:00,545.2646666666667,729.4252,624.8,741.5697886788249,576.9554850899577
2018-04-08 15:30:00,554.7903333333333,855.282,658.3,826.7674702106584,611.2556293903459
2018-04-08 15:45:00,570.892,860.3016,690.10004,839.3573638690158,651.4939986956759
2018-04-08 16:00:00,961.486,883.9808,744.5,844.1241155078123,686.3407140185545
2018-04-08 16:15:00,913.5493333333332,884.1036,803.0,845.7694761122073,738.3271390760744
2018-04-08 16:30:00,922.2353333333334,859.4168,804.2,844.2844147744481,741.274992472202
2018-04-08 16:45:00,873.7113333333333,800.564,831.7,794.356980249731,805.7268647406978
2018-04-08 17:00:00,900.5413333333333,788.7256,853.4,781.9507652452063,826.3534408738684
2018-04-08 17:15:00,897.3146666666667,838.8808,838.0,805.5554744722631,809.3660175325658
2018-04-08 17:30:00,669.526,814.78,762.0,784.0813980330618,695.4824142684133
2018-04-08 17:45:00,827.3826666666666,799.52,744.9,755.6787937877074,713.191059946765
2018-04-08 18:00:00,780.015,751.5,772.3,728.1822798251918,735.4343645572475
2018-04-08 18:15:00,558.312,668.8908,739.8,647.4065353122453,701.3300983157853
2018-04-08 18:30:00,736.508,611.1724,703.60004,592.6878435742478,663.3818075787644
2018-04-08 18:45:00,667.9746666666667,522.8324,663.8,544.9850294985703,621.8191759982041
2018-04-08 19:00:00,633.8593333333333,381.8472,620.5,421.2372512255721,576.9020556841903
2018-04-08 19:15:00,537.8053333333334,235.3908,567.7,270.2892246055262,528.9230842399256
2018-04-08 19:30:00,482.515,102.7488,440.80002,98.00366775331184,379.34314529237434
2018-04-08 19:45:00,378.8453333333334,36.742,341.7,34.07438697148848,283.9917301111369
2018-04-08 20:00:00,168.528,31.1796,210.2,43.20228618379741,176.6007236837974
2018-04-08 20:15:00,131.202,27.9088,182.90001,55.0643403269317,156.9458558298614
2018-04-08 20:30:00,114.17666666666668,24.6612,145.40001,55.97665486978917,91.38624654459386
2018-04-08 20:45:00,91.16266666666668,21.1108,80.9,47.637543969778136,14.234452539114073
2018-04-08 21:00:00,93.36,16.9336,96.6,49.63196128540267,33.94378989868392
2018-04-08 21:15:00,64.32733333333333,11.4744,93.700005,14.190399904471633,55.74721982024312
2018-05-03 11:30:00,125.854,93.0232,131.0,93.40160133223623,91.48024513106435
2018-05-03 11:45:00,161.30866666666668,139.1724,176.3,145.36246220606,128.87511555689008
2018-05-03 12:00:00,259.0953333333334,186.0008,240.6,208.88020514789167,212.35363196673933
2018-05-03 12:15:00,187.4593333333333,260.6388,302.80002,255.2748696062227,268.32682769032914
2018-05-03 12:30:00,182.984,367.156,355.1,324.2679940437192,320.05302917708104
2018-05-03 12:45:00,289.9026666666667,420.6756,405.9,382.15694313931226,370.359980758903
2018-05-03 13:00:00,384.53333333333336,469.2772,454.4,430.54550441111894,418.7485420307097
2018-05-03 13:15:00,380.7243333333333,494.5072,500.7,457.54646546489107,464.79855019694674
2018-05-03 13:30:00,336.06333333333333,485.9184,544.10004,500.1015140786242,508.14841578150504
2018-05-03 13:45:00,682.5939999999999,547.222,584.60004,535.4309486778961,548.4829067620026
2018-05-03 14:00:00,633.9266666666666,632.7584,621.7,589.7405498446136,585.5255849779754
2018-05-03 14:15:00,671.1513333333334,668.0584,655.4,632.394426124583,619.0340098910434
2018-05-03 14:30:00,702.6966666666667,697.316,685.4,662.1570651403705,648.7966489068309
2018-05-03 14:45:00,708.8413333333334,722.6488,711.4,678.8458345204282,674.63086965379
2018-05-03 15:00:00,669.1473333333332,743.9948,735.9,700.5965971545833,696.3816322879451
2018-05-03 15:15:00,742.0053333333333,761.244,754.0,718.1356057900114,713.9206409233732
2018-05-03 15:30:00,763.3046666666667,774.2336,767.8,731.360763421408,727.1457985547698
2018-05-03 15:45:00,774.494,782.8972,777.5,740.1958282527386,735.9808633861004
2018-05-03 16:00:00,762.7230000000001,787.1896,782.8,732.430190186827,740.3752394727156
2018-05-03 16:15:00,764.34,787.0892,783.7,732.3588092571327,740.3038585430214
2018-05-03 16:30:00,527.5073333333333,735.3692,780.4,722.7151692080737,735.7671272921801
2018-05-03 16:45:00,597.528,598.0452,772.7,633.796472869484,720.9839022975846
2018-05-03 17:00:00,531.7333333333333,540.0536,620.10004,562.7414991697252,573.6172621091783
2018-05-03 17:15:00,304.1413333333333,486.5884,558.60004,515.8657686090138,520.2267762994435
2018-05-03 17:30:00,319.8153333333333,402.4064,501.80002,415.2342601773072,453.6170726773072
2018-05-03 17:45:00,324.9046666666666,344.3,439.2,369.589502274353,380.63268464739986
2018-05-03 18:00:00,181.57,318.1864,371.5,384.50015118893054,341.6066880541649
2018-05-03 18:15:00,166.76733333333334,304.222,348.0,325.76204383498145,294.4459122431846
2018-05-03 18:30:00,191.188,266.49,363.80002,288.61030842280456,320.68347431635925
2018-05-03 18:45:00,207.50866666666667,262.414,362.0,309.0274148884125,313.2723337116547
2018-05-03 19:00:00,179.718,295.0544,332.80002,342.986862552234,306.6153568149293
2018-05-03 19:15:00,466.1633333333333,266.7648,479.9,293.02562644613187,416.5830700649063
2018-05-03 19:30:00,326.23400000000004,227.832,320.80002,273.81000091447163,254.08603240861225
2018-05-03 19:45:00,364.96866666666665,112.9092,259.5,131.97697435635217,194.89852892178186
2018-05-03 20:00:00,118.62533333333334,28.4984,200.2,66.21272399870145,145.7987225338577
2018-05-03 20:15:00,137.63333333333333,22.3284,119.8,65.47425868097554,74.3028872210146
2018-05-03 20:30:00,131.222,18.954,97.1,66.61529165862964,40.72666555999683
2018-05-03 20:45:00,120.69466666666668,15.56,47.0,33.36783275986174,-7.260447879786696
2018-05-04 11:30:00,16.000666666666667,12.6144,64.9,33.01989336283128,1.171413138221908
2018-05-04 11:45:00,15.992,15.9772,89.200005,45.812266347175324,30.088023183112824
2018-05-04 12:00:00,22.97733333333333,19.214,110.700005,70.25039911883704,52.919695383485475
2018-05-04 12:15:00,34.754,22.3676,130.7,65.2998031503588,90.22022856539786
2018-05-04 12:30:00,32.59066666666667,25.5132,150.0,58.66568692891781,99.79094632833187
2018-05-04 12:45:00,79.57733333333334,28.4004,157.5,40.51107701670895,100.1728812159277
2018-05-04 13:00:00,82.954,31.0912,136.5,24.61719875140534,67.81495265765534
2018-05-04 13:15:00,97.49533333333332,33.6844,82.0,84.20742245122545,-24.499791904243295
2018-05-04 13:30:00,73.17133333333332,36.2284,30.7,84.0045861473294,-86.20210940931122
2018-05-04 13:45:00,47.93333333333333,79.462,12.7,124.21360407956979,-117.85283268800833
2018-05-04 14:00:00,79.78666666666666,174.3868,211.1,189.33316890222795,156.9191674373842
2018-05-04 14:15:00,66.91,154.6776,206.3,194.53880217244807,114.1473531978387
2018-05-04 14:30:00,35.83866666666667,148.2324,126.700005,194.34372612148286,1.0118779769516095
2018-05-04 14:45:00,64.21133333333333,127.532,94.4,95.63912667655723,24.039944547650975
2018-05-04 15:00:00,92.974,150.2408,67.1,117.307848323636,-30.809278141207756
2018-05-04 15:15:00,208.49133333333333,188.6824,82.0,173.38231582149388,-13.342903905068624
2018-05-04 15:30:00,457.0486666666666,274.5544,109.200005,296.96213207455526,-0.18072070864786838
2018-05-04 15:45:00,251.006,362.692,245.6,360.04740745723257,87.83418113887319
2018-05-04 16:00:00,115.76466666666668,455.2572,327.30002,477.54449722985885,234.9836451790776
2018-05-04 16:15:00,112.25,480.5732,413.0,523.389370253373,301.66199903755273
2018-05-04 16:30:00,179.43133333333336,405.9788,489.1,423.4098141803415,438.23906833073215
2018-05-04 16:45:00,186.928,392.5188,433.80002,427.0926180898225,354.28674040427563
2018-05-04 17:00:00,287.21200000000005,384.3236,396.7,401.05738384725726,316.0579331636635
2018-05-04 17:15:00,374.612,393.4552,383.0,432.86440492190707,298.39309144534457
2018-05-04 17:30:00,344.2813333333333,403.524,449.80002,429.46787280477474,402.36325854696224
2018-05-04 17:45:00,325.13199999999995,412.1508,416.30002,443.26188897056943,356.01799248619443
2018-05-04 18:00:00,369.36466666666666,392.88,429.30002,442.62152738993666,387.3051363987257
2018-05-04 18:15:00,575.5546666666667,334.4616,475.5,382.51527043227975,415.2612726295454
2018-05-04 18:30:00,545.2133333333334,317.5788,412.7,366.4591813565834,386.46012740150525
2018-05-04 18:45:00,363.00200000000007,339.554,405.6,398.7095467333934,346.8936287646434
2018-05-04 19:00:00,599.984,392.7524,424.1,388.81378442594774,360.6391170675493
2018-05-04 19:15:00,270.3426666666667,380.324,462.5,359.5591604817812,405.3377497304384
2018-05-04 19:30:00,343.894,333.6464,415.1,346.29650961759154,357.00112425687377
2018-05-04 19:45:00,379.2773333333333,276.196,365.5,267.07780493926987,310.1816638870238
2018-05-04 20:00:00,315.084,204.75,314.2,192.62166777223047,258.57527342408594
2018-05-04 20:15:00,262.6333333333333,127.4952,261.5,134.1161807175934,206.20996886456606
2018-05-04 20:30:00,207.2513333333333,57.0512,208.3,81.80335041472819,150.49252315947916
2018-05-04 20:45:00,168.86866666666668,16.5244,155.40001,30.68450165649304,99.37367440124402
2018-05-05 11:30:00,25.26066666666667,14.7228,100.200005,31.06642735215864,59.51965916368208
2018-05-05 11:45:00,16.941333333333333,18.2816,88.1,63.90160291157261,30.533606695752297
2018-05-05 12:00:00,25.404333333333334,21.616,135.7,62.36656410252789,80.03114540135601
2018-05-05 12:15:00,20.386000000000003,24.7812,132.6,62.72091158514371,106.41364534979215
2018-05-05 12:30:00,20.330666666666666,27.678,196.40001,55.916476978377545,129.7244756356041
2018-05-05 12:45:00,24.075333333333333,29.7936,186.8,37.60298340957712,141.77406495254587
2018-05-05 13:00:00,40.61866666666666,55.3308,89.0,67.12269810849972,-21.785718639547156
2018-05-05 13:15:00,59.62533333333333,118.4784,121.8,131.45946030638476,23.982104349353506
2018-05-05 13:30:00,34.47566666666667,130.6192,208.8,129.69955941132116,123.35492440155554
2018-05-05 13:45:00,35.018,157.9692,204.8,150.49839116428814,107.15262700413189
2018-05-05 14:00:00,58.15533333333334,211.0856,203.5,206.59631115549303,124.09902721994615
2018-05-05 14:15:00,54.548,258.3128,262.7,266.99898513923324,185.25292190681137
2018-05-05 14:30:00,77.98933333333333,282.4404,309.4,295.730718830706,206.82230208265912
2018-05-05 14:45:00,152.54266666666666,319.298,302.4,355.0881032840059,201.3714284793184
2018-05-05 15:00:00,220.772,381.494,325.30002,410.16256579774574,234.93450793641762
2018-05-05 15:15:00,288.58733333333333,442.528,374.9,465.70708005384324,271.46330563978074
2018-05-05 15:30:00,184.8,517.1264,376.4,572.90215891231,284.5655347668022
2018-05-05 15:45:00,242.5493333333333,516.2532,448.4,556.4655599162676,379.84101767993945
2018-05-05 16:00:00,349.028,504.402,451.6,561.2392563104961,384.152555871043
2018-05-05 16:15:00,695.2706666666667,435.0724,455.9,473.2539806158128,384.3293285162034
2018-05-05 16:30:00,521.116,478.4528,406.1,529.5284557690953,292.89758113530627
2018-05-05 16:45:00,323.7573333333333,555.7264,389.80002,614.1666867999168,283.90155008116676
2018-05-05 17:00:00,450.21133333333336,562.4828,512.9,609.980989800265,463.5029929740931
2018-05-05 17:15:00,714.5296666666667,525.8788,450.9,583.1526270846992,397.3498621921211
2018-05-05 17:30:00,500.234,496.7544,472.30002,551.0977696757244,424.0138615946697
2018-05-05 17:45:00,349.782,366.0604,466.9,380.9343400829149,419.3171525829149
2018-05-05 18:00:00,448.5946666666667,286.6644,435.30002,306.60702602063475,387.0097664991504
2018-05-05 18:15:00,226.55133333333333,235.7124,313.9,249.3276459454827,233.4466645001702
2018-05-05 18:30:00,225.62066666666664,173.7376,295.7,167.46849617327393,245.97154793108643
2018-05-05 18:45:00,184.89466666666667,117.1368,233.90001,107.90730042792075,156.15791077948325
2018-05-05 19:00:00,154.34533333333331,70.6688,257.9,64.65225970919664,214.27040851290758
2018-05-05 19:15:00,157.388,41.3356,218.5,38.02142456274299,168.35249450903206
2018-05-05 19:30:00,99.905,42.3592,185.6,50.33186624504225,138.82176492668287
2018-05-05 19:45:00,71.77333333333333,29.6816,198.3,52.86519436473645,146.4635677778224
2018-05-05 20:00:00,40.13133333333334,25.8808,87.8,59.604054087514555,39.798084849233305
2018-05-05 20:15:00,25.92933333333333,23.3412,95.1,56.84284308382789,42.8288812918357
2018-05-05 20:30:00,27.036,19.8704,51.4,62.77077248208553,-9.27025840170353
2018-05-05 20:45:00,25.87333333333333,16.2088,0.0,28.076797539847973,-60.124542181831714
2018-05-06 11:30:00,37.226,70.2324,139.40001,61.53686847132434,105.95072307032336
2018-05-06 11:45:00,55.867333333333335,47.2932,174.5,79.8515712836182,136.3558437445557
2018-05-06 12:00:00,69.49600000000001,64.7884,167.40001,129.85985941049,106.39885324593922
2018-05-06 12:15:00,65.25233333333333,74.4724,213.2,109.56996242162847,151.9088601267066
2018-05-06 12:30:00,81.78999999999999,89.8208,227.0,148.49790639577066,170.65758962330972
2018-05-06 12:45:00,99.57366666666668,103.7352,243.90001,130.212775539792,176.81139309350294
2018-05-06 13:00:00,146.29733333333334,114.3488,259.9,150.94487977570043,216.04216981476293
2018-05-06 13:15:00,121.52933333333334,135.1248,261.4,157.81000944514028,213.76012846369497
2018-05-06 13:30:00,158.792,146.3636,290.5,143.4793724869504,230.8907494400754
2018-05-06 13:45:00,169.32266666666666,186.4332,277.30002,183.44462524527034,195.3132165538641
2018-05-06 14:00:00,134.23733333333334,253.1008,258.9,260.38527498610983,181.72279940017233
2018-05-06 14:15:00,154.782,288.542,320.2,296.7643707689292,239.77700504627296
2018-05-06 14:30:00,290.21,306.5124,348.1,342.05359350244134,269.24771581689447
2018-05-06 14:45:00,302.597,309.4144,359.9,334.8838159428468,289.36016481979993
2018-05-06 15:00:00,233.55666666666667,315.8492,341.2,312.7920611235804,250.1592181060023
2018-05-06 15:15:00,245.89633333333333,332.9916,336.2,330.1221350258745,267.0697363442339
2018-05-06 15:30:00,273.76266666666663,370.6428,302.1,385.9538640448377,198.9935368964002
2018-05-06 15:45:00,439.521,376.6024,334.9,432.4094646982735,240.28113828225787
2018-05-06 16:00:00,272.782,399.042,316.0,441.19214005606,211.9532484544975
2018-05-06 16:15:00,129.86,412.3312,341.80002,423.1048444157276,244.39576848799322
2018-05-06 16:30:00,133.74533333333335,428.4516,342.7,464.5187944028504,237.0611528012879
2018-05-06 16:45:00,286.772,430.7984,341.7,455.51730033606714,253.52254935950464
2018-05-06 17:00:00,381.09,422.5132,343.1,442.16007821217477,249.50504891529977
2018-05-06 17:15:00,313.01,414.3512,338.80002,440.2862987644754,248.74604607892854
2018-05-06 17:30:00,436.0013333333334,414.686,324.80002,463.5663467291654,226.93547209537633
2018-05-06 17:45:00,290.2753333333333,386.4404,355.2,437.7102035823474,287.6228470149646
2018-05-06 18:00:00,265.88533333333334,380.3772,352.80002,428.99297117148365,300.8701836958977
2018-05-06 18:15:00,230.72766666666664,321.9696,274.1,374.5140572028505,198.59756855538956
2018-05-06 18:30:00,240.5133333333333,210.0924,263.2,227.24695135630702,188.6460907606039
2018-05-06 18:45:00,316.04366666666664,204.9964,261.1,236.52819606331911,205.21206447152224
2018-05-06 19:00:00,258.03766666666667,209.1924,247.7,251.5576183909459,184.7294933909459
2018-05-06 19:15:00,187.164,151.088,281.7,193.50835393513404,231.44084905232154
2018-05-06 19:30:00,117.37133333333333,74.35,250.5,99.46678270208571,193.06515611517165
2018-05-06 19:45:00,123.80466666666666,35.4544,184.2,49.51845886236487,133.39982177740393
2018-05-06 20:00:00,101.154,29.0524,140.6,86.07724996606231,111.66503377953887
2018-05-07 11:30:00,8.709333333333332,12.396,81.6,27.17137247593695,36.89276987583929
2018-05-07 11:45:00,13.888666666666667,15.834,112.1,59.53315091843919,52.28856015916185
2018-05-07 12:00:00,20.736666666666668,19.9644,132.5,67.696883207638,75.25443935998175
2018-05-07 12:15:00,36.69166666666667,31.2356,168.1,106.80992957465224,116.7627036225038
2018-05-07 12:30:00,39.190666666666665,56.1896,219.40001,96.38555712390769,167.8105143992983
2018-05-07 12:45:00,36.82866666666666,83.3776,246.7,100.11159769925774,193.70997111234368
2018-05-07 13:00:00,52.46366666666667,109.0016,266.6,147.90790634341965,234.30916671939622
2018-05-07 13:15:00,57.13533333333333,124.5912,284.1,158.98228332717878,244.43978759963971
2018-05-07 13:30:00,80.41733333333333,163.8956,286.7,199.42902098474497,227.59113035974497
2018-05-07 13:45:00,73.96766666666667,222.382,300.5,232.69194799439265,244.7614670373614
2018-05-07 14:00:00,96.22133333333332,253.272,352.9,260.0469894955529,304.02761083344353
2018-05-07 14:15:00,90.82,274.6364,370.30002,308.95511618847377,314.44043723339564
2018-05-07 14:30:00,131.26033333333334,292.9308,375.4,306.8344807637833,348.3422017110489
2018-05-07 14:45:00,71.19800000000001,316.77,383.7,332.32120993898775,321.55277732180025
2018-05-07 15:00:00,99.02533333333332,349.736,388.4,385.2611863946099,312.45530870906305
2018-05-07 15:15:00,164.91899999999998,383.3996,406.7,393.3212090304114,329.72178276088016
2018-05-07 15:30:00,179.58599999999998,406.6456,401.30002,432.63806984685937,317.8492820050625
2018-05-07 15:45:00,213.2,420.8448,413.80002,433.7705471449584,363.31907009417716
2018-05-07 16:00:00,297.50933333333336,431.5828,427.2,465.2026583339077,353.7849032069546
2018-05-07 16:15:00,175.94,430.0924,434.7,465.0190992965431,355.4117689742775
2018-05-07 16:30:00,133.92333333333332,428.1652,432.80002,460.4120845032204,345.63345901493915
2018-05-07 16:45:00,168.3646666666667,430.83,423.5,451.40806448017827,336.2000871852564
2018-05-07 17:00:00,211.00833333333333,438.5916,421.9,465.2683311574244,358.9893699757838
2018-05-07 17:15:00,240.46866666666668,432.4384,422.5,481.29461872128115,360.6882802203046
2018-05-07 17:30:00,355.8186666666667,417.86,433.2,456.850076343356,393.2449738042935
2018-05-07 17:45:00,369.89166666666665,384.6236,670.7,433.6980152385371,631.4795036571162
2018-05-07 18:00:00,325.172,337.5392,648.8,361.6169374247603,595.9785001536421
2018-05-07 18:15:00,295.402,285.2404,616.60004,309.7634835750803,560.2523694545969
2018-05-07 18:30:00,254.3703333333333,228.2856,581.10004,253.21187452070444,523.3832860349867
2018-05-07 18:45:00,248.55266666666665,172.296,542.0,180.16913244098947,486.6825983223371
2018-05-07 19:00:00,229.282,95.4456,499.9,93.67628456078114,447.15968872032704
2018-05-07 19:15:00,234.8443333333333,46.9504,454.80002,57.15746067126719,401.4602312858912
2018-05-07 19:30:00,196.984,30.4408,407.5,46.586575244258995,353.4911219819299
2018-05-07 19:45:00,73.30466666666666,27.064,358.0,46.24914880276515,292.02729363919093
2018-05-07 20:00:00,68.92766666666667,24.1264,306.7,86.03730241282045,252.54626504404604
2018-05-07 20:15:00,55.444,21.0624,254.0,48.311280414328536,200.72281567739006
2018-05-07 20:30:00,45.94466666666667,17.672,98.8,57.25671657826297,35.556750147598905
2018-05-07 20:45:00,40.87866666666667,14.2428,60.7,23.08956804590514,1.0550831826238891
2018-05-08 11:30:00,112.732,111.9704,128.6,96.39281576484436,98.6244785150885
2018-05-08 11:45:00,170.71599999999998,148.7428,180.7,139.27492309553122,149.65906787855124
2018-05-08 12:00:00,250.154,185.77,236.0,185.43937108006358,203.847888917588
2018-05-08 12:15:00,263.1513333333333,236.3056,292.7,237.05261963528994,255.46113747281436
2018-05-08 12:30:00,366.366,281.0332,336.4,288.45252276636666,306.3429513094575
2018-05-08 12:45:00,367.679,323.6712,394.9,295.79684713375485,355.8642089654199
2018-05-08 13:00:00,358.934,350.988,402.4,332.82346745923047,370.64212819531446
2018-05-08 13:15:00,447.8846666666667,357.1892,440.30002,372.0438467312217,419.3986860561729
2018-05-08 13:30:00,324.1066666666667,334.1896,445.9,375.125233636768,382.8994798525883
2018-05-08 13:45:00,280.7966666666667,352.8304,454.4,379.8909419052967,400.3402522080311
2018-05-08 14:00:00,238.34,388.6108,432.6,399.6967065108619,392.2717339766822
2018-05-08 14:15:00,195.6906666666667,424.0488,439.5,448.1817588569751,407.2516593696704
2018-05-08 14:30:00,186.496,423.9852,485.6,450.19289774167635,436.5419883178482
2018-05-08 14:45:00,332.23066666666665,459.496,516.5,502.58004300723485,479.9611160052817
2018-05-08 15:00:00,570.615,502.0392,518.9,516.5855659246253,483.3193610906409
2018-05-08 15:15:00,400.3473333333333,545.764,558.9,576.8983529633285,518.5372232025863
2018-05-08 15:30:00,344.6433333333333,568.6108,515.60004,612.0321519152253,465.55415508905344
2018-05-08 15:45:00,367.736,525.7548,574.2,566.9648755334298,535.2385266564767
2018-05-08 16:00:00,463.7726666666667,548.3756,502.5,586.2440381448337,452.5399670999118
2018-05-08 16:15:00,552.1493333333333,605.2152,531.8,648.1305609635875,493.0484686784313
2018-05-08 16:30:00,537.6655238095238,605.0244,523.7,638.157918247976,473.5436146591088
2018-05-08 16:45:00,555.1757142857143,642.006,527.3,635.2944630163803,483.22450146852873
2018-05-08 17:00:00,543.8223408521303,616.3772,601.8,618.2181186937538,551.3902073168007
2018-05-08 17:15:00,513.7305263157895,577.1648,570.7,598.2209367380682,510.0195970163885
2018-05-08 17:30:00,521.6528947368421,568.2876,581.2,576.4722014579961,522.3328887138555
2018-05-08 17:45:00,421.58,469.7004,623.10004,511.07677467849317,599.6773491719014
2018-05-08 18:00:00,505.722,371.2928,461.1,446.6806151827535,422.3687713106832
2018-05-08 18:15:00,603.4806666666666,444.1816,300.1,471.57544340354923,221.75391020042423
2018-05-08 18:30:00,502.29,401.9872,472.0,434.7820777099412,413.0821112792771
2018-05-08 18:45:00,364.4620000000001,269.1912,440.4,316.51395447136684,379.07563049675747
2018-05-08 19:00:00,478.6073333333333,165.0796,302.30002,186.16104420381015,251.25833424287265
2018-05-08 19:15:00,278.9273333333333,191.2992,221.6,219.32088366312678,176.4426182822674
2018-05-08 19:30:00,249.3753333333333,259.3996,224.3,274.5277877053543,176.60943748562772
2018-05-08 19:45:00,347.7753333333333,156.1848,284.30002,186.44303229761738,249.38989356470722
2018-05-08 20:00:00,122.02,81.8492,303.1,136.34968025698328,249.5130465747323
2018-05-08 20:15:00,114.85733333333334,30.4812,197.5,84.706605792072,166.19584453108567
2018-05-08 20:30:00,94.84066666666668,18.7704,144.2,54.61601612896561,119.75417301983475
2018-05-08 20:45:00,47.21666666666667,15.3808,65.9,20.71049362650369,-1.3239912367775588
2018-05-09 11:30:00,39.87733333333333,16.556,97.8,23.299163558304954,67.25800678950613
2018-05-09 11:45:00,40.190666666666665,41.8128,106.4,73.32259468316354,47.94169716119089
2018-05-09 12:00:00,40.76733333333333,95.4572,149.6,124.64102910916566,86.78075384061097
2018-05-09 12:15:00,64.78219178082192,160.1784,201.5,176.07395892992315,138.21368366136846
2018-05-09 12:30:00,110.83630136986302,172.5248,236.2,210.6311266040621,176.88390370367148
2018-05-09 12:45:00,156.89041095890414,230.4428,281.7,260.00068617032673,222.02168226407673
2018-05-09 13:00:00,202.9445205479452,304.9636,313.5,323.6733184273353,251.05646662069466
2018-05-09 13:15:00,248.0492420091324,363.766,355.5,370.6285677935919,304.4768801715216
2018-05-09 13:30:00,339.82466666666664,386.8788,456.30002,411.4850265013933,389.45054163811204
2018-05-09 13:45:00,359.82533333333333,390.3168,413.4,432.96748650134987,362.9024535423655
2018-05-09 14:00:00,494.35266666666666,350.2684,477.7,393.0724294344983,427.68325401945924
2018-05-09 14:15:00,450.111,398.3528,400.30002,446.6242548100788,355.7652460210163
2018-05-09 14:30:00,387.78333333333336,441.3136,401.6,475.3967406823501,362.36808467649075
2018-05-09 14:45:00,520.884,436.4712,435.9,480.50468353217707,384.4757833856927
2018-05-09 15:00:00,414.7613333333333,468.9224,400.1,524.7039909338366,326.3455162023913
2018-05-09 15:15:00,425.3853333333333,413.0248,453.4,431.5667492541148,400.25061766231795
2018-05-09 15:30:00,415.904,404.868,353.6,417.26866374338044,276.6771720441617
2018-05-09 15:45:00,425.339,411.0596,359.5,419.341972598384,249.74944330150902
2018-05-09 16:00:00,308.2736666666667,366.8612,350.4,360.25106355563014,281.0069839657864
2018-05-09 16:15:00,364.246,392.6544,229.0,412.4507968590091,71.62471653674345
2018-05-09 16:30:00,320.536,355.1592,302.30002,365.48929044410875,209.79852506324937
2018-05-09 16:45:00,498.7426666666667,436.516,177.1,461.82426818163424,58.00011046679049
2018-05-09 17:00:00,275.91633333333334,390.8536,395.0,430.03452089060977,319.85175111521914
2018-05-09 17:15:00,306.2613333333333,359.6964,290.5,369.0779220257881,185.00593105899122
2018-05-09 17:30:00,331.951,373.976,289.30002,390.7495911361898,211.73936774751792
2018-05-09 17:45:00,323.186,398.3568,267.6,446.9027986609011,172.3671999060183
2018-05-09 18:00:00,390.9426666666667,379.6772,368.80002,422.82753812801684,330.02166044246997
2018-05-09 18:15:00,602.766,313.5628,382.2,363.03352241326263,338.05108527947357
2018-05-09 18:30:00,651.0503333333334,361.3424,290.4,419.9519688756402,234.14920398306208
2018-05-09 18:45:00,141.58566666666667,326.054,378.2,367.71267959135497,319.13406631010497
2018-05-09 19:00:00,250.9473333333333,196.7636,407.9,243.52480490327605,342.4376619589401
2018-05-09 19:15:00,246.45366666666663,151.3308,263.4,198.0486193698373,220.3054553073373
2018-05-09 19:30:00,333.7426666666667,98.4232,222.8,150.3292752683335,173.35826696755225
2018-05-09 19:45:00,288.15566666666666,30.5044,243.5,55.70898502596981,183.88667362460262
2018-05-09 20:00:00,92.93,24.6216,96.700005,49.23375694229037,54.22405235244662
2018-05-09 20:15:00,44.88366666666666,21.8712,50.9,36.02710012608577,2.760895292101395
2018-05-09 20:30:00,22.197333333333333,42.9168,65.8,68.21377972199585,16.30972698762085
2018-05-09 20:45:00,29.151,84.3436,84.5,82.19014142524198,58.76776669990018
2018-05-10 11:30:00,21.99333333333333,14.9528,126.9,21.374347694435897,95.54068089298326
2018-05-10 11:45:00,62.01266666666667,16.9116,94.4,54.99994550391344,33.299979073249375
2018-05-10 12:00:00,121.418,26.4012,140.40001,48.425915980405875,84.416669154234
2018-05-10 12:15:00,150.71133333333333,50.3568,179.8,99.77564590245476,122.02663772374382
2018-05-10 12:30:00,167.31233333333333,65.3072,218.3,100.47491576633234,159.77073790988703
2018-05-10 12:45:00,190.355,76.1872,213.40001,91.50604943594567,174.61525658926598
2018-05-10 13:00:00,151.08100000000002,100.8036,205.0,138.87975518725995,156.06516473315838
2018-05-10 13:15:00,244.311,146.2804,217.2,183.98056099538962,178.56424019460837
2018-05-10 13:45:00,98.49866666666668,196.7604,291.1,200.77459622338858,234.63613797143546
2018-05-10 14:00:00,165.62233333333333,207.8688,285.2,206.179320116412,213.30538823164636
2018-05-10 14:15:00,301.12666666666667,228.9468,273.5,221.8894135103427,159.25657049276458
2018-05-10 14:30:00,163.29966666666667,233.5168,331.80002,231.72416014349528,254.54956907904216
2018-05-10 14:45:00,190.11766666666665,265.0352,229.0,256.9814581968443,119.47211981793805
2018-05-10 15:00:00,210.30733333333333,284.7956,236.2,278.2206201574553,80.13095951292405
2018-05-10 15:15:00,156.24166666666667,338.3892,275.2,339.27690436066507,170.42796637238382
2018-05-10 15:30:00,75.09233333333333,425.0892,278.2,440.59607995045076,170.654002313732
2018-05-10 15:45:00,164.85866666666666,466.736,297.6,507.31283484733103,219.7144156578779
2018-05-10 16:00:00,402.5006666666667,502.0888,270.7,524.609987809538,128.36839540231142
2018-05-10 16:15:00,358.1316666666667,475.0672,386.30002,511.23499968061367,277.26771452436367
2018-05-10 16:30:00,496.10066666666665,444.1544,413.9,470.1464891285218,318.5667772144593
2018-05-10 16:45:00,458.67333333333335,499.6184,375.0,547.4679255302733,263.6450037773436
2018-05-10 17:00:00,298.4556666666667,594.7064,491.5,607.9151867027698,443.3008831139026
2018-05-10 17:15:00,368.7706666666666,515.5188,580.10004,542.9936954311796,517.7542087368437
2018-05-10 17:30:00,631.6596666666667,376.052,604.2,426.70297204263716,543.313407528477
2018-05-10 17:45:00,536.3393333333333,321.962,422.9,361.2148837423158,378.40029328821424
2018-05-10 18:00:00,199.48433333333327,368.5388,291.2,427.01367269150546,216.62463460556796
2018-05-10 18:15:00,121.565,407.2156,333.5,432.9229115981244,293.0842427748822
2018-05-10 18:30:00,204.0473333333333,578.0352,373.2,539.710238361736,326.96132078208507
2018-05-10 18:45:00,177.75666666666666,491.458,500.0,474.98517341873657,460.32850380203735
2018-05-10 19:00:00,163.07533333333333,298.6588,513.7,342.9259962503708,463.34163517401583
2018-05-10 19:15:00,193.767,174.7188,399.4,221.28908358286662,359.6580830640678
2018-05-10 19:30:00,166.28333333333333,73.3372,287.1,86.30607274832852,230.24551061453946
2018-05-10 19:45:00,105.128,36.3116,207.40001,64.12606130500149,146.09954152961086
2018-05-10 20:00:00,91.938,25.342,168.90001,73.64315217971222,113.91399568557159
2018-05-10 20:15:00,81.05566666666667,22.0064,104.9,60.034422967633134,52.343520257672196
2018-05-10 20:30:00,60.89466666666667,18.6468,67.9,49.56944587711786,11.590441970867857
2018-05-10 20:45:00,32.840333333333334,15.1516,55.5,18.58400839388713,-5.852499784823806
2018-05-11 11:30:00,148.15733333333336,99.9384,131.2,81.43456269817992,96.29269792156859
2018-05-11 11:45:00,209.9693333333333,153.0904,184.0,130.9829634546915,145.84109867808016
2018-05-11 12:00:00,263.388,201.6444,233.3,181.89885440520843,196.7569896285971
2018-05-11 12:15:00,315.5433333333333,234.1224,286.6,234.78159198417137,247.83355006827782
2018-05-11 12:30:00,365.5606666666666,256.7248,338.4,250.38354295312735,298.2277602535424
2018-05-11 12:45:00,322.40566666666666,287.8712,380.6,276.6062210036339,347.3001850081505
2018-05-11 13:00:00,461.6943333333333,287.7444,428.6,317.7035001658144,394.53764666544816
2018-05-11 13:15:00,447.2153333333334,342.9016,395.4,362.67821436638354,343.7280877184343
2018-05-11 13:30:00,519.9503333333333,479.3124,429.7,468.8068975589662,367.1644338748842
2018-05-11 13:45:00,577.9203333333334,593.094,552.2,558.075801282213,521.2602743199327
2018-05-11 14:00:00,628.5493333333333,633.4616,607.3,599.0212925396197,549.2949703655474
2018-05-11 14:15:00,644.5196666666667,666.8996,641.2,631.7373951257688,585.4156883539182
2018-05-11 14:30:00,680.9253333333332,696.5308,671.10004,660.7795358504543,617.9970117415676
2018-05-11 14:45:00,710.822,722.1972,697.3,685.9665104326879,643.1839863238012
2018-05-11 15:00:00,731.9789999999999,743.73,720.2,707.1448439701054,669.6277112110112
2018-05-11 15:15:00,748.1366666666667,761.0144,738.2,724.1878362053764,686.6707034462821
2018-05-11 15:30:00,764.6890000000001,773.996,752.10004,736.994942293116,696.5867992495979
2018-05-11 15:45:00,799.0786666666667,782.608,761.7,745.4913777344428,705.0832346909248
2018-05-11 16:00:00,532.2379999999999,786.8076,766.8,749.627874717779,707.3924583054255
2018-05-11 16:15:00,794.9240000000001,786.5728,767.7,749.3805433600221,707.1451269476686
2018-05-11 16:30:00,796.65,781.906,764.2,744.750810355975,702.5153939436215
2018-05-11 16:45:00,774.0939999999999,772.8312,756.4,735.7654225358727,693.5300061235192
2018-05-11 17:00:00,669.6103333333334,759.3944,744.2,722.4765160628514,680.2410996504979
2018-05-11 17:15:00,742.0776666666667,737.6872,727.9,700.1959438791284,677.7629323472986
2018-05-11 17:30:00,699.0313333333332,706.7256,707.3,673.0216224151728,656.1258079963801
2018-05-11 17:45:00,686.8736666666666,682.1596,682.8,649.1427706277651,630.4959929979128
2018-05-11 18:00:00,652.7723333333332,656.8116,654.2,623.4630448192986,601.0300332874688
2018-05-11 18:15:00,618.5426666666666,621.944,622.0,586.5591172802054,567.9123396503531
2018-05-11 18:30:00,584.225,570.1072,586.2,528.7711671741891,538.5040872248102
2018-05-11 18:45:00,541.4153333333333,541.5312,547.10004,508.50453815899107,498.7560907407782
2018-05-11 19:00:00,493.5946666666667,507.942,504.6,471.3822540232354,456.0966094919854
2018-05-11 19:15:00,445.79266666666666,461.6012,459.4,426.133130302582,410.847485771332
2018-05-11 19:30:00,395.456,412.2288,411.5,378.6660486027648,363.3804040715148
2018-05-11 19:45:00,303.40333333333336,360.6044,361.6,325.6307992400111,306.9840216101588
2018-05-11 20:00:00,302.874,307.1616,309.80002,273.37379967321726,256.47798525442454
2018-05-11 20:15:00,250.095,252.4364,256.6,213.00222133055843,205.37247823134578
2018-05-11 20:30:00,176.20133333333334,197.1112,203.0,159.37104186398307,139.50462588650504
2018-05-11 20:45:00,91.27333333333333,142.136,149.7,102.6636679707683,90.212637597195
2018-05-12 11:30:00,100.178,67.19,115.5,76.4966351762037,74.05718968059823
2018-05-12 11:45:00,107.84266666666666,119.1804,168.8,125.80766413973555,140.25655101107344
2018-05-12 12:00:00,87.20599999999999,168.4424,228.5,176.5238181379977,194.4142466810885
2018-05-12 12:15:00,118.53166666666668,208.9448,301.2,200.90112651447936,249.3791967735736
2018-05-12 12:30:00,149.16133333333337,286.7376,353.80002,282.498516062403,294.89640615334537
2018-05-12 12:45:00,201.5656666666667,415.2096,404.7,381.2931865512375,343.8235915957932
2018-05-12 13:00:00,283.044,468.0516,445.5,433.1626891182811,395.64555635918686
2018-05-12 13:15:00,382.9546666666666,514.4392,499.6,478.01394597728324,435.7785295649297
2018-05-12 13:30:00,560.9003333333333,557.8748,542.9,520.2466823508205,482.04651660222424
2018-05-12 13:45:00,586.8080000000001,598.1064,583.10004,559.5437243592412,532.3448913705022
2018-05-12 14:00:00,620.8403333333333,634.9108,620.10004,595.6282703447748,568.4294373560358
2018-05-12 14:15:00,654.128,668.0892,653.8,628.2584889607926,601.0596559720536
2018-05-12 14:30:00,684.6363333333334,697.464,683.9,657.2240424012391,630.0252094125001
2018-05-12 14:45:00,709.0773333333333,722.8788,709.9,682.3438228425647,662.2923568544055
2018-05-12 15:00:00,730.2636666666666,744.1784,731.2,703.4644710566821,683.4130050685229
2018-05-12 15:15:00,748.5553333333334,761.2512,736.5,720.4594076481345,680.0512646046164
2018-05-12 15:30:00,761.2283333333332,774.0288,756.9,733.2282040866461,706.0293710979071
2018-05-12 15:45:00,770.7360000000001,782.4464,767.2,741.696180932202,714.497347943463
2018-05-12 16:00:00,774.4316666666667,786.4612,778.10004,745.8141597085566,730.3876851373286
2018-05-12 16:15:00,776.06,786.052,779.10004,745.5583214463487,729.4221586884752
2018-05-12 16:30:00,774.1990000000001,781.2212,775.60004,740.9301441414725,724.793981383599
2018-05-12 16:45:00,773.372,771.9936,767.8,731.9564065250582,721.9280328067965
2018-05-12 17:00:00,762.8266666666666,758.4168,755.8,718.6892589118092,712.5599368598073
2018-05-12 17:15:00,740.3263333333333,740.5616,739.3,701.2063753708497,695.0770533188478
2018-05-12 17:30:00,718.394,718.5204,718.7,679.6112169590358,673.4818949070338
2018-05-12 17:45:00,694.4793333333333,692.4092,694.3,654.0334556445118,647.9041335925099
2018-05-12 18:00:00,664.8716666666667,662.3884,665.3,624.6296362589762,618.5003142069743
2018-05-12 18:15:00,629.258,628.6184,633.2,591.5841948109977,586.4692293721549
2018-05-12 18:30:00,593.428,591.2592,597.4,555.1110150186357,549.996049579793
2018-05-12 18:45:00,560.101,550.5156,558.2,515.4558074036673,510.34084196482456
2018-05-12 19:00:00,480.83866666666665,506.6176,507.4,468.1339457477261,456.76360444676175
2018-05-12 19:15:00,388.693,459.8256,429.80002,422.9994464221134,386.18391945983313
2018-05-12 19:30:00,447.0916666666666,410.4432,422.9,375.65907549767155,375.30993151573796
2018-05-12 19:45:00,386.3666666666667,322.8584,372.9,279.9202329694161,326.20123692144244
2018-05-12 20:00:00,308.84766666666667,171.8404,321.30002,168.69138596102678,274.83737633273086
2018-05-12 20:15:00,106.243,69.8528,268.0,95.46271337912842,223.90919508384033
2018-05-12 20:30:00,59.56733333333333,20.354,176.90001,44.838080919943366,137.83253625746778
2018-05-12 20:45:00,45.749,15.1124,115.6,18.0997602001124,85.35218253287607
2018-05-13 11:30:00,47.489333333333335,13.294,87.4,17.38440168169747,52.782602670467
2018-05-13 11:45:00,64.17566666666667,16.7208,116.8,48.5722025539815,74.45390879177447
2018-05-13 12:00:00,78.8,30.204,145.8,87.93702852913015,83.40162813850515
2018-05-13 12:15:00,90.71033333333334,85.6896,174.90001,126.35401195445877,116.06920665660721
2018-05-13 12:30:00,117.70266666666666,187.6372,199.8,216.05559759048663,153.08033208755694
2018-05-13 12:45:00,151.4646666666667,294.932,243.3,271.916063030114,171.85479899202807
2018-05-13 13:00:00,533.446,381.3092,324.0,375.5945314600048,267.78741018314935
2018-05-13 13:15:00,499.6710000000001,495.0064,417.2,455.38926118358665,381.0746478413015
2018-05-13 13:30:00,566.3233333333334,541.1352,467.4,506.77715464237,418.08859797122744
2018-05-13 13:45:00,581.3293333333334,580.8792,548.5,547.7237318534869,514.6944387931842
2018-05-13 14:00:00,614.9240000000001,617.2396,606.4,583.7161843859911,554.7511069857836
2018-05-13 14:15:00,647.5013333333334,650.0124,639.8,616.2636103155626,584.4075226309312
2018-05-13 14:30:00,676.9726666666667,679.0184,669.60004,645.1557091602464,613.299621475615
2018-05-13 14:45:00,700.3776666666666,704.1016,695.4,670.211450857059,636.5280898035923
2018-05-13 15:00:00,721.4746666666667,725.18,717.8,691.277573707892,657.5942126544252
2018-05-13 15:15:00,739.0949999999999,742.146,735.7,708.2276014245516,674.5442403710848
2018-05-13 15:30:00,751.9366666666666,754.86,749.60004,720.961204327242,687.2778432737751
2018-05-13 15:45:00,759.088,763.256,759.3,729.4037907981724,695.7204297447056
2018-05-13 16:00:00,763.4493333333334,767.29,764.60004,733.5062546469544,703.8581442572449
2018-05-13 16:15:00,765.8746666666666,766.94,765.7,733.2448309243578,714.5980532945055
2018-05-13 16:30:00,760.258,762.2072,762.5,728.6210321587871,709.9742545289348
2018-05-13 16:45:00,751.6020000000001,753.1148,754.9,719.6616523002969,701.0148746704446
2018-05-13 17:00:00,739.3546666666666,739.7084,743.10004,706.4188391655597,694.9194285362872
2018-05-13 17:15:00,721.772,722.056,726.9,688.9702497968713,682.09583058453
2018-05-13 17:30:00,702.3726666666666,700.248,706.5,665.6683556060457,660.5448996047639
2018-05-13 17:45:00,676.7766666666666,674.3968,682.10004,640.1447267783223,635.0212707770405
2018-05-13 18:00:00,646.5153333333333,644.5172,653.4,610.8049260497066,605.6814700484249
2018-05-13 18:15:00,613.7216666666667,610.7756,621.4,577.8333959261857,572.0002517382585
2018-05-13 18:30:00,577.3953333333334,573.484,585.9,539.2639950956203,535.6109313215114
2018-05-13 18:45:00,547.1793333333334,532.8528,546.9,492.6167433518827,496.0496704835355
2018-05-13 19:00:00,478.2223333333333,489.1232,503.0,450.16501444181546,453.5979415734683
2018-05-13 19:15:00,243.0136666666667,410.198,429.0,375.8813478478975,378.91559047790236
2018-05-13 19:30:00,236.90833333333333,281.898,377.6,265.22600258034976,335.91996658486636
2018-05-13 19:45:00,374.308,207.4232,297.80002,211.84303173664597,261.3392780745366
2018-05-13 20:00:00,247.151,185.9448,239.5,166.0637507270092,203.88241146309318
2018-05-13 20:15:00,136.237,182.9824,185.5,172.9536307782933,153.13028559396713
2018-05-13 20:30:00,70.66133333333333,39.594,141.0,58.75145079724663,102.7102940284478
2018-05-13 20:45:00,57.85266666666666,14.4444,123.6,16.103062636056322,86.79702664057292
2018-05-14 11:30:00,45.294,13.3756,79.8,16.17879841224925,54.13658878700511
2018-05-14 11:45:00,58.772000000000006,16.8024,109.4,46.45362861699604,43.597015457816354
2018-05-14 12:00:00,76.36533333333334,23.7244,146.0,85.6211960925566,87.55337840456832
2018-05-14 12:15:00,94.26466666666668,43.8328,175.0,89.73333980506419,119.46370174354075
2018-05-14 12:30:00,111.31733333333334,76.0484,197.2,119.00289006763984,150.43778081471015
2018-05-14 12:45:00,133.892,110.7188,221.3,168.10889173935396,154.0651753086899
2018-05-14 13:00:00,161.46,134.4232,249.3,187.95340744637952,210.21024338387952
2018-05-14 13:15:00,195.83866666666663,164.0728,260.6,190.17886695958498,205.01008949376467
2018-05-14 13:30:00,247.95966666666664,221.612,273.5,274.5797871743545,230.91282550443265
2018-05-14 13:45:00,300.83566666666667,319.7896,305.6,362.8204286927148,244.1852663391992
2018-05-14 14:00:00,346.45533333333333,429.4464,374.5,454.36745331914756,327.11086152227256
2018-05-14 14:15:00,438.78,545.5692,456.4,535.4158194737855,403.8256362157289
2018-05-14 14:30:00,484.2033333333333,649.656,552.7,603.6259299875331,493.95706096897845
2018-05-14 14:45:00,704.1253333333334,703.6684,701.2,670.4618905557204,648.0288790238906
2018-05-14 15:00:00,719.0176666666666,726.046,721.7,691.4766612536387,669.0436497218088
2018-05-14 15:15:00,737.1993333333334,743.086,739.5,708.3849308424341,685.9519193106042
2018-05-14 15:30:00,747.3776666666666,755.8876,753.3,721.0864510376769,698.653439505847
2018-05-14 15:45:00,758.034,764.3832,762.8,729.5067008425882,714.2210563113382
2018-05-14 16:00:00,762.6679999999999,768.5288,768.10004,733.5966293647344,722.9359762504156
2018-05-14 16:15:00,762.8246666666666,768.3016,769.0,733.3325088684795,722.6718557541607
2018-05-14 16:30:00,759.4453333333333,763.702,765.7,728.7158697571331,718.0552166428142
2018-05-14 16:45:00,751.3173333333333,754.7532,758.10004,719.7735046499022,708.4031633489378
2018-05-14 17:00:00,741.482,741.4996,746.10004,706.5575423652509,695.1872010642866
2018-05-14 17:15:00,723.7136666666667,724.0092,730.2,689.145606382752,683.8830541213995
2018-05-14 17:30:00,702.9273333333333,702.3712,710.10004,667.6410881945079,666.2775875994151
2018-05-14 17:45:00,675.5566666666667,676.6988,686.0,642.1735863183837,640.810085723291
2018-05-14 18:00:00,643.2246666666667,647.0936,655.0,612.899590168057,611.5360895729642
2018-05-14 18:15:00,610.5643333333334,613.7136,623.10004,580.0035301047159,578.6400295096231
2018-05-14 18:30:00,573.544,576.7732,587.8,543.6993804160729,542.3358798209802
2018-05-14 18:45:00,532.7126666666667,536.476,549.0,504.2331077427505,502.86960714765775
2018-05-14 19:00:00,489.0973333333333,493.0536,507.1,458.10020143656817,460.52293474345294
2018-05-14 19:15:00,441.7903333333333,446.7712,462.2,413.19647142089997,415.61920472778473
2018-05-14 19:30:00,388.4673333333333,397.9368,414.9,364.3589963772338,368.5326928951781
2018-05-14 19:45:00,336.3523333333333,346.9164,365.30002,306.2640715680062,319.70383940553063
2018-05-14 20:00:00,284.77733333333333,294.1556,313.9,247.9904110997528,269.66514730151596
2018-05-14 20:15:00,230.996,240.2112,261.1,202.8479257408112,215.18855245742498
2018-05-14 20:30:00,173.10233333333332,185.816,207.6,145.21494762056622,159.5728590881184
2018-05-14 20:45:00,115.50433333333334,132.0372,154.2,89.0913568268036,106.4062743911957
2018-05-15 11:30:00,120.938,135.1716,123.0,80.79771163944115,88.74276092532982
2018-05-15 11:45:00,201.5113333333333,188.2816,175.1,149.14063508566133,137.3436727052521
2018-05-15 12:00:00,253.2723333333333,241.8212,231.5,199.26513311824206,187.46817073783282
2018-05-15 12:15:00,304.2026666666667,294.842,284.30002,257.06455022629393,232.04517633255614
2018-05-15 12:30:00,351.514,334.8152,336.2,291.83941958596716,279.47948096444617
2018-05-15 12:45:00,401.017,365.1876,386.30002,328.8782977420905,327.9854087192634
2018-05-15 13:00:00,447.892,442.8176,434.30002,396.62566020760687,378.1080116895214
2018-05-15 13:15:00,491.4173333333334,489.5448,480.0,449.35809953893886,426.1446653195785
2018-05-15 13:30:00,532.147,531.8872,523.0,491.26689458800905,473.3188517184412
2018-05-15 13:45:00,569.8863333333334,571.1096,562.9,530.2687314858046,512.3206886162367
2018-05-15 14:00:00,606.3523333333334,606.9832,599.7,573.1722758255911,548.1382420502615
2018-05-15 14:15:00,655.078,639.3076,633.2,598.4775595551871,577.6385064011954
2018-05-15 14:30:00,600.8213333333333,667.906,663.0,627.232270753878,606.3932175998863
2018-05-15 14:45:00,559.3813333333333,692.6236,689.3,652.169487685034,629.5031611622069
2018-05-15 15:00:00,712.081,713.6048,710.0,673.1360891538986,650.4697626310715
2018-05-15 15:15:00,732.1713333333333,730.7472,728.0,690.005751787875,667.3394252650479
2018-05-15 15:30:00,631.1020000000001,743.6904,742.0,709.7642821825779,680.011964753989
2018-05-15 15:45:00,736.9696666666666,752.3668,751.60004,718.165231008434,688.4129135798452
2018-05-15 16:00:00,757.0193333333334,756.7316,756.9,722.245576673124,696.5285099082924
2018-05-15 16:15:00,758.4786666666666,756.7624,757.60004,724.1616923710637,707.265877952271
2018-05-15 16:30:00,756.9330000000001,752.4596,753.9,719.5549490278115,702.6591346090188
2018-05-15 16:45:00,761.019,743.846,728.2,710.6322019492147,671.2088983450888
2018-05-15 17:00:00,763.5360000000001,730.9672,682.10004,697.4455446257722,650.3231863036286
2018-05-15 17:15:00,744.2686666666667,713.8908,698.2,680.072550620256,640.6492470161301
2018-05-15 17:30:00,636.3356666666666,692.708,696.7,658.6165517825367,648.8681043643238
2018-05-15 17:45:00,453.717,667.5312,670.9,633.2070845226364,616.3112701038436
2018-05-15 18:00:00,498.0733333333334,638.2672,641.10004,604.0005842259859,587.1047698071932
2018-05-15 18:15:00,618.2620000000001,605.0808,608.9,571.1814505733375,554.2856361545448
2018-05-15 18:30:00,567.3113333333333,568.3888,573.10004,534.9636728646462,525.2152254464334
2018-05-15 18:45:00,526.4766666666667,528.398,534.2,495.59331181351234,485.84486439529945
2018-05-15 19:00:00,486.2793333333333,485.342,492.1,451.1722346181579,443.6038676137634
2018-05-15 19:15:00,420.12033333333335,395.018,447.1,370.03404608928645,398.8160132523724
2018-05-15 19:30:00,381.2363333333333,203.0748,399.7,237.33202182547416,351.85635959402885
2018-05-15 19:45:00,338.8456666666667,56.5988,271.2,83.81555981907616,245.16249509129295
2018-05-15 20:00:00,153.25066666666666,24.9536,175.0,51.86640409956223,117.05764250288254
2018-05-15 20:15:00,113.49966666666666,20.9052,127.5,47.85826947186527,66.65300824139652
2018-05-15 20:30:00,74.682,17.5912,91.4,59.85114862419343,32.461118716966865
2018-05-15 20:45:00,63.477,14.0508,69.4,12.337578448616,30.72918764051053
2018-05-16 11:30:00,30.016666666666666,12.3616,71.9,-49.73606151079164,34.58709675336851
2018-05-16 11:45:00,44.37833333333334,15.784,100.3,42.26028039941531,36.38610437402468
2018-05-16 12:00:00,27.497333333333337,19.0688,117.9,81.03770560022167,58.443253695924795
2018-05-16 12:15:00,36.88733333333333,25.1888,144.8,48.09472777738529,94.14065673246341
2018-05-16 12:30:00,42.04066666666667,42.2052,183.7,84.57809563880647,120.5017101407596
2018-05-16 12:45:00,48.693333333333335,62.7436,192.6,60.127413335705285,161.16121155347872
2018-05-16 13:00:00,38.77333333333333,74.7872,207.2,101.67234259375846,159.73768072852408
2018-05-16 13:15:00,37.39866666666667,83.74,206.40001,97.43903928438425,157.100843483603
2018-05-16 13:30:00,29.374,104.7248,204.7,120.67690968641728,123.36486745008915
2018-05-16 13:45:00,39.90866666666667,151.3092,228.8,176.91612677196497,153.78133062938684
2018-05-16 14:00:00,53.91433333333334,197.4664,243.2,202.22387145413154,189.67418883694404
2018-05-16 14:15:00,67.21533333333333,219.7736,257.2,244.96895282126195,180.0381056532932
2018-05-16 14:30:00,71.73733333333332,229.974,265.30002,250.96019923353708,167.42174708509958
2018-05-16 14:45:00,57.992333333333335,241.2304,242.2,235.65027674682062,143.36603602416437
2018-05-16 15:00:00,78.82,247.4924,225.1,260.45971554513517,119.06255978341642
2018-05-16 15:15:00,69.13866666666667,268.358,201.90001,277.29391935713033,66.66879728681783
2018-05-16 15:30:00,90.04133333333333,281.9276,207.5,289.94056786697274,79.31544579666024
2018-05-16 15:45:00,112.85933333333332,291.5148,207.7,282.07028612755835,69.53830370568335
2018-05-16 16:00:00,130.754,290.122,199.7,302.39891478122127,45.584949937471265
2018-05-16 16:15:00,135.77333333333334,303.264,207.7,298.2501016325706,77.51932770678934
2018-05-16 16:30:00,120.14966666666666,307.9264,212.8,304.5144320170107,93.7125826517763
2018-05-16 16:45:00,146.76466666666664,301.9964,213.7,295.6138495140841,78.01805483634973
2018-05-16 17:00:00,123.00133333333332,296.3724,224.8,290.88747500503257,79.1194391163607
2018-05-16 17:15:00,106.82566666666666,290.5088,212.1,299.83121198020945,56.17889874778757
2018-05-16 17:30:00,103.99866666666668,265.722,213.3,278.42575774804516,135.88620696679516
2018-05-16 17:45:00,107.44,225.2068,228.2,209.9734825445114,173.55688708552702
2018-05-16 18:00:00,136.088,183.6336,208.90001,178.37608121822325,131.79859708736387
2018-05-16 18:15:00,109.26466666666668,151.9172,185.2,145.63522614092517,74.79498566240954
2018-05-16 18:30:00,115.88733333333332,112.6312,190.6,109.5049100449005,107.4663358261505
2018-05-16 18:45:00,117.55933333333334,69.76,193.6,66.7317226989058,118.48187528679642
2018-05-16 19:00:00,99.34133333333332,35.8744,162.8,28.0964359280012,100.77520790065745
2018-05-16 19:15:00,84.67866666666667,32.2052,149.7,47.556195887245735,110.44102254740199
2018-05-16 19:30:00,69.63499999999999,29.594,113.1,69.0243066019699,60.38496334025115
2018-05-16 19:45:00,54.82933333333334,26.808,106.1,81.32554510185196,58.855986386031645
2018-05-16 20:00:00,39.552,24.0528,96.4,42.93199338132408,53.85032834226158
2018-05-16 20:15:00,34.63066666666667,21.0092,72.6,62.68450930605806,14.105896024808061
2018-05-16 20:30:00,22.573,17.7676,43.4,52.48673957517488,-7.312592089864182
2018-05-17 11:30:00,21.07266666666667,12.0636,83.5,14.35821853200433,52.176879268088314
2018-05-17 11:45:00,40.89033333333334,15.4788,113.700005,40.18813665939953,80.88023718430188
2018-05-17 12:00:00,42.55533333333334,18.7872,132.0,78.77292026193976,68.22572482736945
2018-05-17 12:15:00,62.22633333333333,21.8172,155.8,61.725496687973674,101.99634019383305
2018-05-17 12:30:00,63.08266666666667,27.2256,170.8,69.76000822376011,117.40951383899449
2018-05-17 12:45:00,69.39666666666668,41.6568,178.3,72.04920156884873,137.14649160791123
2018-05-17 13:00:00,81.77166666666668,57.9692,197.5,65.90396400090754,154.39386268254816
2018-05-17 13:15:00,84.38933333333333,61.4144,214.7,75.93001349120777,154.1607568994109
2018-05-17 13:30:00,85.87866666666667,82.9248,195.8,72.07528411185046,120.32589446341296
2018-05-17 13:45:00,87.46066666666667,135.2056,188.5,130.1828860697841,108.85723299361223
2018-05-17 14:00:00,73.04400000000001,176.5708,219.6,192.11379397202722,165.45791018296472
2018-05-17 14:15:00,81.32133333333333,220.3568,242.2,214.27783727748783,135.45331335170658
2018-05-17 14:30:00,83.37633333333333,263.852,267.0,271.56086010489435,164.0835041478631
2018-05-17 14:45:00,105.23133333333334,272.3328,278.30002,276.6425514756975,188.9150429307756
2018-05-17 15:00:00,84.61533333333334,262.9372,267.7,253.14064049598835,158.11573815223835
2018-05-17 15:15:00,97.76766666666666,279.6032,244.5,269.9425271995759,132.43318882066967
2018-05-17 15:30:00,110.976,298.3224,242.3,293.42484882433143,75.80610492784706
2018-05-17 15:45:00,98.11466666666666,308.9024,239.2,293.39771521872797,98.45676673239984
2018-05-17 16:00:00,93.97466666666666,309.3808,248.2,305.8661260071227,102.52667898563834
2018-05-17 16:15:00,116.46533333333332,318.4944,232.90001,314.0394587172709,102.27142282859904
2018-05-17 16:30:00,112.054,304.5504,255.0,301.0319307968283,111.80942713471893
2018-05-17 16:45:00,129.584,271.886,240.3,285.1853272062964,94.17824712817139
2018-05-17 17:00:00,139.9523333333333,268.4056,200.1,268.17656154022404,68.05046290741154
2018-05-17 17:15:00,214.662,263.5752,220.40001,275.2953395686434,113.37868307450276
2018-05-17 17:30:00,183.153,249.2276,221.1,280.5204660361029,111.41286105563415
2018-05-17 17:45:00,247.66,228.6072,221.8,223.53409877509466,134.6850081989228
2018-05-17 18:00:00,203.8733333333333,206.12,224.6,220.7428490481036,131.83443230005673
2018-05-17 18:15:00,137.63966666666664,162.1172,214.7,193.50427891888933,99.17310216107683
2018-05-17 18:30:00,113.437,102.5604,187.0,110.36480590812602,104.43841430656352
2018-05-17 18:45:00,112.95,55.8336,159.7,65.75814099192417,84.66936535715854
2018-05-17 19:00:00,130.968,35.2788,148.6,25.27244683106227,73.52305718262477
2018-05-17 19:15:00,93.45033333333336,32.144,136.8,44.84824045820358,81.8332563273442
2018-05-17 19:30:00,77.07466666666666,29.4748,110.8,66.4425817426091,57.80323848089034
2018-05-17 19:45:00,53.55166666666666,26.6324,89.3,78.88149233377976,50.102287011514136
2018-05-17 20:00:00,53.052,23.8244,91.3,78.73414030672251,51.557596117269384
2018-05-17 20:15:00,34.50933333333333,20.7036,64.4,60.560742126900664,11.982128845650664
2018-05-17 20:30:00,33.666666666666664,17.4016,38.8,50.557187811888525,-13.868700249634912
2018-05-18 11:30:00,25.002333333333336,12.826,74.200005,12.538180308955035,53.75283713878902
2018-05-18 11:45:00,37.239333333333335,16.2148,91.4,59.6499639514584,32.25993404423184
2018-05-18 12:00:00,38.45433333333333,19.4704,132.0,69.37907882057434,65.98083968483215
2018-05-18 12:15:00,32.70766666666667,29.378,169.2,84.48534486833452,116.94791505876421
2018-05-18 12:30:00,61.09733333333333,60.712,191.3,108.64728713840026,138.63155532687682
2018-05-18 12:45:00,139.05633333333336,98.7296,218.0,146.6989027120644,162.96439038296285
2018-05-18 13:00:00,189.395,138.2064,250.90001,173.91229303386808,198.35333307293058
2018-05-18 13:15:00,253.8853333333333,185.3404,262.30002,218.08238979426034,224.9908980950416
2018-05-18 13:30:00,266.80333333333334,223.5756,297.30002,259.6945823987625,328.3672355970047
2018-05-18 13:45:00,258.077,239.0768,311.5,267.449844817112,272.3136296071511
2018-05-18 14:00:00,198.04433333333333,263.9336,322.4,285.1857229148012,267.1801992331606
2018-05-18 14:15:00,147.686,297.1744,322.5,347.80906989741436,290.22059943843
2018-05-18 14:30:00,233.748,338.4524,348.2,382.5223653842464,310.37000637545736
2018-05-18 14:45:00,169.92066666666668,406.8536,376.30002,448.74660016517976,326.714434637836
2018-05-18 15:00:00,198.7423333333333,482.4912,413.6,524.3752669733698,384.5356521052057
2018-05-18 15:15:00,317.933,474.1476,487.1,506.5833170831802,437.35379437810207
2018-05-18 15:30:00,636.716,388.16,430.2,411.57505186669346,376.93244322411533
2018-05-18 15:45:00,184.7243333333333,378.5156,344.2,475.5196536327579,244.15757782709386
2018-05-18 16:00:00,167.53433333333334,393.5744,372.80002,424.0050724534292,289.5337589768667
2018-05-18 16:15:00,206.6353333333333,401.262,357.30002,423.75828105260587,247.97977763463712
2018-05-18 16:30:00,178.22,381.1296,356.30002,419.19714533741546,243.4186419194467
2018-05-18 16:45:00,307.66133333333335,329.4652,308.1,342.04714302438094,231.33806709664657
2018-05-18 17:00:00,77.86366666666666,309.6952,262.6,326.904355105896,172.54662805511475
2018-05-18 17:15:00,124.153,331.6168,293.0,360.3379001655902,212.2377719917621
2018-05-18 17:30:00,201.0893333333333,311.9796,335.7,339.03927416085753,269.48681444406066
2018-05-18 17:45:00,274.368,256.9148,323.80002,265.1958335627644,249.3148521174519
2018-05-18 18:00:00,278.591,227.8864,274.1,236.2009922215026,194.89480936017446
2018-05-18 18:15:00,206.48166666666663,170.6128,280.4,185.05138694145774,221.48089133598899
2018-05-18 18:30:00,164.51166666666668,141.15,230.0,166.4284304143829,151.78676781672664
2018-05-18 18:45:00,242.886,95.5248,215.7,110.02052839507633,162.24800642242008
2018-05-18 19:00:00,241.51533333333333,43.0132,225.7,41.82342674288242,187.04225303682773
2018-05-18 19:15:00,211.146,32.258,170.90001,42.22805056596019,127.71460757279613
2018-05-18 19:30:00,151.15833333333333,29.3276,148.6,63.94809143459207,102.33090393459207
2018-05-18 19:45:00,123.76566666666666,26.4936,116.700005,76.52367387781266,80.76859270105484
2018-05-18 20:00:00,78.47066666666666,23.7,96.4,78.79845019600137,50.12169238350137
2018-05-18 20:15:00,44.68366666666667,20.574,82.5,50.76474343061318,33.71622048139443
2018-05-18 20:30:00,63.576,17.2848,75.1,48.70683879887082,10.846563530316132
2018-05-19 11:45:00,43.66133333333333,16.0808,108.9,52.25983602010308,76.7916277071148
2018-05-19 12:00:00,56.36666666666667,23.2044,137.2,54.24021551216137,76.2366831024934
2018-05-19 12:15:00,65.559,44.3644,162.5,77.1545806683128,107.31702573667218
2018-05-19 12:30:00,89.304,81.7848,184.6,121.69979672209132,148.01220516935695
2018-05-19 12:45:00,135.81,137.0072,207.2,176.7079602556151,140.52013982104478
2018-05-19 13:00:00,207.83666666666667,211.0052,247.8,238.10013382511625,195.5852565057803
2018-05-19 13:15:00,389.0953333333334,331.826,285.2,338.82230613423684,258.9041085024009
2018-05-19 13:30:00,469.17533333333336,458.834,357.4,444.1241663648534,292.6546610547948
2018-05-19 13:45:00,547.1426666666666,518.5128,460.5,488.576100400493,396.9595537696336
2018-05-19 14:00:00,537.2026666666667,606.5292,502.30002,568.1498184526453,435.4832229936609
2018-05-19 14:15:00,639.1643333333334,627.6316,533.0,594.7302673403835,467.60086899443627
2018-05-19 14:30:00,670.788,619.0272,540.3,584.7185503388724,477.2762133027396
2018-05-19 14:45:00,718.1166666666667,629.1944,524.7,611.0362225751622,475.4493924360021
2018-05-19 15:00:00,714.4813333333333,627.0188,511.5,624.4632974436561,462.76275880840217
2018-05-19 15:15:00,695.0306666666667,634.2268,514.3,635.8533732781251,482.02929185722667
2018-05-19 15:30:00,691.763,637.3168,461.80002,659.9342641711216,399.57602976560406
2018-05-19 15:45:00,830.212,676.1472,469.0,662.1508990408105,407.92965422879877
2018-05-19 16:00:00,655.8383333333334,710.984,491.0,672.02165427899,452.71304527020095
2018-05-19 16:15:00,749.9073333333333,698.0968,601.8,671.7860043966175,548.0646298848987
2018-05-19 16:30:00,793.151,696.1328,571.9,667.2451980350402,514.0182082889464
2018-05-19 16:45:00,816.0169999999999,695.5532,591.5,658.4257790048202,534.7044044931015
2018-05-19 17:00:00,736.499,672.9024,647.9,645.3795403089941,624.7753265943945
2018-05-19 17:15:00,602.6373333333333,655.1008,646.7,628.1836966502719,609.8236807811313
2018-05-19 17:30:00,704.7173333333334,643.0424,684.2,606.9411806187223,635.7231477818083
2018-05-19 17:45:00,681.996,639.1976,630.0,600.8301629657,589.0332005852907
2018-05-19 18:00:00,680.3113333333333,638.814,631.3,601.6929836701418,586.2665090989137
2018-05-19 18:15:00,614.8376666666667,606.908,599.60004,569.1940123145604,553.7675377433324
2018-05-19 18:30:00,568.4646666666666,570.1936,564.5,533.3314839162325,517.9050093450045
2018-05-19 18:45:00,525.5286666666667,530.1204,525.9,494.3516072531713,478.9251326819433
2018-05-19 19:00:00,484.5386666666666,486.9184,484.2,452.5369562826994,437.1104817114714
2018-05-19 19:15:00,437.44466666666665,440.8496,439.80002,403.4468945773181,392.78624146299927
2018-05-19 19:30:00,386.3056666666667,392.2208,392.9,356.9908126186113,346.33015950429245
2018-05-19 19:45:00,336.5313333333333,341.3996,343.7,308.849540935367,298.1888878210481
2018-05-19 20:00:00,282.6206666666667,288.8316,292.80002,255.78036200153946,244.280951372267
2018-05-19 20:15:00,229.14566666666667,223.2288,240.90001,184.81433910657708,187.39989215661828
2018-05-19 20:30:00,175.17766666666665,143.652,188.40001,116.51759684687298,138.15219700937908
2018-05-20 11:45:00,183.742,107.7936,149.8,108.67165237889947,123.63862854467095
2018-05-20 12:00:00,266.341,143.8272,204.5,122.32743289359291,173.58318259604653
2018-05-20 12:15:00,322.35266666666666,187.6732,249.90001,181.4025710964535,222.3748840236996
2018-05-20 12:30:00,350.0,232.88,300.4,227.0214751857922,271.4241508144543
2018-05-20 12:45:00,397.156,280.8096,343.7,274.87895891117824,302.393302172897
2018-05-20 13:00:00,446.90833333333336,380.1624,377.1,363.18216898867263,335.9800701422371
2018-05-20 13:15:00,503.0436666666666,483.1992,415.4,449.63831812333154,379.94748789261865
2018-05-20 13:30:00,542.8813333333333,528.7708,471.30002,491.06873025146876,433.9233292504922
2018-05-20 13:45:00,582.1803333333334,568.5212,512.4,529.6414874480984,472.49608644712185
2018-05-20 14:00:00,614.6513333333334,604.9004,584.5,569.843757131135,532.3266243720408
2018-05-20 14:15:00,647.3103333333333,637.708,617.9,601.9012110341795,561.4930679906614
2018-05-20 14:30:00,677.7976666666667,666.7672,647.8,630.3690831272402,588.1336667148867
2018-05-20 14:45:00,703.086,691.924,673.5,655.0663631403935,612.83094672804
2018-05-20 15:00:00,724.1053333333333,713.0144,696.10004,675.8399643291516,633.6045479167981
2018-05-20 15:15:00,740.84,729.93,714.10004,692.563636977832,650.3282205654784
2018-05-20 15:30:00,753.7043333333334,742.6144,727.9,705.1372582069914,677.9384252182524
2018-05-20 15:45:00,763.234,751.002,737.4,713.4863744285816,686.2875414398426
2018-05-20 16:00:00,766.1373333333333,755.0512,742.7,717.5619160606915,690.3630830719525
2018-05-20 16:15:00,764.136,754.7408,743.7,717.3400333266162,690.1412003378772
2018-05-20 16:30:00,758.0046666666666,750.0728,740.4,712.8220229585356,692.7705569703764
2018-05-20 16:45:00,748.2766666666666,741.072,732.8,704.0343320757372,688.6078575045092
2018-05-20 17:00:00,735.2766666666666,727.7844,720.8,691.0286399687365,675.6021653975084
2018-05-20 17:15:00,714.4206666666666,710.2792,704.60004,673.8820330866369,658.4555585154088
2018-05-20 17:30:00,690.953,688.648,684.3,652.6973053126086,637.2708307413806
2018-05-20 17:45:00,664.6946666666666,663.004,660.0,627.6034372594654,612.1769626882374
2018-05-20 18:00:00,629.043,633.5068,632.10004,598.7563386603869,582.6201759025133
2018-05-20 18:15:00,590.4966666666667,600.3136,600.10004,561.5741616615784,550.203820360614
2018-05-20 18:30:00,544.985,563.5812,564.60004,525.8023135541739,514.4319722532096
2018-05-20 18:45:00,490.874,510.9264,525.7,472.1178931355109,475.5508202671637
2018-05-20 19:00:00,271.77833333333336,451.3984,483.80002,403.3722876814837,433.84302609243343
2018-05-20 19:15:00,322.1896666666667,433.1384,439.30002,401.0043806620225,389.63403936105817
2018-05-20 19:30:00,319.8586666666667,385.8444,392.1,350.8862714335898,344.0118522212485
2018-05-20 19:45:00,244.738,335.1904,342.80002,301.12824586960824,296.0047898683265
2018-05-20 20:00:00,159.61066666666665,271.5596,291.6,232.51006380935522,246.8679752769074
2018-05-20 20:15:00,102.77833333333334,205.5188,239.7,161.32638370510148,185.5235201072316
2018-05-20 20:30:00,51.66466666666667,162.174,187.1,121.13248482134367,136.45973577883268
2018-05-21 11:45:00,175.81,158.3412,154.90001,115.27383248874654,125.08845346042622
2018-05-21 12:00:00,239.394,195.6356,217.2,166.82243483249522,174.07451956455088
2018-05-21 12:15:00,292.591,242.958,266.80002,216.2315224848153,223.48360721687095
2018-05-21 12:30:00,342.42133333333334,288.2588,319.80002,265.1444358685052,266.589494691137
2018-05-21 12:45:00,404.612,336.9644,363.6,312.88105704501555,320.1331417770712
2018-05-21 13:00:00,450.08,386.6856,409.80002,358.9053325469189,366.15741727897455
2018-05-21 13:15:00,489.062,441.4712,465.1,402.77626691579184,414.0925673079427
2018-05-21 13:30:00,530.7786666666667,496.092,511.7,449.629658289959,450.7187457762261
2018-05-21 13:45:00,575.4393333333334,535.5184,549.8,485.97286855258676,489.21553670444223
2018-05-21 14:00:00,614.131,600.5152,590.7,562.0552643927899,539.6222528609601
2018-05-21 14:15:00,639.4063333333332,634.3128,624.3,598.8216753845929,571.6228423958539
2018-05-21 14:30:00,667.634,663.0068,653.8,627.2420156633003,600.0431826745613
2018-05-21 14:45:00,691.3963333333334,684.9092,679.4,647.1352036069885,624.7021920751587
2018-05-21 15:00:00,719.4873333333333,701.3796,696.8,667.8797487013445,645.4467371695147
2018-05-21 15:15:00,747.0406666666667,724.9944,706.2,689.3493638976564,647.1139474853029
2018-05-21 15:30:00,765.9716666666667,737.8152,705.8,701.9122449056316,662.5805140630413
2018-05-21 15:45:00,769.096,746.0796,716.0,710.2597127347972,662.8713384061839
2018-05-21 16:00:00,742.6353333333334,750.0496,736.0,714.3426377753701,672.1072213630166
2018-05-21 16:15:00,781.3629999999999,749.6948,710.2,714.1370940660698,672.5557456468804
2018-05-21 16:30:00,749.9826666666667,745.0172,732.4,709.6442844841916,682.4454514954526
2018-05-21 16:45:00,711.1433333333333,725.448,717.2,692.3384890468317,660.4824013622003
2018-05-21 17:00:00,693.7106666666666,682.5588,716.9,636.5314551295246,672.5009499491657
2018-05-21 17:15:00,695.2653333333333,654.802,704.10004,621.9984350277127,654.6957054210843
2018-05-21 17:30:00,692.474,642.346,683.7,598.3105461903457,633.5703528233413
2018-05-21 17:45:00,654.4153333333333,628.5788,659.60004,581.3556850532409,608.544026193988
2018-05-21 18:00:00,612.3979999999999,588.4876,627.3,544.5126740858232,580.4821689054643
2018-05-21 18:15:00,568.1553333333334,554.5916,595.60004,514.7422812580111,548.1492398380282
2018-05-21 18:30:00,415.19,491.17,560.4,471.4555783979929,512.468587469343
2018-05-21 18:45:00,286.26233333333334,454.9888,518.10004,432.6733485732703,473.6863576446204
2018-05-21 19:00:00,338.367,419.2912,480.30002,400.2571936825535,432.085271952512
2018-05-21 19:15:00,353.16,368.0972,436.1,346.97799977020946,387.99100884155956
2018-05-21 19:30:00,349.789,317.08,384.2,302.5755483096874,330.0100218242443
2018-05-21 19:45:00,187.98533333333336,272.3656,340.1,252.89505918038873,293.9080682517388
2018-05-21 20:00:00,200.39866666666663,186.5736,289.30002,158.6930863813668,244.91532206099328
2018-05-21 20:15:00,87.63066666666667,61.1808,229.3,92.51296898133413,168.69304748780385
2018-05-21 20:30:00,54.81066666666666,30.18,130.1,43.62920956397642,87.58805279517759
2018-05-22 11:45:00,30.85333333333333,15.474,98.700005,46.28600660966171,56.007404009564056
2018-05-22 12:00:00,42.537000000000006,18.76,127.9,47.712235702864774,69.7087032931968
2018-05-22 12:15:00,45.72133333333333,23.1624,150.1,70.58976728240867,90.20574933807274
2018-05-22 12:30:00,56.45033333333333,35.9436,169.6,69.51366058832008,105.4372750902732
2018-05-22 12:45:00,64.15266666666666,58.4,186.2,86.15315231758342,141.38792404609904
2018-05-22 13:00:00,75.481,68.81,204.40001,104.86336778408179,169.9606578231443
2018-05-22 13:15:00,85.94533333333334,75.6304,204.8,65.84441019055708,140.0017893409477
2018-05-22 13:30:00,101.828,109.3168,194.8,121.60185282297135,143.66078226633073
2018-05-22 13:45:00,122.98933333333332,155.726,205.2,191.52574502070968,139.09221230586593
2018-05-22 14:00:00,137.547,200.5696,231.90001,207.82554505186522,154.0270526202246
2018-05-22 14:15:00,154.19333333333333,259.6016,257.5,295.5814513929381,203.06420896129748
2018-05-22 14:30:00,152.334,299.6656,308.0,323.95755942962137,244.88797935149637
2018-05-22 14:45:00,166.51566666666668,296.9192,319.4,334.13799346551946,238.97420562372258
2018-05-22 15:00:00,193.527,321.8496,283.6,349.61765769335705,193.52167991015392
2018-05-22 15:15:00,209.56666666666663,335.9372,307.0,371.54361773479627,210.20865679729627
2018-05-22 15:30:00,220.9463333333333,358.0384,300.9,371.35108810578686,205.88722091828686
2018-05-22 15:45:00,249.36366666666663,369.3912,320.2,406.89088992319387,231.11238650522512
2018-05-22 16:00:00,256.8023333333333,379.04,319.80002,410.9838739947978,243.20122018620407
2018-05-22 16:15:00,269.1736666666667,388.5844,320.2,410.7971849377956,243.01453112920183
2018-05-22 16:30:00,305.2393333333333,404.758,306.30002,433.54129785283067,265.1535109875963
2018-05-22 16:45:00,347.17966666666666,409.1604,341.9,458.4666495164238,263.142964824041
2018-05-22 17:00:00,370.686,439.1124,336.4,467.9549697010352,250.22436362193366
2018-05-22 17:15:00,420.244,447.2628,369.9,458.18707855569016,307.8989315830339
2018-05-22 17:30:00,468.909,431.1228,400.80002,444.9519103458266,337.949072211061
2018-05-22 17:45:00,465.26666666666665,398.7852,401.80002,429.2432109120268,357.50080978897995
2018-05-22 18:00:00,587.991,384.02,366.2,431.1888856386853,325.0090302920056
2018-05-22 18:15:00,486.93666666666667,349.7416,387.2,404.95637894440165,329.70845413971415
2018-05-22 18:30:00,386.6616666666667,282.0536,409.30002,337.65612412102735,352.7584037841133
2018-05-22 18:45:00,284.83,223.4264,359.1,281.7396916389626,308.4151524543923
2018-05-22 19:00:00,304.2453333333333,146.44,281.7,190.86898547111804,227.54993945061022
2018-05-22 19:15:00,287.62833333333333,92.4968,223.3,119.40518556522352,184.04912172245008
2018-05-22 19:30:00,193.9713333333333,57.1704,188.7,100.80230005714742,138.73479517433492
2018-05-22 19:45:00,193.489,27.5912,122.200005,65.29904423705159,72.20755253783284
2018-05-22 20:00:00,159.433,23.3548,86.5,68.25518034846425,60.14087675959706
2018-05-22 20:15:00,120.67833333333331,20.6016,63.8,52.38642368383353,-3.759160422611785
2018-05-22 20:30:00,100.922,17.1488,77.1,42.09365652878219,16.712759006809534
2018-05-23 11:45:00,55.91333333333333,14.008,108.1,44.34243729740393,68.87422898441565
2018-05-23 12:00:00,70.97466666666666,24.386,135.5,54.550907609908506,70.93149232670538
2018-05-23 12:15:00,83.95366666666668,49.7588,160.5,104.540241950513,104.21036218977082
2018-05-23 12:30:00,99.57,84.9072,187.0,116.5324688094916,131.87672234953067
2018-05-23 12:45:00,120.15566666666668,117.3324,218.5,164.46892787359383,159.09522487066414
2018-05-23 13:00:00,153.91199999999998,151.6484,241.0,180.99093532653842,176.05073452087436
2018-05-23 13:15:00,198.59266666666664,201.0004,263.2,256.2164505277005,224.2001693997708
2018-05-23 13:30:00,200.65666666666667,254.178,282.4,297.1091902951971,220.58781273172053
2018-05-23 13:45:00,201.65133333333333,313.1256,315.9,350.53310820083965,285.17922636490215
2018-05-23 14:00:00,194.388,372.0728,340.6,404.10065235987656,296.5859428872203
2018-05-23 14:15:00,210.272,429.4064,385.30002,458.25231635589785,326.08735358734316
2018-05-23 14:30:00,303.915,458.5592,417.0,486.5874946587495,447.80952529839794
2018-05-23 14:45:00,269.07,481.46,450.80002,511.1796694982629,410.6375552404504
2018-05-23 15:00:00,314.6903333333333,514.7884,476.5,548.0358706157958,431.3334475200927
2018-05-23 15:15:00,299.092,541.5632,485.0,564.7090678930276,448.0066447973245
2018-05-23 15:30:00,272.893,561.4652,528.2,577.2592824610972,479.34093224137064
2018-05-23 15:45:00,301.5793333333333,566.8304,548.9,585.6118720954013,497.4105323737216
2018-05-23 16:00:00,283.3713333333333,578.7616,525.0,589.7175402625714,486.1872973426496
2018-05-23 16:15:00,327.291,558.6852,512.2,589.5521628650027,472.8497397692996
2018-05-23 16:30:00,405.798,534.806,503.6,568.9564014471525,468.41428718934003
2018-05-23 16:45:00,406.76,546.4096,519.4,576.4372504361493,477.74674445470396
2018-05-23 17:00:00,413.913,558.8636,486.30002,565.2908329443746,446.86261028812464
2018-05-23 17:15:00,402.8653333333333,510.1416,504.4,546.576673035846,438.584958558307
2018-05-23 17:30:00,447.5686666666667,452.628,511.1,485.24508238586816,461.14857054504785
2018-05-23 17:45:00,444.005,409.4948,437.80002,457.1401588636088,401.99634477669474
2018-05-23 18:00:00,374.166,365.004,383.7,397.8818705456946,323.7439768689368
2018-05-23 18:15:00,290.61,294.494,327.5,353.4303667257809,290.1786119650387
2018-05-23 18:30:00,264.8333333333333,251.1564,289.5,280.79704608523537,239.79367389285255
2018-05-23 18:45:00,258.46566666666666,220.2,281.1,279.34890318681454,249.12127257158016
2018-05-23 19:00:00,257.257,169.6344,265.0,200.82414001172674,225.7445654267658
2018-05-23 19:15:00,231.07666666666668,90.8664,238.2,117.23368987502249,172.5764175361553
2018-05-23 19:30:00,191.28333333333333,29.2828,189.8,52.802843485217295,135.43266526256104
2018-05-23 19:45:00,169.983,24.1056,141.3,63.37784268259412,87.81888272165662
2018-05-23 20:00:00,115.05766666666666,21.272,91.0,66.47344207776416,40.35898590100635
2018-05-23 20:15:00,83.93599999999999,18.08,71.3,50.75724809702672,26.197052174175155
2018-05-23 20:30:00,63.23866666666667,14.8344,43.7,40.636091443364194,-13.503221300776431
2018-05-24 11:45:00,36.928,14.826,98.9,42.4249053939794,66.95669708099112
2018-05-24 12:00:00,52.09,22.1656,117.700005,52.45587053364656,53.01066484517
2018-05-24 12:15:00,71.819,44.6408,145.5,83.09274895281331,85.68842156023518
2018-05-24 12:30:00,95.56266666666669,79.8948,170.1,114.1623997157854,130.4460911220354
2018-05-24 12:45:00,115.24333333333334,116.2684,197.0,176.13983804730066,161.69406778362878
2018-05-24 13:00:00,153.24466666666666,152.4224,220.1,178.41164126637693,182.77264895680662
2018-05-24 13:15:00,186.5173333333333,218.7348,235.7,250.87735864368437,176.73946496692656
2018-05-24 13:30:00,229.40666666666667,297.9448,261.6,327.7565826792541,216.4451050181213
2018-05-24 13:45:00,258.4153333333333,356.16,299.7,388.30059976645794,254.73436136313762
2018-05-24 14:00:00,306.411,409.598,367.2,439.6523902846868,322.9499671889837
2018-05-24 14:15:00,332.3906666666666,457.196,412.5,471.5024939314567,372.81198795001137
2018-05-24 14:30:00,389.522,509.4612,475.1,505.94022753364914,412.1127281440007
2018-05-24 14:45:00,513.2206666666667,563.3448,487.80002,556.783931907882,436.16230028556754
2018-05-24 15:00:00,469.1766666666666,615.8624,546.5,608.8220896084006,490.9005884487326
2018-05-24 15:15:00,512.3023333333333,669.1352,588.2,631.2843903017487,523.8420532656158
2018-05-24 15:30:00,732.441,722.5628,603.5,687.9002204148173,542.4020667282939
2018-05-24 15:45:00,808.1080000000001,732.922,645.7,696.2594932590996,607.1416114841973
2018-05-24 16:00:00,739.6046666666666,737.1524,714.60004,700.3804176248078,658.8245323098664
2018-05-24 16:15:00,745.9386666666667,737.0348,715.60004,700.2387480245085,662.2220453725309
2018-05-24 16:30:00,702.9686666666668,723.348,712.2,690.2981196864914,663.0840054973435
2018-05-24 16:45:00,701.59,691.39,704.7,645.3549570662306,654.4447254759596
2018-05-24 17:00:00,716.6963333333333,664.4148,675.8,630.3043749726105,637.5564597046662
2018-05-24 17:15:00,708.44,613.0628,645.3,607.5721096705458,617.1825260828994
2018-05-24 17:30:00,713.74,550.8056,591.0,538.4332960701383,570.2061194038786
2018-05-24 17:45:00,480.264,460.398,558.60004,503.39019290598105,522.5664395490475
2018-05-24 18:00:00,260.612,381.0992,470.5,442.1821427738714,415.35590986371517
2018-05-24 18:15:00,399.3686666666666,310.3232,362.30002,365.90236113001197,320.71389982630103
2018-05-24 18:30:00,271.05766666666665,255.1528,299.6,280.3184636603703,256.0814031134953
2018-05-24 18:45:00,168.69333333333333,196.0108,266.0,239.9147509870495,217.5959033307995
2018-05-24 19:00:00,166.227,128.736,223.1,189.2406042479443,176.31277832020993
2018-05-24 19:15:00,195.16766666666663,81.9948,194.2,96.68824080466345,161.78553084372595
2018-05-24 19:30:00,182.472,58.9552,145.6,111.69456703989738,84.31663735239738
2018-05-24 19:45:00,163.83733333333333,26.8376,128.0,61.544682883342546,86.46510829838161
2018-05-24 20:00:00,137.04366666666667,22.8136,109.6,64.77720916682932,42.020449523274635
2018-05-24 20:15:00,100.123,19.598,105.4,49.2102172782152,40.9380004813402
2018-05-24 20:30:00,62.63933333333333,16.3132,92.1,39.25615590359047,48.97755330349281
2018-05-25 11:45:00,68.81566666666666,20.6864,97.5,40.53470705004037,65.06649873705209
2018-05-25 12:00:00,108.80566666666668,54.9152,142.40001,88.80591900120908,98.52731640111142
2018-05-25 12:15:00,141.897,117.4456,180.2,137.61789148724733,115.58340662396608
2018-05-25 12:30:00,190.128,203.4464,230.1,192.1561967702208,163.98152941182235
2018-05-25 12:45:00,391.56,287.8276,311.0,302.0885451078666,277.26014354231484
2018-05-25 13:00:00,430.494,389.4452,384.80002,345.9464905355474,338.60962606411186
2018-05-25 13:15:00,464.2553333333333,463.5416,458.30002,430.558110416182,398.62571257377476
2018-05-25 13:30:00,425.4476666666667,507.9228,501.30002,473.34371021996634,439.66034916649954
2018-05-25 13:45:00,552.3576666666667,547.9444,541.5,515.3569100206242,477.8873150651799
2018-05-25 14:00:00,584.126,584.618,578.3,550.4956719948715,528.0626604630417
2018-05-25 14:15:00,616.7543333333334,617.7324,611.60004,582.3023484699152,559.8693369380853
2018-05-25 14:30:00,647.294,645.198,641.5,610.5655721000822,588.1325605682524
2018-05-25 14:45:00,672.1716666666667,663.1084,667.4,629.5665996765042,617.8299811576749
2018-05-25 15:00:00,693.9526666666667,682.0468,689.0,648.0462520098108,640.4778850054163
2018-05-25 15:15:00,711.232,710.6256,706.8,672.4181663805723,661.7575132662535
2018-05-25 15:30:00,723.6946666666666,724.122,720.4,689.7330505344929,674.3065759632649
2018-05-25 15:45:00,733.6066666666667,732.7872,729.8,698.1016926734504,682.6752181022224
2018-05-25 16:00:00,738.8743333333333,737.1124,734.9,702.240390088327,686.813915517099
2018-05-25 16:15:00,746.5093333333333,737.0756,735.8,702.1247614254423,685.9885986675688
2018-05-25 16:30:00,755.1569999999999,732.678,732.4,697.7554868844408,681.6193241265672
2018-05-25 16:45:00,740.0543333333334,723.942,717.7,689.158310423479,669.1068444353198
2018-05-25 17:00:00,724.672,697.0624,712.9,656.8150359405765,670.254803778101
2018-05-25 17:15:00,707.215,660.4576,696.7,612.9022610597036,653.3798401765249
2018-05-25 17:30:00,695.9653333333333,670.798,676.60004,633.8694805965135,632.5059800014208
2018-05-25 17:45:00,705.8240000000001,646.8328,652.60004,609.124765588704,607.7612649936112
2018-05-25 18:00:00,577.6536666666667,617.4612,619.10004,580.6641779989321,569.2938366979678
2018-05-25 18:15:00,383.06433333333337,584.306,589.60004,548.67083141265,543.4082791512975
2018-05-25 18:30:00,353.57,505.0304,549.3,469.2901678523673,502.6971264323844
2018-05-25 18:45:00,203.537,374.9664,520.5,367.4612810367648,474.62162802162806
2018-05-25 19:00:00,197.132,333.6692,465.30002,326.28299992973876,411.3594793647058
2018-05-25 19:15:00,185.054,246.898,409.9,276.4994921869405,354.50684406224565
2018-05-25 19:30:00,173.32466666666667,190.59,336.4,236.12701104615155,304.9377992007536
2018-05-25 19:45:00,126.892,165.6204,253.3,183.41061823820905,220.53461878752546
2018-05-25 20:00:00,116.39233333333333,96.8544,231.6,140.32589172816068,191.47461914515287
2018-05-25 20:15:00,103.72833333333332,37.8736,201.40001,69.99989650881864,162.99435184634305
2018-05-25 20:30:00,89.50033333333333,16.864,142.7,37.9534588370621,111.34606366494296
2018-05-26 11:45:00,177.50933333333333,120.3352,148.90001,100.64913761073504,115.50727283412371
2018-05-26 12:00:00,225.4813333333333,168.232,205.1,148.74834422638483,163.6064794497735
2018-05-26 12:15:00,272.21366666666665,220.99,258.2,206.60357955479884,206.46975806737208
2018-05-26 12:30:00,290.892,266.8848,296.6,245.6961859492194,260.55432117260807
2018-05-26 12:45:00,310.57,309.266,348.5,294.6832241479057,307.73518223201216
2018-05-26 13:00:00,326.425,350.4684,401.6,340.2178184060456,345.1248027352692
2018-05-26 13:15:00,366.251,397.1648,437.4,383.65709084519335,396.7090489292998
2018-05-26 13:30:00,429.142,439.9168,488.80002,424.6229608624032,432.9345605938485
2018-05-26 13:45:00,415.527,472.3528,536.3,462.79112313233895,475.18901322328134
2018-05-26 14:00:00,415.5823333333333,501.7168,576.2,497.8806064177487,525.3150799323056
2018-05-26 14:15:00,437.0383333333333,557.3588,588.10004,537.0259858534527,544.9488078520488
2018-05-26 14:30:00,276.072,647.206,612.5,612.512728954052,570.9313805348626
2018-05-26 14:45:00,226.3883333333333,674.8444,648.3,637.0287779937702,594.2462538848835
2018-05-26 15:00:00,363.2653333333333,695.71,676.60004,657.6750609287342,615.4396445163807
2018-05-26 15:15:00,626.7473333333332,712.5256,705.10004,674.324853896223,658.898379324995
2018-05-26 15:30:00,719.3516666666667,725.1544,719.10004,686.8775599770753,671.4510854058473
2018-05-26 15:45:00,741.37,733.5328,722.2,695.2582079635796,668.0593749748406
2018-05-26 16:00:00,716.0663333333334,737.6184,734.2,699.4171378457178,683.2809750878442
2018-05-26 16:15:00,711.4473333333333,737.3916,735.4,699.3298182524901,689.3014445342284
2018-05-26 16:30:00,715.9353333333333,732.8556,732.4,694.9967634834799,688.8674414314779
2018-05-26 16:45:00,757.3629999999999,724.0348,725.10004,686.4435352005155,680.3142131485135
2018-05-26 17:00:00,696.5986666666666,693.1592,713.60004,654.1517391960225,667.5915070335469
2018-05-26 17:15:00,612.0813333333333,626.0348,697.7,609.6501092104273,651.7896966127711
2018-05-26 17:30:00,599.7313333333333,610.8912,635.60004,587.2632600209944,594.51534475305
2018-05-26 17:45:00,380.5233333333333,607.7928,593.2,568.8986502247888,566.4018440800744
2018-05-26 18:00:00,618.3476666666667,497.9788,544.4,476.3975582339525,508.58688547394274
2018-05-26 18:15:00,666.1976666666667,476.4256,493.80002,455.6310834743756,457.25229166529357
2018-05-26 18:30:00,482.2526666666666,450.1572,473.4,456.4431863352513,441.4583116099095
2018-05-26 18:45:00,408.7653333333334,394.418,449.1,388.2004719357303,401.6669140438846
2018-05-26 19:00:00,258.298,340.4136,396.4,324.27650825420056,362.09516899028455
2018-05-26 19:15:00,151.536,302.1368,334.80002,290.18510849769837,299.13488419349915
2018-05-26 19:30:00,109.64333333333336,264.2004,295.7,257.98136979915785,269.35125429012464
2018-05-26 19:45:00,141.24966666666666,236.1684,240.2,250.5411049908721,206.2856518811309
2018-05-26 20:00:00,141.55366666666666,196.882,247.2,197.22718223512925,210.2791403192357
2018-05-26 20:15:00,90.43266666666666,145.922,198.90001,148.5590278653701,161.61098594947654
2018-05-26 20:30:00,60.35533333333333,92.6616,158.6,105.51482366003732,115.8113429395173
2018-05-27 11:45:00,168.924,123.2984,145.2,108.00237554975457,113.67557997175165
2018-05-27 12:00:00,219.922,169.3612,203.6,146.74760029997213,161.6057355233608
2018-05-27 12:15:00,267.8366666666667,217.036,254.7,195.27949990233793,210.1376351257266
2018-05-27 12:30:00,314.6923333333333,277.5104,305.2,251.0459253866406,252.49098420927243
2018-05-27 12:45:00,360.41,346.6608,354.4,300.3524027906763,297.2329817854273
2018-05-27 13:00:00,405.597,375.8392,401.5,343.57294519091346,346.084671570308
2018-05-27 13:15:00,449.71,450.1716,446.4,413.400814070046,392.9872903960348
2018-05-27 13:30:00,490.309,493.5468,488.6,454.30146268849893,439.1533303642802
2018-05-27 13:45:00,528.185,532.4076,527.9,492.4143298258268,477.2661975016081
2018-05-27 14:00:00,562.8996666666667,568.0208,564.0,522.0229288749548,512.3098543696257
2018-05-27 14:15:00,595.159,600.1756,596.7,561.9878500491224,541.1487968951307
2018-05-27 14:30:00,623.3606666666667,628.6908,626.10004,590.1922926915126,569.353239537521
2018-05-27 14:45:00,646.7773333333333,653.4088,651.5,614.6893430653639,592.0230165425368
2018-05-27 15:00:00,667.5183333333333,674.0796,671.3,635.3252281827255,614.4861750287338
2018-05-27 15:15:00,683.7116666666666,690.592,689.0,651.9730885779746,629.3067620551475
2018-05-27 15:30:00,697.0573333333334,702.9736,702.8,664.5321934507688,641.8658669279416
2018-05-27 15:45:00,705.7226666666667,711.1592,712.10004,672.9274320732261,650.261105550399
2018-05-27 16:00:00,710.869,715.106,717.5,668.8740259718415,654.4426678132531
2018-05-27 16:15:00,709.2706666666667,714.7916,718.7,668.8172166779124,658.4211091830813
2018-05-27 16:30:00,703.6196666666667,710.2176,715.7,669.9574286457081,665.1275960918446
2018-05-27 16:45:00,694.3993333333333,701.4064,708.5,661.449912551233,656.6200799973694
2018-05-27 17:00:00,680.9573333333334,688.402,697.0,648.7802109923721,643.9503784385086
2018-05-27 17:15:00,664.432,671.2712,681.3,632.024115987992,627.1942834341285
2018-05-27 17:30:00,644.8606666666667,650.1024,661.7,611.2830504771896,613.6005849239059
2018-05-27 17:45:00,617.8826666666666,625.0064,637.9,586.6845830060487,593.6271088696961
2018-05-27 18:00:00,586.135,596.2188,607.9,558.3832215736376,553.553389019774
2018-05-27 18:15:00,522.9673333333334,509.934,576.8,494.29731660949017,528.8791571246269
2018-05-27 18:30:00,395.9740000000001,336.6644,542.10004,379.22562332024086,493.74996108879554
2018-05-27 18:45:00,472.482,254.7664,476.80002,265.9290249337404,434.0287048806398
2018-05-27 19:00:00,517.7406666666667,179.012,358.9,221.81334636367052,294.18901775038927
2018-05-27 19:15:00,446.8826666666666,116.0916,305.4,149.18811714332816,253.8489218918633
2018-05-27 19:30:00,314.8433333333333,64.6388,259.7,103.69106450138298,208.35186924991814
2018-05-27 19:45:00,220.83666666666667,26.1012,212.40001,56.57443647611882,148.33688764799382
2018-05-27 20:00:00,208.924,21.8864,166.3,60.20103559154214,106.62403211253823
2018-05-27 20:15:00,137.22633333333334,18.7372,121.200005,65.33861228805932,61.440434187473386
2018-05-27 20:30:00,70.382,15.544,79.4,35.578066565817764,13.543581702536514
2018-05-28 11:45:00,157.67166666666665,119.96,148.1,97.01689446447024,111.87502968785891
2018-05-28 12:00:00,203.9993333333333,165.6292,195.2,144.7810919050523,159.63922712844098
2018-05-28 12:15:00,249.74366666666663,203.2956,245.8,194.98413594916514,208.03609403327158
2018-05-28 12:30:00,294.82966666666664,191.8212,296.0,185.3888534669423,256.0828174714589
2018-05-28 12:45:00,169.268,131.742,302.7,169.49629450523628,270.19012308799995
2018-05-28 13:00:00,156.76466666666667,134.5264,244.90001,177.1842836564797,197.87643758714376
2018-05-28 13:15:00,177.68866666666665,166.2348,249.90001,214.96649839304638,211.35539914988232
2018-05-28 13:30:00,250.42666666666668,212.3992,275.9,261.314488264854,239.02222141915087
2018-05-28 13:45:00,336.0373333333334,260.2088,290.5,283.31392698143435,200.61304502342654
2018-05-28 14:00:00,353.00166666666667,278.8236,323.80002,354.4083731338279,279.060488001992
2018-05-28 14:15:00,456.4046666666666,305.958,329.30002,336.87275997234974,270.04463497234974
2018-05-28 14:30:00,392.217,347.7128,321.2,394.25350485767297,289.0838576408761
2018-05-28 14:45:00,221.26466666666664,382.3284,316.0,410.0933558602642,243.27243300870168
2018-05-28 15:00:00,203.146,398.9884,337.80002,439.3632234135288,263.9009431400913
2018-05-28 15:15:00,256.4303333333333,432.7528,338.1,484.10795681215336,259.0151375982862
2018-05-28 15:30:00,237.72166666666664,481.3424,351.4,523.3676677041958,271.58335068759425
2018-05-28 15:45:00,228.988,546.2304,345.1,571.4027542919113,274.538923725505
2018-05-28 16:00:00,337.7386666666667,604.1692,407.0,582.6854592525162,376.02948391071936
2018-05-28 16:15:00,614.9283333333333,602.2652,484.30002,587.4316480273942,444.82323433110514
2018-05-28 16:30:00,715.2893333333334,551.514,486.80002,571.3303976166162,454.6279745209131
2018-05-28 16:45:00,466.1593333333333,524.2572,487.9,568.2258207917076,446.1678526520592
2018-05-28 17:00:00,380.228,530.4016,412.6,550.2550168041712,359.8159604076868
2018-05-28 17:15:00,447.8316666666667,521.8004,461.9,533.5601756442435,416.85775254854036
2018-05-28 17:30:00,398.5873333333333,577.5396,436.2,576.669115140614,396.1845036293836
2018-05-28 17:45:00,315.45733333333334,627.9844,454.7,587.2089877140452,400.1612429630686
2018-05-28 18:00:00,459.4236666666666,602.7476,502.2,568.2538702055842,438.10690899342603
2018-05-28 18:15:00,552.972,570.6556,565.8,536.5182418215625,504.58584397915524
2018-05-28 18:30:00,525.2173333333334,500.2204,531.2,462.9501666080207,469.5481833469123
2018-05-28 18:45:00,472.196,337.45,493.5,355.2736342046038,431.45371271107354
2018-05-28 19:00:00,396.796,185.666,452.6,211.35320135888162,390.58479353722635
2018-05-28 19:15:00,334.226,146.7588,311.6,201.8460102479405,249.05311779188582
2018-05-28 19:30:00,302.8243333333333,220.612,239.2,227.429045915014,185.0749657148187
2018-05-28 19:45:00,192.7033333333333,308.3576,258.2,267.3362325795165,222.66396693067463
2018-05-28 20:00:00,210.17566666666667,263.1868,266.1,226.6964928206053,206.83007684312727
2018-05-28 20:15:00,193.27733333333333,161.7456,200.2,146.03632776353265,159.0882858476391
2018-05-28 20:30:00,140.90200000000002,22.6388,153.8,34.5044466649543,111.33859316458809
2018-05-29 11:45:00,49.307,14.9772,100.200005,33.272713166748986,73.63252685693453
2018-05-29 12:00:00,72.89766666666667,28.8944,121.4,64.7138771563483,58.83970113095768
2018-05-29 12:15:00,107.376,59.862,157.1,90.72443192414474,91.27922623566818
2018-05-29 12:30:00,118.48033333333332,154.5924,182.6,177.07617009671225,122.93685735257162
2018-05-29 12:45:00,143.246,342.6876,212.2,295.77368322594236,159.53920141441893
2018-05-29 13:00:00,163.446,346.196,244.40001,333.03018190906556,181.56067659900697
2018-05-29 13:15:00,201.1083333333333,263.2068,256.7,296.31029456804464,213.78009742448995
2018-05-29 13:30:00,223.0366666666667,330.0288,306.6,353.25156234762164,254.08167099019977
2018-05-29 13:45:00,258.9436666666667,428.0824,357.7,420.25436715816704,303.0630982372686
2018-05-29 14:00:00,325.19666666666666,503.4724,419.4,490.0090186120425,361.91172094358546
2018-05-29 14:15:00,361.1286666666667,586.8704,466.9,546.5246706523146,407.98603003399035
2018-05-29 14:30:00,477.815,617.7484,535.3,574.6834285226748,472.17364990386227
2018-05-29 14:45:00,688.626,642.4952,627.7,579.6300557682091,587.3549665042931
2018-05-29 15:00:00,638.8806666666667,663.1744,646.4,620.6244685253477,607.9790928563451
2018-05-29 15:15:00,604.1526666666667,669.962,663.9,622.8885132581237,624.6316687375548
2018-05-29 15:30:00,648.9633333333334,652.4564,677.7,631.5384468630094,637.2116512850065
2018-05-29 15:45:00,703.672,646.43,669.3,632.5916498220166,642.2020662343701
2018-05-29 16:00:00,698.974,667.5156,632.3,642.625302188543,597.5750321079765
2018-05-29 16:15:00,699.7776666666667,702.4204,693.60004,661.6848878828237,649.8879255024144
2018-05-29 16:30:00,584.4313333333333,699.492,690.5,657.4721237437006,647.9247789398905
2018-05-29 16:45:00,729.8653333333333,690.774,683.3,649.0609949198105,631.4570066299774
2018-05-29 17:00:00,563.4276666666667,677.8828,671.8,636.5015276237826,618.8975393339496
2018-05-29 17:15:00,648.7363333333334,660.8852,656.3,619.8690277187048,599.9270915834128
2018-05-29 17:30:00,659.3439999999999,639.87,636.8,599.2644092733063,579.3224731380143
2018-05-29 17:45:00,511.347,591.7712,613.5,555.7656696211318,558.2773960005263
2018-05-29 18:00:00,554.8033333333333,495.6016,584.7,487.0327499810611,526.7319935265933
2018-05-29 18:15:00,512.3246666666666,427.898,520.5,428.79510188289623,482.89735102840405
2018-05-29 18:30:00,420.216,386.3064,458.7,393.1723380540073,431.80635218364597
2018-05-29 18:45:00,418.7066666666667,331.2556,392.6,353.44820475058236,331.4137198873011
2018-05-29 19:00:00,417.887,232.072,419.30002,273.05755102256103,389.5144239626245
2018-05-29 19:15:00,331.00266666666664,145.2956,343.30002,195.71365196632138,313.42778999732724
2018-05-29 19:30:00,231.63466666666667,56.5088,263.30002,103.24791681298342,202.16077386864748
2018-05-29 19:45:00,153.98466666666667,38.6668,145.8,82.90290972956922,89.11172625788953
2018-05-29 20:00:00,117.20266666666666,22.6296,163.1,55.192626786580945,103.99910719429579
2018-05-29 20:15:00,182.06233333333333,18.862,111.200005,62.97785575781455,49.26568229590049
2018-05-29 20:30:00,79.87666666666665,15.4324,72.0,33.50622008026977,11.47173521698852
2018-05-30 11:45:00,32.919,12.0376,68.700005,31.53814262795902,9.503657764677769
2018-05-30 12:00:00,116.832,21.1248,104.200005,62.81995791600065,41.119991485336584
2018-05-30 12:15:00,147.01733333333334,43.6352,150.6,87.49489465857914,89.25734583045414
2018-05-30 12:30:00,139.02,69.3196,183.3,100.76053845291955,125.0403846443258
2018-05-30 12:45:00,134.21066666666667,100.108,210.6,147.99156455522944,149.1300075483935
2018-05-30 13:00:00,188.19,165.5072,225.2,192.36459311269107,158.961501682027
2018-05-30 13:15:00,232.293,296.2208,228.90001,310.1109125722384,193.4084894765353
2018-05-30 13:30:00,434.5366666666667,446.634,410.9,420.4195172928514,375.369247212285
2018-05-30 13:45:00,478.3836666666666,490.43,521.4,458.38772645525336,469.70402684740424
2018-05-30 14:00:00,528.2836666666667,525.9628,556.9,493.3146894451917,504.63098983734255
2018-05-30 14:15:00,570.2603333333334,544.2288,589.10004,526.5337421211624,533.3801519188308
2018-05-30 14:30:00,616.0746666666668,551.7036,555.10004,547.2957792268123,520.6375913606014
2018-05-30 14:45:00,648.991,572.5608,532.0,571.7546800788155,470.1122163947334
2018-05-30 15:00:00,587.2183333333334,512.3504,488.0,528.59519142207,420.60347694453094
2018-05-30 15:15:00,657.629,562.2932,486.2,551.3945154396712,446.5638269631087
2018-05-30 15:30:00,589.0706666666666,621.8288,592.0,621.6308843087057,532.4677983712057
2018-05-30 15:45:00,712.0696666666666,670.6732,645.4,635.8847278161295,610.2615092797525
2018-05-30 16:00:00,709.5593333333333,677.3104,640.2,640.1479627642021,607.6899015459404
2018-05-30 16:15:00,656.8783333333333,677.9672,636.60004,640.1951966404295,610.9729485630369
2018-05-30 16:30:00,533.1253333333333,671.9352,707.9,636.0261499618058,657.6607501243119
2018-05-30 16:45:00,504.23266666666666,650.0236,659.3,629.2444089680358,631.47607171828
2018-05-30 17:00:00,635.8243333333334,624.2104,601.7,609.3632387777709,570.1128420492553
2018-05-30 17:15:00,651.6276666666668,624.7212,569.9,598.5939458559359,506.9773992250765
2018-05-30 17:30:00,784.6633333333334,581.5764,609.5,572.2587987143238,581.8692151266773
2018-05-30 17:45:00,651.2613333333334,465.04,597.0,484.1019934263519,560.9361399259857
2018-05-30 18:00:00,593.8526666666666,385.448,536.9,417.62666004059804,500.00057285187734
2018-05-30 18:15:00,589.0973333333333,363.2836,447.80002,406.34137154708856,386.6174030412292
2018-05-30 18:30:00,547.3533333333332,340.2772,470.30002,373.4614213426575,433.5805734117493
2018-05-30 18:45:00,299.0933333333333,285.524,444.2,333.5823441059784,412.7087688954071
2018-05-30 19:00:00,123.689,242.4488,462.7,272.6353828466654,413.3297845876932
2018-05-30 19:15:00,172.81266666666667,186.0108,420.0,228.32049668989367,370.22255529127307
2018-05-30 19:30:00,247.486,136.704,299.7,195.46497322330367,266.7368962884892
2018-05-30 19:45:00,113.862,114.4292,230.0,157.87278327009716,185.73048743269482
2018-05-30 20:00:00,198.531,61.3948,213.40001,126.27482412343423,172.15355871205728
2018-05-30 20:15:00,167.56733333333335,23.9324,187.90001,63.89431047233137,156.88876580985578
2018-05-30 20:30:00,57.97033333333333,13.9872,131.5,32.58286587323211,105.97547070111297
2018-05-31 11:45:00,29.30666666666667,13.8572,66.4,29.838371031332898,7.803886168051648
2018-05-31 12:00:00,42.50033333333333,17.1404,102.0,58.98835987533724,39.26439136947786
2018-05-31 12:15:00,33.034,20.1976,125.4,50.9503808557009,70.99844604124777
2018-05-31 12:30:00,33.761,23.9408,138.90001,98.48678373917454,84.66410612686985
2018-05-31 12:45:00,45.757333333333335,31.994,157.90001,56.24374754643566,120.88768370366222
2018-05-31 13:00:00,43.99366666666666,41.4476,173.1,138.49561560340305,142.62288916297337
2018-05-31 13:15:00,54.2,49.8116,173.0,57.707391941825335,117.36919614104409
2018-05-31 13:30:00,79.404,85.5276,164.40001,98.38316866667634,82.50218722136384
2018-05-31 13:45:00,99.242,139.6244,179.3,169.85965723468308,115.37644190265183
2018-05-31 14:00:00,119.10666666666664,178.2776,212.1,200.741721776494,124.72780576086899
2018-05-31 14:15:00,101.12333333333332,191.7832,237.1,202.8222528750905,151.63310492587175
2018-05-31 14:30:00,98.836,214.8264,235.6,243.29641650462406,123.47094653392094
2018-05-31 14:45:00,100.78333333333332,236.1084,235.2,253.34257913159183,155.91917825268558
2018-05-31 15:00:00,80.64233333333333,250.2752,229.1,248.27530584561111,142.33127508389236
2018-05-31 15:15:00,97.40566666666668,266.6032,219.40001,264.94375962751303,110.43954820173178
2018-05-31 15:30:00,97.87933333333334,282.9112,228.8,276.65180230939836,134.7894365867421
2018-05-31 15:45:00,131.21833333333333,281.0696,234.3,295.21403613281007,139.5232707519507
2018-05-31 16:00:00,150.29933333333332,283.9216,223.90001,299.50887024788574,116.43687928108886
2018-05-31 16:15:00,137.953,286.8024,220.7,299.5947162921691,75.66805003240347
2018-05-31 16:30:00,149.33100000000002,283.2052,227.8,295.4710657733707,139.30733896673007
2018-05-31 16:45:00,149.35399999999998,263.5012,211.7,260.88680737742357,104.09039014109544
2018-05-31 17:00:00,106.494,247.7212,196.5,253.35191181707148,50.79151752996211
2018-05-31 17:15:00,123.948,220.5652,194.7,212.650595395265,102.52248260229624
2018-05-31 17:30:00,108.24233333333332,192.7808,188.7,192.18528051184967,99.90103978919342
2018-05-31 17:45:00,112.91433333333332,161.4884,176.1,171.77387701140196,75.60181890593321
2018-05-31 18:00:00,101.855,122.3792,162.1,138.36373078418512,110.50990998340387
2018-05-31 18:15:00,94.88466666666666,84.5028,147.0,106.88506488373582,57.12694720795457
2018-05-31 18:30:00,72.057,51.4128,128.2,72.11906737335221,30.31590575225846
2018-05-31 18:45:00,68.95,36.002,116.200005,32.35330557133091,33.81427358890903
2018-05-31 19:00:00,53.04433333333333,33.2996,102.0,31.66501778095693,38.48075264423818
2018-05-31 19:15:00,34.09866666666667,30.9028,82.3,41.32516135505085,0.5286830835664773
2018-05-31 19:30:00,35.00033333333333,28.2828,62.9,79.46027054190188,8.335758823151878
2018-05-31 19:45:00,36.15933333333333,25.6184,45.100002,100.41438717412649,-15.646007112982886
2018-05-31 20:00:00,27.348333333333336,22.7988,29.800001,50.31529607314806,-16.323040108492563
2018-05-31 20:15:00,20.139333333333337,19.656,15.2,62.91480167839791,-16.32334224250053
2018-05-31 20:30:00,19.21633333333333,16.4828,0.0,31.733843061073983,-56.467496660605704
2018-06-01 11:45:00,45.815333333333335,14.5636,110.200005,28.174576908682,72.13342013988317
2018-06-01 12:00:00,58.90733333333333,33.7924,119.3,59.148401438490225,53.2742254130996
2018-06-01 12:15:00,72.36866666666667,80.9852,146.40001,107.04103884854092,85.34107241787686
2018-06-01 12:30:00,85.068,78.998,204.2,133.29987833478663,145.44937632062647
2018-06-01 12:45:00,103.44766666666666,70.6184,199.0,95.76793954442155,149.69828317235124
2018-06-01 13:00:00,109.81166666666668,74.76,197.6,99.19079547614132,158.99499469489132
2018-06-01 13:15:00,135.40733333333336,88.3056,199.0,123.76456574439806,155.83773163795274
2018-06-01 13:30:00,144.31300000000002,125.334,205.3,164.39324564652202,155.75390238480327
2018-06-01 13:45:00,107.01533333333332,181.6228,226.3,202.28283550023025,170.96670390843337
2018-06-01 14:00:00,78.86866666666667,219.4172,263.1,237.14934861470368,205.8332170229068
2018-06-01 14:15:00,196.864,244.2788,289.2,268.746458361332,249.4237349726601
2018-06-01 14:30:00,221.5353333333333,267.1504,297.2,296.86097145700785,270.067544943336
2018-06-01 14:45:00,259.92333333333335,292.7676,294.7,321.30988540747785,219.16868057349348
2018-06-01 15:00:00,222.8093333333333,333.666,296.6,360.4037268533947,226.8743384256603
2018-06-01 15:15:00,177.31866666666667,345.5224,301.2,358.61892185975626,245.09295140077188
2018-06-01 15:30:00,180.184,353.4688,300.9,371.2496671478459,195.47116372987716
2018-06-01 15:45:00,156.293,356.312,301.30002,379.7546747819598,203.97617136399106
2018-06-01 16:00:00,197.22866666666667,363.7532,286.5,384.08318294810215,191.42815365122715
2018-06-01 16:15:00,202.50100000000003,362.0812,293.5,384.2094832784886,216.42682946989487
2018-06-01 16:30:00,180.35933333333327,351.1644,294.9,380.1328268885111,204.35432347054234
2018-06-01 16:45:00,153.01600000000002,345.9016,276.80002,371.8774217199102,188.14396224725397
2018-06-01 17:00:00,84.31133333333334,338.82,268.2,359.4925207238714,191.70986691527764
2018-06-01 17:15:00,63.95733333333333,332.808,273.6,358.8143655605825,167.2741128750356
2018-06-01 17:30:00,77.07433333333333,312.5712,284.2,338.4195237924595,230.14053209324072
2018-06-01 17:45:00,81.36433333333333,283.9156,280.4,298.43416629198384,205.75890384081197
2018-06-01 18:00:00,82.49633333333333,250.7192,270.1,270.5348849408691,186.35275603461912
2018-06-01 18:15:00,85.63266666666667,217.8336,243.7,239.14118955852132,228.79991148234944
2018-06-01 18:30:00,88.63066666666667,151.6872,226.7,161.0787391817039,173.14825822467265
2018-06-01 18:45:00,92.385,120.6164,188.5,147.06618888377267,135.43258292674142
2018-06-01 19:00:00,96.224,64.1468,181.7,70.46688306035293,117.63637768925918
2018-06-01 19:15:00,89.19533333333334,32.8552,156.8,68.92764237801407,115.44435075203751
2018-06-01 19:30:00,84.94133333333335,29.0828,111.200005,54.177875643237485,70.48929226921405
2018-06-01 19:45:00,69.83266666666667,26.4104,68.6,67.06969404343857,23.93820905808701
2018-06-01 20:00:00,62.941,23.5656,45.0,34.81160069218171,9.374711043744213
2018-06-01 20:15:00,53.98566666666667,20.3212,19.2,62.01489955711958,-20.51529758643511
2018-06-01 20:30:00,40.70166666666667,16.9604,10.2,30.95859229414347,-48.1704055085909
2018-06-02 11:45:00,41.63166666666667,14.7892,95.4,26.547916832047335,45.97183650978171
2018-06-02 12:00:00,42.092,18.1396,115.1,57.37339327762109,51.499217252230466
2018-06-02 12:15:00,43.16966666666666,31.5836,143.0,93.99672059811877,83.44952516354846
2018-06-02 12:30:00,39.48466666666666,57.352,156.90001,97.03999979122881,104.41800577267412
2018-06-02 12:45:00,44.50966666666667,53.8856,229.1,91.78488677793388,174.76753753476982
2018-06-02 13:00:00,75.85533333333333,70.802,201.0,97.06081518020642,161.70475133743298
2018-06-02 13:15:00,90.94133333333332,68.0804,217.2,78.19525471076389,155.05534687384983
2018-06-02 13:30:00,70.33566666666667,101.726,200.5,109.54621027009955,153.52683160799018
2018-06-02 13:45:00,66.42133333333332,174.76,208.90001,200.02182593005443,149.5812436546638
2018-06-02 14:00:00,107.529,240.672,250.1,280.81217932626197,200.22070288583228
2018-06-02 14:15:00,164.921,296.3484,289.7,354.295606415968,235.1277597362805
2018-06-02 14:30:00,230.42533333333333,325.0728,335.0,382.40176383976393,285.91070549015456
2018-06-02 14:45:00,287.8896666666667,320.5276,369.5,364.94738039142715,310.35916933185683
2018-06-02 15:00:00,282.21933333333334,330.9332,322.80002,366.75879732765645,260.5647207895705
2018-06-02 15:15:00,284.8596666666666,326.2932,299.4,356.32943033772415,221.85811686116165
2018-06-02 15:30:00,336.47766666666666,333.194,294.80002,368.9820670982084,193.20356368023965
2018-06-02 15:45:00,314.59666666666664,340.9748,291.7,377.5159739341042,201.73747051613543
2018-06-02 16:00:00,268.75166666666667,350.8392,291.9,381.8801611961395,214.09750738754576
2018-06-02 16:15:00,213.464,366.6416,295.6,382.04868190306127,206.27017848509252
2018-06-02 16:30:00,293.5023333333333,396.562,299.1,436.2093175776977,202.24203242144768
2018-06-02 16:45:00,313.054,387.8868,343.80002,428.00844770696483,273.36297041204296
2018-06-02 17:00:00,328.47,358.4884,333.6,384.7044276383929,268.26006118331475
2018-06-02 17:15:00,260.8656666666667,332.828,291.80002,359.5861491827113,206.64956471005507
2018-06-02 17:30:00,248.296,294.3436,262.30002,320.7969237095699,207.27095325058553
2018-06-02 17:45:00,204.401,233.1188,268.5,252.11623503503142,181.44106413659392
2018-06-02 18:00:00,161.03133333333335,201.7128,222.3,219.35814353254955,171.18736716536205
2018-06-02 18:15:00,163.05833333333334,151.282,215.40001,167.1615051917442,148.2857727698692
2018-06-02 18:30:00,189.8826666666667,117.2124,192.0,132.5730401563518,118.7501641797893
2018-06-02 18:45:00,184.94566666666665,101.706,180.40001,120.77573633389466,130.6659340878009
2018-06-02 19:00:00,182.4393333333333,120.83,172.1,146.65949729208666,116.29145529989916
2018-06-02 19:15:00,152.967,107.8852,172.7,140.31340817043963,133.16245297024432
2018-06-02 19:30:00,138.15966666666665,33.1132,254.0,58.99963176784439,193.6897486501686
2018-06-02 19:45:00,164.37066666666666,26.842,114.700005,86.14919129529085,73.93347779431429
2018-06-02 20:00:00,121.321,23.9492,96.0,50.55557308195793,36.94285640715324
2018-06-02 20:15:00,76.97833333333332,20.7552,98.3,61.194149122881015,39.49418269221695
2018-06-02 20:30:00,68.836,17.5112,62.7,30.256537390120585,11.306410742171366
2018-06-03 11:45:00,54.074,17.7732,110.3,24.959524520267934,68.9183677514691
2018-06-03 12:00:00,74.568,37.188,134.6,71.8009254527245,96.33271713973622
2018-06-03 12:15:00,96.44766666666666,67.3988,169.5,103.30419927563241,129.18590551342538
2018-06-03 12:30:00,140.21300000000002,95.024,197.90001,126.57840008017558,135.05929607626933
2018-06-03 12:45:00,171.99866666666668,83.2168,221.0,110.33368508421711,174.27364174925617
2018-06-03 13:00:00,260.39733333333334,95.1796,254.0,134.7124540490953,199.48026105593124
2018-06-03 13:15:00,187.4513333333333,134.0924,258.80002,177.64793691078523,193.26715382973055
2018-06-03 13:30:00,187.984,193.826,260.30002,220.81730674189168,225.1020052282198
2018-06-03 13:45:00,240.54366666666664,281.1676,254.5,300.96017049420715,193.8106953965509
2018-06-03 14:00:00,214.041,249.3288,378.30002,290.83870886193677,326.24830053674145
2018-06-03 14:15:00,158.925,271.5512,306.9,325.06966051307506,255.577946035536
2018-06-03 14:30:00,302.3893333333333,352.6744,310.7,400.36266402119475,257.6756370436557
2018-06-03 14:45:00,354.39233333333334,384.8696,417.0,426.765061723689,381.8665326709546
2018-06-03 15:00:00,439.332,455.0912,397.4,501.07845348093645,354.60045665476457
2018-06-03 15:15:00,312.6213333333333,412.6776,491.2,462.1718589201371,436.7572623625199
2018-06-03 15:30:00,350.0656666666667,396.8148,328.6,454.6560740617789,274.28711654224765
2018-06-03 15:45:00,331.61233333333337,336.67,381.30002,375.3693327456076,329.1271147280295
2018-06-03 16:00:00,345.88866666666667,417.2568,186.3,475.09605355776273,54.857436614403355
2018-06-03 16:15:00,243.236,313.5484,332.9,330.5117000750057,282.3409237078182
2018-06-03 16:30:00,154.02666666666667,253.1472,211.1,243.57262135343854,65.20860768156354
2018-06-03 16:45:00,134.03900000000002,238.506,136.5,235.42745482687383,-17.498692634063673
2018-06-03 17:00:00,142.84266666666664,217.3552,151.1,227.05182726909993,16.42670519878743
2018-06-03 17:15:00,229.8886666666667,195.902,121.0,205.31358342193937,87.50511174225187
2018-06-03 17:30:00,226.66333333333333,232.424,130.2,248.67691936526376,-5.877523994111243
2018-06-03 17:45:00,226.196,217.3228,215.1,226.6628788771144,119.18552292008314
2018-06-03 18:00:00,365.8353333333333,228.7988,161.6,267.22493333896205,72.3143498428683
2018-06-03 18:15:00,415.4956666666666,212.014,224.8,235.99950159554544,151.81737268929544
2018-06-03 18:30:00,336.842,172.1332,247.7,201.4983994262917,192.85905616457296
2018-06-03 18:45:00,356.82733333333334,156.9092,233.6,182.43051351161904,196.03840840907998
2018-06-03 19:00:00,254.77633333333333,175.6384,220.7,202.42923115492454,188.7783217310964
2018-06-03 19:15:00,194.55766666666665,127.7456,244.5,168.36064469916056,204.86711442572306
2018-06-03 19:30:00,183.89866666666663,61.4748,235.1,94.40493410893492,185.10203188725524
2018-06-03 19:45:00,142.71633333333332,27.2136,163.90001,85.19567298369935,107.35535621123842
2018-06-03 20:00:00,136.21766666666664,23.126,110.3,49.7060498323367,59.868784817688265
2018-06-03 20:15:00,96.13866666666668,19.9316,68.4,60.45206934599955,16.81304651885111
2018-06-03 20:30:00,57.89066666666667,16.676,43.600002,29.62708671965069,-11.001193919997746
2018-06-04 11:45:00,22.767333333333333,13.6196,75.4,23.410510087473455,33.1319074873758
2018-06-04 12:00:00,30.90533333333333,16.9608,92.4,53.95133274996016,32.251366319296096
2018-06-04 12:15:00,35.81066666666666,20.0884,123.200005,34.23062107925128,63.527526596829404
2018-06-04 12:30:00,42.617,22.9772,143.8,70.61321145965275,91.20859415008243
2018-06-04 12:45:00,53.13066666666667,26.8544,135.8,56.839970360734924,94.7278792962818
2018-06-04 13:00:00,61.824,41.454,163.40001,74.51145034237669,107.80794387265013
2018-06-04 13:15:00,65.51266666666668,73.8104,169.40001,97.71835549762619,108.76153787067307
2018-06-04 13:30:00,67.77233333333334,95.5948,184.0,102.1016064220675,126.59431272089563
2018-06-04 13:45:00,81.41233333333334,115.8824,191.8,127.4078274879979,111.5268460426854
2018-06-04 14:00:00,74.24666666666667,127.1588,193.7,143.64067696928691,119.09300851225566
2018-06-04 14:15:00,76.41799999999999,141.2632,187.1,129.6354616743115,86.28969751415525
2018-06-04 14:30:00,88.10266666666666,175.678,175.2,160.19433451524162,88.1723313414135
2018-06-04 14:45:00,122.213,201.2636,194.5,222.38350721241272,87.16591688038147
2018-06-04 15:00:00,142.616,202.1756,208.5,199.34985094416652,110.5651524578384
2018-06-04 15:15:00,179.85533333333333,229.1676,187.90001,219.58159855886095,82.0722601799547
2018-06-04 15:30:00,180.114,264.5552,176.8,277.84778158586823,39.80417196672761
2018-06-04 15:45:00,143.932,279.4384,221.7,277.265290105292,143.9063728689639
2018-06-04 16:00:00,152.79399999999998,276.076,188.2,290.88719793353425,52.84358831439363
2018-06-04 16:15:00,202.25566666666663,246.7848,197.40001,245.58249514370414,53.101538112454136
2018-06-04 16:30:00,196.64266666666663,234.1856,186.6,245.54340398623822,49.17462957217572
2018-06-04 16:45:00,175.498,231.8192,153.0,221.20007664660704,33.623843736450794
2018-06-04 17:00:00,196.26466666666667,250.6496,133.8,266.92838553681406,-3.533375937795313
2018-06-04 17:15:00,165.95466666666667,224.3084,181.40001,245.3174533472519,91.04822727303315
2018-06-04 17:30:00,136.77133333333333,188.2148,196.0,184.94342856290336,89.91852621915336
2018-06-04 17:45:00,136.39666666666668,183.0984,137.5,180.23400574004393,46.87038879668455
2018-06-04 18:00:00,178.44733333333335,165.8796,154.0,178.8500198554043,99.33076326360742
2018-06-04 18:15:00,172.847,164.9228,148.1,169.40008098868822,58.79925091056322
2018-06-04 18:30:00,172.68266666666668,145.3212,179.40001,154.15503189760182,110.92795059877369
2018-06-04 18:45:00,126.68533333333332,129.5188,160.5,162.7189332975089,78.5368043912589
2018-06-04 19:00:00,128.31133333333335,59.48,208.3,66.71759431891775,160.90924470954275
2018-06-04 19:15:00,114.264,41.6232,156.0,79.9104740343285,111.98363992788319
2018-06-04 19:30:00,98.58,28.6588,146.7,53.71685484099521,100.34887388396396
2018-06-04 19:45:00,70.848,25.562,114.4,84.32910455936434,72.11339105838778
2018-06-04 20:00:00,66.25066666666666,22.6648,96.8,48.939535281289096,49.81015600882816
2018-06-04 20:15:00,55.11966666666667,19.4636,66.1,59.78815424432565,16.149131417177216
2018-06-04 20:30:00,49.078,16.2008,45.100002,29.069634439223478,-7.709387777573397
2018-06-05 11:45:00,30.842,31.84,125.0,28.042141931166128,95.2945642639298
2018-06-05 12:00:00,49.00066666666667,44.1448,143.5,68.46708909383958,112.42593232504075
2018-06-05 12:15:00,50.59333333333333,68.312,167.7,99.75783056785991,125.63953680565288
2018-06-05 12:30:00,60.52033333333333,95.6264,197.90001,124.77702001279218,137.81119207089765
2018-06-05 12:45:00,66.14033333333333,119.8252,228.6,182.21952475440162,171.6723293198313
2018-06-05 13:00:00,106.80266666666668,133.7648,247.40001,180.60480856140958,190.04499410828458
2018-06-05 13:15:00,122.83066666666669,147.8316,254.3,222.82866803560745,189.2156156674434
2018-06-05 13:30:00,144.38,162.0484,258.6,216.73727640266787,220.98219522591006
2018-06-05 13:45:00,167.18933333333334,194.344,254.6,220.86963358820867,210.84566203059148
2018-06-05 14:00:00,166.28866666666667,215.9664,281.6,228.44734935096392,219.80800608924517
2018-06-05 14:15:00,185.228,238.554,284.9,259.99813245094185,228.68200085914498
2018-06-05 14:30:00,188.73666666666668,261.6144,295.0,288.09803389668457,241.85581587910644
2018-06-05 14:45:00,204.5253333333333,288.9052,300.1,312.5628960739459,228.38076716769592
2018-06-05 15:00:00,226.668,320.708,308.7,333.23694562566095,244.00196027409845
2018-06-05 15:15:00,255.59133333333327,345.7216,320.9,371.72015501098247,240.3841259582481
2018-06-05 15:45:00,313.86733333333336,393.9248,336.0,429.5459933785371,251.76544528283398
2018-06-05 16:00:00,308.102,392.6296,357.0,434.02852919753025,283.1644850080771
2018-06-05 16:15:00,315.237,381.5952,340.9,422.09361614570355,275.74258770332074
2018-06-05 16:30:00,345.44166666666666,380.6156,326.7,433.12277031097244,257.2062816635115
2018-06-05 16:45:00,362.2963333333333,373.828,316.7,425.0921606781925,266.59715030221594
2018-06-05 17:00:00,299.5986666666667,361.3444,337.9,412.9533726904896,264.0282780859974
2018-06-05 17:15:00,251.62866666666667,338.5688,321.7,381.87617353913845,247.854582352615
2018-06-05 17:30:00,188.65366666666665,309.8832,312.6,334.28277128340335,231.6353713810596
2018-06-05 17:45:00,156.822,274.5144,274.0,291.89644905860393,199.22118660743206
2018-06-05 18:00:00,145.84133333333332,204.988,263.5,211.6959458689912,180.13378156235058
2018-06-05 18:15:00,129.452,160.758,218.0,196.4543433575613,145.18307260560817
2018-06-05 18:30:00,111.88066666666668,116.8944,198.3,130.62492928588017,114.74394784056767
2018-06-05 18:45:00,97.96133333333334,67.9316,174.3,65.51896330804027,143.78959319085277
2018-06-05 19:00:00,79.69733333333333,36.3712,155.7,41.49940368669638,116.05064270036826
2018-06-05 19:15:00,82.12766666666667,32.3236,116.8,59.260119028852614,70.30330140189949
2018-06-05 19:30:00,67.45466666666667,29.152,91.5,52.84225613843432,61.660752842535885
2018-06-05 19:45:00,64.51733333333333,27.0396,102.4,75.61378065914613,53.321513813443005
2018-06-05 20:00:00,61.28033333333333,24.0544,99.200005,44.1746591981065,35.15689796763775
2018-06-05 20:15:00,53.726,20.7372,54.600002,59.20187386627941,-3.7668150985643365
2018-06-05 20:30:00,38.95733333333333,17.1784,23.7,28.583561568389413,-45.308696122040274
2018-06-06 11:45:00,71.45733333333332,100.614,133.7,82.41094507212274,97.26908029551142
2018-06-06 12:00:00,113.914,124.4472,162.5,125.29411186841108,123.3727556672392
2018-06-06 12:15:00,206.181,148.2844,216.2,125.98924553668215,187.61233437335207
2018-06-06 12:30:00,305.91066666666666,202.5564,246.40001,193.83562961847838,205.37418094904478
2018-06-06 12:45:00,321.6793333333334,216.682,315.5,213.83373535509105,284.52769935960765
2018-06-06 13:00:00,412.311,235.4916,352.0,252.4716865595596,325.86429138744046
2018-06-06 13:15:00,459.586,286.8256,377.7,295.28057661983536,339.23941985103653
2018-06-06 13:30:00,429.908,365.7264,401.5,342.8054900052337,376.08913182041925
2018-06-06 13:45:00,493.4486666666666,421.5992,467.0,443.40423915723613,429.98933360914043
2018-06-06 14:00:00,581.7836666666666,480.0292,509.7,472.0430731240963,481.6534895364498
2018-06-06 14:15:00,612.4566666666667,538.748,536.7,509.39032154939,496.3125322427494
2018-06-06 14:30:00,642.6980000000001,597.3396,582.4,556.5433519265189,544.7463895461096
2018-06-06 14:45:00,672.7566666666667,634.4932,618.60004,600.5008328774694,561.0775292733434
2018-06-06 15:00:00,618.8106666666666,609.9508,639.10004,582.6626003853006,581.7697113624735
2018-06-06 15:15:00,646.964,559.2868,626.4,536.9359634515893,586.3640640375268
2018-06-06 15:30:00,463.391,507.9076,589.0,542.6232900958063,523.606368098736
2018-06-06 15:45:00,366.55466666666666,466.552,522.3,523.9807201775338,463.0924602898385
2018-06-06 16:00:00,325.7,445.024,439.0,484.01541573708516,391.2050061911867
2018-06-06 16:15:00,405.0626666666667,437.9192,374.30002,477.3421548018965,290.1909707198653
2018-06-06 16:30:00,346.036,437.1372,387.6,480.548309300528,335.909881566153
2018-06-06 16:45:00,360.7126666666667,439.7388,366.6,470.1928911755816,298.0237627576129
2018-06-06 17:00:00,389.56733333333335,426.7932,374.7,458.1173997195775,319.1889329227025
2018-06-06 17:15:00,312.7973333333333,425.2592,393.1,472.6519811380323,351.58436944369635
2018-06-06 17:30:00,308.802,420.1272,386.0,448.78305008501275,346.4338679561065
2018-06-06 17:45:00,294.8546666666667,408.944,405.6,454.17821277948656,355.61209644647874
2018-06-06 18:00:00,268.781,375.55,429.4,406.3973174493749,380.3864989679296
2018-06-06 18:15:00,209.602,379.0616,447.6,413.83356492823526,388.4526674062626
2018-06-06 18:30:00,163.23333333333332,388.6972,502.5,385.72783880838654,450.6147769034793
2018-06-06 18:45:00,421.878,376.9688,480.2,371.30715339041814,418.4973026976691
2018-06-06 19:00:00,286.5566666666667,366.754,443.30002,366.0844425132604,382.5175832679601
2018-06-06 19:15:00,328.49666666666667,320.8544,399.6,323.64931594678654,336.0472060377289
2018-06-06 19:30:00,367.74533333333335,294.9452,353.5,279.17397437395243,291.5718644648948
2018-06-06 19:45:00,301.97633333333334,262.5408,305.7,238.91226872164674,245.51028546053834
2018-06-06 20:00:00,258.20300000000003,119.5664,256.30002,123.96817369154448,200.24972600630278
2018-06-06 20:15:00,180.37,90.9724,206.1,80.99316649694242,155.75134616155424
2018-06-06 20:30:00,102.01433333333334,58.2968,156.40001,35.24440878474621,100.26202505671887
2018-06-07 11:45:00,107.96666666666668,151.7156,114.6,115.05696389481884,75.51474187180858
2018-06-07 12:00:00,212.372,205.1428,187.6,171.24941126655963,144.40077940773395
2018-06-07 12:15:00,260.4886666666667,257.196,238.7,222.43634587158576,181.2620790564002
2018-06-07 12:30:00,309.58866666666665,295.8892,289.2,255.74097583292013,235.3274521589089
2018-06-07 12:45:00,352.65333333333336,324.514,338.5,277.72315966459166,286.81292807432067
2018-06-07 13:00:00,354.8413333333333,403.6408,385.9,369.0628580968918,326.82744168453826
2018-06-07 13:15:00,444.8956666666666,450.3496,431.1,411.83729527748585,369.60187886513233
2018-06-07 13:30:00,485.59066666666666,492.7024,473.7,452.26122228650536,410.02580587415184
2018-06-07 13:45:00,525.1196666666667,532.056,513.4,490.00093264186467,462.80209965312565
2018-06-07 14:00:00,561.5766666666666,568.18,550.0,524.7688837861601,497.5700507974211
2018-06-07 14:15:00,595.402,600.8728,583.2,558.1243376223215,529.1172370401987
2018-06-07 14:30:00,623.4906666666667,629.9564,613.0,586.2354288508207,564.3756952692777
2018-06-07 14:45:00,649.4306666666668,655.2748,639.0,610.7256152758966,593.4908731112848
2018-06-07 15:00:00,670.2046666666666,676.6924,656.2,632.9763832183021,602.4314351172584
2018-06-07 15:15:00,689.5319999999999,694.096,674.3,649.7827573857808,626.3851762853169
2018-06-07 15:30:00,704.5043333333334,707.3936,688.60004,662.5794842908795,643.8068946073467
2018-06-07 15:45:00,715.2776666666667,716.5148,698.60004,671.2890539107636,652.5164642272309
2018-06-07 16:00:00,719.6913333333333,721.4112,704.2,675.8591739376806,657.0865842541479
2018-06-07 16:15:00,719.1013333333334,722.0564,705.8,676.2625488940773,656.7802710238991
2018-06-07 16:30:00,715.9066666666666,718.446,703.0,672.4967742291662,653.014496358988
2018-06-07 16:45:00,707.966,710.5976,696.10004,664.584327289934,645.1020494197558
2018-06-07 17:00:00,692.672,698.5528,684.9,652.5726536159063,633.0903757457281
2018-06-07 17:15:00,680.4476666666667,682.3944,669.60004,636.5343633327142,624.9988313350335
2018-06-07 17:30:00,656.5756666666667,662.1884,650.10004,616.5675709677967,607.09213380349
2018-06-07 17:45:00,629.4513333333333,638.0328,626.9,592.7964357741737,583.320998609867
2018-06-07 18:00:00,600.2266666666667,610.0664,595.10004,565.3719929409947,545.8897150708165
2018-06-07 18:15:00,566.5703333333333,578.4356,564.2,534.473415815133,514.9911379449547
2018-06-07 18:30:00,532.3703333333334,543.2928,529.9,498.77207981590885,480.82764946465153
2018-06-07 18:45:00,494.11066666666665,504.8296,492.2,461.58585920377334,444.3511170391615
2018-06-07 19:00:00,448.3666666666667,463.264,451.7,419.8482405151892,404.4217659439612
2018-06-07 19:15:00,405.0006666666667,418.8488,408.30002,377.4997616457133,362.0732870744853
2018-06-07 19:30:00,359.13,371.8852,362.4,333.1117309981865,317.68525642695846
2018-06-07 19:45:00,309.055,322.7368,314.7,287.13778813214793,267.08632214398875
2018-06-07 20:00:00,256.29766666666666,271.8452,265.5,235.37181124166557,212.93879970983573
2018-06-07 20:15:00,204.60533333333333,204.3028,215.40001,163.05140047356642,154.63562076375044
2018-06-07 20:30:00,150.792,127.0684,165.1,97.40507957901143,104.00309631790303
2018-06-08 11:45:00,93.35533333333332,143.0804,130.40001,107.82414010613557,94.46372387259599
2018-06-08 12:00:00,217.6653333333333,195.1332,189.40001,152.4449615516397,132.50302541634764
2018-06-08 12:15:00,266.4843333333333,247.3716,240.8,207.02543552196028,186.61191184794905
2018-06-08 12:30:00,313.50333333333333,288.114,291.7,246.66197148065106,236.0382144759132
2018-06-08 12:45:00,358.474,308.6224,341.0,273.7790946898429,280.3771114287345
2018-06-08 13:00:00,391.5013333333334,365.3836,388.7,324.77796214900354,325.06862968287805
2018-06-08 13:15:00,444.972,440.8556,433.7,405.28210664806016,382.84909511623033
2018-06-08 13:30:00,486.411,485.1248,476.4,450.45077390397915,423.25194091524014
2018-06-08 13:45:00,523.5276666666666,524.9212,516.0,488.17801312290504,468.12654713474586
2018-06-08 14:00:00,559.4393333333334,561.452,552.60004,522.9414725544684,507.5149979832404
2018-06-08 14:15:00,591.9593333333333,594.5076,586.0,554.4916597576354,539.0651851864073
2018-06-08 14:30:00,621.318,623.9068,615.9,582.6128471931182,566.4766844352447
2018-06-08 14:45:00,647.9903333333333,649.492,642.10004,607.1198824269184,590.9837196690448
2018-06-08 15:00:00,668.2693333333334,671.1244,662.60004,627.8560939044125,611.719931146539
2018-06-08 15:15:00,687.0716666666667,688.6936,681.2,646.5001759258109,638.5625862804252
2018-06-08 15:30:00,698.7336666666666,702.116,695.8,659.332206460551,651.3946168151653
2018-06-08 15:45:00,708.5493333333333,711.3232,706.10004,668.0826575536977,660.145067908312
2018-06-08 16:00:00,714.3653333333333,716.268,712.4,672.6989469983763,665.7757139661497
2018-06-08 16:15:00,714.9013333333334,716.926,713.5,673.153481901428,666.2302488692014
2018-06-08 16:30:00,712.0763333333333,713.2932,710.60004,669.4435507417536,662.520317709527
2018-06-08 16:45:00,704.8926666666666,705.3884,703.3,661.5913131104325,654.6680800782059
2018-06-08 17:00:00,693.2606666666667,693.2508,692.0,649.6438853755034,642.7206523432768
2018-06-08 17:15:00,678.0319999999999,676.9428,676.5,633.673536899826,626.7503038675994
2018-06-08 17:30:00,655.8753333333333,656.5468,657.0,613.7780300288318,606.8547969966053
2018-06-08 17:45:00,632.797,632.1684,633.60004,588.2728932616913,583.1579278228485
2018-06-08 18:00:00,605.01,603.9148,603.4,560.9253234854165,555.8103580465737
2018-06-08 18:15:00,572.6186666666667,571.9368,572.8,530.1058434510597,524.990878012217
2018-06-08 18:30:00,533.0806666666666,536.4276,538.60004,496.02328453027343,490.90831909143066
2018-06-08 18:45:00,490.2866666666667,497.5876,501.30002,458.91942688569014,453.80446144684737
2018-06-08 19:00:00,437.63433333333336,455.6476,460.80002,419.0734668206621,413.9585013818193
2018-06-08 19:15:00,404.8546666666667,410.8744,417.5,372.0431753756362,370.67967478054345
2018-06-08 19:30:00,362.3803333333333,363.5852,371.7,327.7393582198415,326.37585762474873
2018-06-08 19:45:00,314.255,314.1612,323.7,281.8494199620443,280.4859193669515
2018-06-08 20:00:00,264.33233333333334,263.0772,274.1,229.39545444745752,223.56231025953028
2018-06-08 20:15:00,215.08066666666667,210.9496,223.40001,164.67494508149272,177.0525287640298
2018-06-08 20:30:00,164.02733333333333,143.4012,172.1,103.43666174581377,118.76391270330278
2018-06-09 11:45:00,100.25766666666668,152.306,128.2,112.33973808680804,93.12739010249408
2018-06-09 12:00:00,218.10666666666663,205.126,196.7,172.22357752515316,140.3674898405218
2018-06-09 12:15:00,267.7606666666667,257.6624,248.2,223.08875286914846,185.61915791370413
2018-06-09 12:30:00,314.74,309.184,299.1,274.841290797191,247.64245780845198
2018-06-09 12:45:00,337.38366666666667,359.1192,348.6,320.95780778507634,300.90634179691716
2018-06-09 13:00:00,275.07800000000003,392.7344,396.0,360.84630911714254,350.1856560028237
2018-06-09 13:15:00,436.5966666666666,415.156,441.4,380.1084340618998,392.19320348967614
2018-06-09 13:30:00,487.2753333333333,493.2928,484.0,450.52313012051815,432.5786997692608
2018-06-09 13:45:00,525.2013333333333,534.6896,523.8,489.77929449485976,480.3038573305531
2018-06-09 14:00:00,560.2646666666666,571.0392,560.5,524.5416201720886,515.066183007782
2018-06-09 14:15:00,593.0310000000001,603.9196,593.9,561.5631438320337,547.6368857448755
2018-06-09 14:30:00,619.3639999999999,633.1532,623.60004,589.6973755481239,575.7711174609657
2018-06-09 14:45:00,645.6373333333333,658.584,649.7,614.2239875936041,600.2977295064459
2018-06-09 15:00:00,667.9906666666667,680.0844,668.60004,634.9859878714409,621.0597297842827
2018-06-09 15:15:00,683.8313333333333,697.5424,687.10004,651.853500072623,637.9272419854648
2018-06-09 15:30:00,698.0953333333333,710.8576,701.3,664.7228418983952,650.796583811237
2018-06-09 15:45:00,706.557,719.9604,711.5,673.5159231209798,659.5896650338216
2018-06-09 16:00:00,711.062,724.8016,717.60004,678.1798630093054,672.3687725399451
2018-06-09 16:15:00,711.7093333333333,725.3544,719.3,678.6867631888873,676.4793809867389
2018-06-09 16:30:00,707.6486666666666,721.6144,716.8,675.0335976579898,672.8262154558414
2018-06-09 16:45:00,699.1333333333333,713.5984,709.9,667.2422012557682,665.0348190536198
2018-06-09 17:00:00,686.284,701.3448,699.0,655.3593546125836,653.1519724104352
2018-06-09 17:15:00,670.2443333333333,684.9148,683.8,639.4569800534991,638.3407843747882
2018-06-09 17:30:00,648.4583333333334,664.39,664.7,619.632481548035,618.5162858693241
2018-06-09 17:45:00,622.6063333333333,639.8744,641.60004,596.0092856071566,594.8930899284456
2018-06-09 18:00:00,594.2666666666667,611.3724,608.5,568.7376733449986,562.9265828756382
2018-06-09 18:15:00,561.7983333333334,579.0412,577.7,532.530866137386,532.1849532040364
2018-06-09 18:30:00,525.0833333333334,543.1772,543.3,498.5276481229504,498.1817351896008
2018-06-09 18:45:00,486.3926666666667,503.9784,505.6,459.96636082240735,453.0431277901808
2018-06-09 19:00:00,442.53133333333335,461.6708,464.80002,418.3932020108866,413.27823657204385
2018-06-09 19:15:00,395.64,416.5192,421.1,376.2100111746684,371.09504573582564
2018-06-09 19:30:00,347.1333333333333,368.8372,374.9,331.98722361127574,326.87225817243296
2018-06-09 19:45:00,297.981,319.0044,326.4,281.41175641877743,280.04825582368466
2018-06-09 20:00:00,245.24266666666668,267.4892,276.4,234.57401205272834,233.21051145763556
2018-06-09 20:15:00,193.69266666666667,214.8908,225.3,181.89449261922996,176.06134843130272
2018-06-09 20:30:00,139.428,162.03,173.8,123.38676638249363,125.70430082920994
2018-06-10 11:45:00,93.033,153.0476,138.5,113.84883400524544,86.02954956615852
2018-06-10 12:00:00,204.197,206.5304,194.3,174.60666280264965,141.8553515004646
2018-06-10 12:15:00,255.93233333333333,259.562,246.6,221.60421457517182,184.1346196197275
2018-06-10 12:30:00,308.67266666666666,311.5196,298.30002,273.2960623249245,246.09722933618545
2018-06-10 12:45:00,348.8833333333333,361.8228,348.5,319.3672288922997,303.94075432107167
2018-06-10 13:00:00,298.52166666666665,406.8844,396.9,363.98846313725164,347.8523003793781
2018-06-10 13:15:00,444.6553333333333,447.528,442.80002,406.68296964927407,396.65459593101235
2018-06-10 13:30:00,543.6496666666667,498.1396,485.80002,455.86613639118764,440.92552169087026
2018-06-10 13:45:00,586.2786666666667,538.2896,526.0,493.579064225912,479.6528061387538
2018-06-10 14:00:00,533.0446666666667,574.7332,563.0,528.3435888013053,514.417330714147
2018-06-10 14:15:00,490.4343333333333,607.66,596.4,559.9092175589337,545.9829594717755
2018-06-10 14:30:00,504.47566666666665,636.8956,626.0,588.059399209419,574.1331411222608
2018-06-10 14:45:00,433.8716666666666,662.2868,651.9,612.6082661420626,606.7971756727022
2018-06-10 15:00:00,438.77633333333335,683.706,672.0,636.9348501954812,619.4722380433816
2018-06-10 15:15:00,513.1776666666667,701.0352,690.10004,655.0958637190681,644.4888099623543
2018-06-10 15:30:00,650.2036666666667,714.1808,704.10004,668.004455497192,661.00111000769
2018-06-10 15:45:00,690.1166666666667,714.5972,713.8,672.0458779274963,669.8384957253479
2018-06-10 16:00:00,610.0293333333334,692.1736,719.2,657.6445590061843,674.5514880222976
2018-06-10 16:15:00,532.4233333333334,671.5188,720.4,606.7114581711943,675.1118754990752
2018-06-10 16:30:00,492.2273333333333,649.0528,671.4,616.0789670937334,615.1860780709062
2018-06-10 16:45:00,524.9166666666666,624.7876,642.0,609.9278339397971,612.1594966900412
2018-06-10 17:00:00,669.6263333333334,610.4764,609.3,588.9248798942365,570.9077118491925
2018-06-10 17:15:00,514.4013333333334,589.7768,620.0,574.8965935854225,587.9485516695289
2018-06-10 17:30:00,571.5856666666666,557.2452,609.3,555.1427299147111,568.1946879988176
2018-06-10 17:45:00,657.375,523.3056,591.60004,536.5975735139577,538.8374493074148
2018-06-10 18:00:00,591.7246666666667,483.4632,547.10004,468.16143996805215,517.447807384434
2018-06-10 18:15:00,570.3,460.9688,479.5,468.8922556725732,447.0725382653466
2018-06-10 18:30:00,541.2876666666666,429.7676,498.4,416.7086754090683,455.1067400224106
2018-06-10 18:45:00,492.065,404.668,438.6,402.86010323082144,412.47051964317495
2018-06-10 19:00:00,434.5013333333334,369.7992,458.0,363.17386734471654,411.6778517960105
2018-06-10 19:15:00,433.3113333333333,298.648,396.5,289.7072418825316,333.46702848836657
2018-06-10 19:30:00,364.942,260.1168,316.9,283.06110364022487,286.5345304590725
2018-06-10 19:45:00,305.1646666666667,233.302,278.1,231.19097296317653,244.24293104728298
2018-06-10 20:00:00,212.177,195.5808,278.4,184.42782287645167,232.93180732774562
2018-06-10 20:15:00,191.119,148.4856,227.3,137.35736467044998,175.85450841587235
2018-06-10 20:30:00,158.04366666666667,115.6924,175.90001,98.36234927384807,130.19042754380655
2018-06-11 11:45:00,109.82466666666669,109.642,130.3,83.34013135832465,90.59221609038032
2018-06-11 12:00:00,185.9473333333333,169.7308,170.0,126.62502580685432,136.439646778534
2018-06-11 12:15:00,281.90233333333333,171.0276,219.90001,170.30870803131054,183.360666115417
2018-06-11 12:30:00,324.2196666666667,200.9716,269.30002,223.31561284425825,230.23058133485884
2018-06-11 12:45:00,307.3883333333333,213.5372,293.5,205.56677571635754,255.93086568217785
2018-06-11 13:00:00,204.062,230.3776,315.1,244.018866407632,281.1428669569484
2018-06-11 13:15:00,224.41766666666663,270.3868,344.4,286.6945664380089,311.2263581250206
2018-06-11 13:30:00,214.763,346.1232,354.0,333.1967210291532,289.1962632654813
2018-06-11 13:45:00,545.6603333333334,436.7108,416.1,428.5497809825069,374.4889899668819
2018-06-11 14:00:00,563.3223333333333,474.3024,488.2,463.3198092370854,447.0347826867924
2018-06-11 14:15:00,565.3906666666667,506.3136,531.10004,494.89780768284936,504.5082240952029
2018-06-11 14:30:00,498.32,561.0404,556.8,528.8666736186028,515.7888843119622
2018-06-11 14:45:00,614.34,637.3508,580.4,602.2738546963725,540.3626322384868
2018-06-11 15:00:00,649.7296666666666,661.4968,610.5,623.0946966377198,578.845534917444
2018-06-11 15:15:00,640.4060000000001,679.2716,649.4,640.0321225706277,593.7104157987771
2018-06-11 15:30:00,564.1513333333334,692.9628,636.2,652.9818325877592,607.9589424968168
2018-06-11 15:45:00,655.689,702.4996,654.5,661.8651217463146,620.2837733271251
2018-06-11 16:00:00,646.6153333333333,707.834,656.0,666.6284884815453,625.0471400623559
2018-06-11 16:15:00,598.0086666666667,691.5088,609.4,656.9403827860967,573.3596981242315
2018-06-11 16:30:00,539.4686666666668,654.8004,574.0,614.8727518450983,507.43041480896545
2018-06-11 16:45:00,542.8566666666667,675.6088,573.0,636.4689160172227,512.2416134659532
2018-06-11 17:00:00,598.5066666666667,654.64,572.9,614.5005697095437,506.85253883243035
2018-06-11 17:15:00,505.502,574.1516,542.2,573.8849397052487,478.254271065112
2018-06-11 17:30:00,592.649,596.0112,468.4,560.0011151061152,397.43396117545115
2018-06-11 17:45:00,518.8073333333333,597.6968,501.7,555.5721463614083,441.5601399593926
2018-06-11 18:00:00,541.4066666666666,518.9196,502.0,503.6003933147408,464.3499965862252
2018-06-11 18:15:00,540.1043333333333,530.2164,486.5,481.03674277212866,453.18699225332983
2018-06-11 18:30:00,481.391,532.3972,498.6,493.79395987810545,446.4055855494922
2018-06-11 18:45:00,427.9673333333333,495.7256,480.9,456.92514659168,429.726313602941
2018-06-11 19:00:00,400.97833333333335,454.4728,441.4,417.31506412738463,390.1162311386456
2018-06-11 19:15:00,352.986,410.4424,398.9,375.2858956962274,348.08706270748837
2018-06-11 19:30:00,311.949,363.9432,354.0,326.4494682565087,304.01645672467885
2018-06-11 19:45:00,267.22433333333333,315.3436,307.1,280.78897295228364,243.3193779968393
2018-06-11 20:00:00,224.2013333333333,228.2664,256.30002,190.0283147919679,196.6263315308595
2018-06-11 20:15:00,179.67133333333334,93.122,198.5,79.58251159843832,142.1315018480721
2018-06-11 20:30:00,131.88633333333334,34.9372,143.2,33.27015523167236,103.96411923618896
2018-06-12 11:45:00,6.96,15.0676,117.3,18.701259671498065,85.95368200426174
2018-06-12 12:00:00,18.39,16.6816,111.0,42.14643084282733,68.0281370806203
2018-06-12 12:15:00,22.069333333333336,21.4316,134.3,48.501167944832076,67.29590671436333
2018-06-12 12:30:00,25.139333333333337,30.8208,180.90001,78.21933213285394,114.11435166410394
2018-06-12 12:45:00,32.53566666666667,47.5204,190.6,129.80325418336037,133.65304666382912
2018-06-12 13:00:00,44.82933333333334,56.0644,196.3,79.2011710669679,143.3657218482179
2018-06-12 13:15:00,52.232,48.218,207.5,57.38881486448571,168.49400895628258
2018-06-12 13:30:00,64.08566666666667,79.1956,178.2,99.21969284097935,138.33617843668247
2018-06-12 13:45:00,82.39066666666666,140.4568,187.7,206.57854665375186,135.22295583343936
2018-06-12 14:00:00,91.32133333333331,178.7216,229.8,216.24398012223332,198.46388979020207
2018-06-12 14:15:00,104.46866666666666,212.642,252.1,247.83739624505586,183.28060303216523
2018-06-12 14:30:00,111.92766666666668,242.3332,270.6,276.02801388382386,191.84588497757386
2018-06-12 14:45:00,132.80066666666667,274.6256,284.30002,300.62921492202145,221.55963484389645
2018-06-12 15:00:00,147.70833333333334,289.9148,281.0,321.48299058660336,206.41887315496274
2018-06-12 15:15:00,181.11066666666665,302.0804,280.1,338.458501313174,224.93253085418962
2018-06-12 15:30:00,184.526,311.7068,280.2,324.2599640375163,175.67262272892253
2018-06-12 15:45:00,165.39600000000002,319.5584,280.9,333.1906790788745,184.60333777028075
2018-06-12 16:00:00,134.82233333333335,321.0448,275.1,345.51429799646826,197.41416982264013
2018-06-12 16:15:00,110.73933333333332,312.2544,267.5,322.48156489147857,173.2121862293692
2018-06-12 16:30:00,87.04133333333334,306.8356,251.90001,316.38110363535077,200.5598450904289
2018-06-12 16:45:00,72.80266666666667,299.6668,236.7,308.7751200816622,127.32538253283406
2018-06-12 17:00:00,76.45633333333333,293.6372,217.2,323.4124787791508,118.37802443344765
2018-06-12 17:15:00,87.516,277.4968,218.0,312.95225528241076,165.56663516522326
2018-06-12 17:30:00,93.983,248.9956,234.40001,255.16173711308306,132.0031982947237
2018-06-12 17:45:00,102.42466666666664,219.9328,217.2,239.8421951796131,108.59649815812872
2018-06-12 18:00:00,112.92466666666664,184.0116,205.7,174.52807806599367,122.85348700154054
2018-06-12 18:15:00,117.91933333333331,141.5112,197.1,156.4490262406664,117.20094884808827
2018-06-12 18:30:00,106.27466666666666,91.4928,178.8,106.16251592075895,104.95987920200895
2018-06-12 18:45:00,97.77533333333334,50.2824,156.1,43.09215691338841,72.05568840752903
2018-06-12 19:00:00,90.03466666666667,34.6892,134.6,48.400153485683916,82.05869230404329
2018-06-12 19:15:00,80.42433333333334,31.766,111.700005,55.06218537236606,66.10536774541293
2018-06-12 19:30:00,71.68333333333334,29.142,93.700005,57.95448522065823,47.93051366304104
2018-06-12 19:45:00,62.25266666666666,26.5392,72.6,72.54288638016834,23.536141995402716
2018-06-12 20:00:00,54.623333333333335,23.656,53.4,46.47452559981522,3.6231309464949106
2018-06-12 20:15:00,46.26766666666666,20.7092,41.2,57.22248657838506,-14.818544305404004
2018-06-12 20:30:00,39.47266666666667,17.8164,47.100002,27.125274668223298,-10.73500060033139
2018-06-13 11:45:00,68.90266666666666,16.8316,99.1,17.5525221296041,62.63438553292441
2018-06-13 12:00:00,99.28666666666666,33.9508,140.40001,57.0617520358131,101.02059526701427
2018-06-13 12:15:00,117.434,62.1692,173.1,87.68435997953193,140.96866936673896
2018-06-13 12:30:00,131.08433333333335,94.49,206.5,134.45603450524607,160.33774074303903
2018-06-13 12:45:00,136.772,134.5424,233.40001,178.44134858289738,174.54317048231144
2018-06-13 13:00:00,159.84966666666665,170.8436,263.4,202.70938702521192,203.26418133673536
2018-06-13 13:15:00,188.829,225.482,295.1,267.6140104031676,239.74938637973008
2018-06-13 13:30:00,228.09166666666667,300.6952,323.7,324.1276051834155,269.98829243927486
2018-06-13 13:45:00,263.6553333333333,333.9348,350.6,361.8453711902592,289.22851938361856
2018-06-13 14:00:00,284.6323333333333,363.6456,375.0,396.6361967917567,303.65110462867074
2018-06-13 14:15:00,289.0423333333334,390.7104,397.5,433.60358215425913,340.04669738863413
2018-06-13 14:30:00,317.21500000000003,416.39,421.4,461.81858988224565,368.26170511662065
2018-06-13 14:45:00,332.44666666666666,436.1204,435.6,464.933906278102,381.9243237585707
2018-06-13 15:00:00,327.62833333333333,458.4096,441.2,485.82287518661974,403.29267804306505
2018-06-13 15:15:00,363.5613333333333,489.7532,441.5,518.9987747942192,402.2963516985161
2018-06-13 15:30:00,387.885,502.9676,435.4,532.0360380160594,388.61913738129374
2018-06-13 15:45:00,412.4413333333333,515.7196,430.6,541.0156238362747,391.28907659506376
2018-06-13 16:00:00,424.2066666666667,516.878,451.6,545.8833817177222,402.46648108295653
2018-06-13 16:15:00,411.93,520.9144,450.30002,546.6101212705248,403.1932206357592
2018-06-13 16:30:00,436.8333333333333,518.5808,447.4,543.1914941449885,399.77459351022287
2018-06-13 16:45:00,433.17466666666667,519.654,437.30002,535.6479770674172,389.7181980146828
2018-06-13 17:00:00,411.54966666666667,506.2924,446.1,524.0249531453899,407.32253004968675
2018-06-13 17:15:00,395.432,484.8436,438.2,508.3929051846751,391.690482088972
2018-06-13 17:30:00,366.6833333333333,452.4132,411.6,488.84775345305536,372.14533035735224
2018-06-13 17:45:00,373.2903333333333,387.8516,386.9,418.1340289981773,348.8089710147789
2018-06-13 18:00:00,362.552,298.0956,364.1,344.12237145900383,321.8301046133007
2018-06-13 18:15:00,318.55833333333334,236.8996,324.6,287.14057471220707,291.38549353544926
2018-06-13 18:30:00,250.263,184.5216,284.7,211.04984572579167,226.05901625801823
2018-06-13 18:45:00,227.953,130.682,248.5,155.86151120899314,189.33595273731345
2018-06-13 19:00:00,193.697,67.4744,221.1,96.71336558301789,181.49318125684601
2018-06-13 19:15:00,170.15633333333335,33.4384,179.1,99.6221933804839,139.60611061681203
2018-06-13 19:30:00,142.16466666666665,29.7944,143.8,57.7861042229261,95.67401315847297
2018-06-13 19:45:00,121.355,27.66,99.1,72.43923950702663,50.1469726613235
2018-06-13 20:00:00,85.166,24.7012,66.1,46.43184154094962,61.10251109661368
2018-06-13 20:15:00,58.961666666666666,21.4596,42.7,57.23556696317672,-14.80546392061234
2018-06-13 20:30:00,38.331,18.0976,37.4,27.186609102683093,-16.838323758645032
2018-06-14 11:45:00,37.900666666666666,13.814,85.700005,16.452904205051084,54.27156494113507
2018-06-14 12:00:00,56.771,20.414,106.1,55.87155768573035,65.5929550856327
2018-06-14 12:15:00,63.95733333333333,39.4088,144.90001,84.45678749876456,80.55860939817862
2018-06-14 12:30:00,95.918,59.4856,173.6,122.0096745872545,111.46247915268418
2018-06-14 12:45:00,106.74466666666667,63.7796,199.40001,92.2047788128749,141.11697974060928
2018-06-14 13:00:00,136.25633333333334,80.0648,198.1,116.17567784336512,131.79489476231043
2018-06-14 13:15:00,129.31733333333332,96.7372,216.6,122.35842291129336,165.7270142198871
2018-06-14 13:30:00,127.12833333333332,104.5432,222.8,140.9841974247596,176.85413150679085
2018-06-14 13:45:00,138.68366666666668,131.1656,209.8,159.02797367795017,149.65538456662205
2018-06-14 14:00:00,202.3716666666667,169.5116,214.40001,193.83402430981153,153.7625826594209
2018-06-14 14:15:00,192.514,192.7484,236.40001,201.7641264686739,160.96764819718953
2018-06-14 14:30:00,217.833,207.0544,243.2,223.92002587312095,163.78455834382407
2018-06-14 14:45:00,227.51666666666668,224.1492,218.2,224.812352792512,122.27698291946513
2018-06-14 15:00:00,252.9773333333333,236.0144,205.6,250.68069654619967,116.98709303057467
2018-06-14 15:15:00,242.19433333333333,262.0504,202.7,262.79630709928165,111.32246066373477
2018-06-14 15:30:00,223.28566666666663,268.0148,206.5,280.8218440967164,110.30664634281015
2018-06-14 15:45:00,282.9346666666667,274.4068,179.6,289.8516670434674,33.23911821534239
2018-06-14 16:00:00,217.761,298.9144,194.90001,318.54161888444787,52.277672351244746
2018-06-14 16:15:00,203.1023333333333,326.5476,214.90001,363.85829568200415,121.2974436312229
2018-06-14 16:30:00,207.24866666666668,344.5088,222.1,360.49973339681844,141.20545239095907
2018-06-14 16:45:00,216.696,254.632,259.0,266.14877694894733,169.28540414621295
2018-06-14 17:00:00,247.28766666666667,206.084,180.40001,196.66084353694418,71.51863162288168
2018-06-14 17:15:00,187.33,185.94,115.0,197.350461428441,-13.274660641871492
2018-06-14 17:30:00,155.92833333333334,151.2108,128.2,172.44308374010063,-18.495270752086867
2018-06-14 17:45:00,188.931,119.6792,112.5,129.34695731591376,-30.591214070804995
2018-06-14 18:00:00,201.2563333333333,99.9632,103.4,122.26707794526578,-1.0771603359842175
2018-06-14 18:15:00,178.6326666666667,94.5252,115.5,93.43526562228459,64.03884228244084
2018-06-14 18:30:00,214.63166666666663,85.9552,122.700005,79.08871669349134,16.45587367591321
2018-06-14 18:45:00,184.10933333333327,48.708,142.90001,42.43498490565116,67.50792191736991
2018-06-14 19:00:00,185.492,34.3928,128.40001,47.88202515966793,98.40308228857418
2018-06-14 19:15:00,188.578,31.5604,117.5,54.67996278668426,65.72314515973113
2018-06-14 19:30:00,135.499,28.982,127.700005,57.70372549490946,95.59163443045634
2018-06-14 19:45:00,74.54233333333333,26.4348,110.5,72.41755162049549,68.13720188905017
2018-06-14 20:00:00,80.28999999999999,23.7524,82.8,46.466477776800815,32.11616649750394
2018-06-14 20:15:00,60.940333333333335,20.8304,43.2,57.320542083022644,-14.720488800766418
2018-06-14 20:30:00,37.941,17.3,56.8,27.313261874659943,-4.535218349949432
2018-06-15 11:45:00,34.839666666666666,47.84,131.6,41.68335768434933,88.34682985994748
2018-06-15 12:00:00,58.947,54.3788,153.1,57.13917649140677,111.24142563691458
2018-06-15 12:15:00,88.78766666666667,84.6152,164.7,101.4025460742227,125.93433776123442
2018-06-15 12:30:00,105.88533333333334,111.3456,192.8,153.45054617200654,126.06051626477998
2018-06-15 12:45:00,141.62533333333334,133.1624,233.1,175.86892901315144,171.9707509125655
2018-06-15 13:00:00,195.5713333333333,162.8208,236.6,191.1458829584376,186.61919533636728
2018-06-15 13:15:00,234.87733333333333,194.0804,262.2,253.84987702282825,213.40058197888294
2018-06-15 13:30:00,238.56466666666665,248.2332,283.2,274.1449153179454,233.3209407085704
2018-06-15 13:45:00,269.6516666666667,304.4796,320.6,343.1002247462007,285.2116749415132
2018-06-15 14:00:00,433.1133333333333,355.986,381.9,399.44052177645045,329.6590886709817
2018-06-15 14:15:00,542.2716666666666,420.5452,427.30002,427.4683066585477,371.6031943538602
2018-06-15 14:30:00,524.439,476.194,488.7,460.15456525457034,428.6334852374805
2018-06-15 14:45:00,615.9766666666667,530.9672,552.5,537.6565239936363,522.6716492682945
2018-06-15 15:00:00,543.81,585.7856,601.4,570.8396243279059,573.07128707815
2018-06-15 15:15:00,696.2866666666666,607.1244,650.3,587.941081746356,594.7874915440244
2018-06-15 15:30:00,719.6073333333334,634.0128,665.7,599.4936138474989,606.0916305863905
2018-06-15 15:45:00,715.4699999999999,693.412,683.8,657.4083939057022,630.2095609169631
2018-06-15 16:00:00,711.428,700.5864,699.3,662.3848520649545,656.2555300129526
2018-06-15 16:15:00,412.96066666666667,701.2328,701.60004,663.2265506400994,657.0972285880974
2018-06-15 16:30:00,512.0073333333333,697.6364,696.2,659.9284491243004,649.9000754060387
2018-06-15 16:45:00,684.4743333333333,689.8128,693.5,652.5103175049267,647.3953520660839
2018-06-15 17:00:00,659.904,677.802,683.3,641.0168153207339,635.9018498818912
2018-06-15 17:15:00,676.6419999999999,661.6648,668.5,625.5176829367338,620.402717497891
2018-06-15 17:30:00,646.4103333333334,641.484,649.60004,606.1080770529305,600.9931116140878
2018-06-15 17:45:00,636.4573333333334,607.1304,627.0,572.6060876103716,577.7941407414751
2018-06-15 18:00:00,590.766,549.726,598.7,504.6726854586192,550.9536894106456
2018-06-15 18:15:00,420.3543333333333,507.298,568.4,476.92920134848487,520.6476690608872
2018-06-15 18:30:00,541.3356666666666,478.5712,532.3,443.36344287011997,486.06755396936313
2018-06-15 18:45:00,479.982,447.7108,497.6,404.2140354622194,450.49503941424575
2018-06-15 19:00:00,433.69166666666666,430.2876,458.1,393.9088536894095,411.1628886854422
2018-06-15 19:15:00,382.119,398.1476,415.5,364.21733478195506,369.4053879130586
2018-06-15 19:30:00,333.80933333333337,334.3244,370.6,287.3880405403192,324.58322238693785
2018-06-15 19:45:00,204.371,266.9672,323.5,236.46935716272702,279.1734682619702
2018-06-15 20:00:00,214.115,213.2508,274.7,190.01080292197915,228.81586235496255
2018-06-15 20:15:00,161.28166666666667,159.8104,224.8,144.79792353846904,176.62600180842753
2018-06-15 20:30:00,64.65333333333334,105.988,174.1,91.28669660316493,125.86853711830165
2018-06-16 11:45:00,32.092666666666666,33.0776,99.1,14.40437527540874,65.6707594001646
2018-06-16 12:00:00,60.51866666666667,47.0552,137.2,53.65951168991427,97.61835492111544
2018-06-16 12:15:00,74.90033333333334,82.0204,164.40001,100.27408577634611,124.80587746335783
2018-06-16 12:30:00,76.41766666666666,104.6644,207.1,130.77388614919704,171.46598667409938
2018-06-16 12:45:00,95.366,118.8308,239.5,145.44825584112522,173.8086989563596
2018-06-16 13:00:00,123.67666666666668,112.5384,243.5,168.09392172096153,185.83121114967247
2018-06-16 13:15:00,153.82533333333333,134.3004,233.5,193.5012169170903,180.80611804013716
2018-06-16 13:30:00,179.94,180.4944,245.1,225.9336684543029,203.64140160859978
2018-06-16 13:45:00,211.1303333333333,230.3764,273.6,248.48857166138316,241.39498950806285
2018-06-16 14:00:00,226.55566666666667,275.5824,307.1,326.6291506862125,338.00509673113436
2018-06-16 14:15:00,235.836,316.8348,339.1,350.440698254651,369.6897979860963
2018-06-16 14:30:00,240.896,330.236,343.6,379.17702574242503,303.2057733010188
2018-06-16 14:45:00,240.70366666666663,346.1456,348.7,374.61639207221435,287.228849347605
2018-06-16 15:00:00,233.46833333333333,370.016,342.0,389.0665218950039,285.55951811082423
2018-06-16 15:15:00,226.7733333333333,358.2768,351.6,392.21153218579377,299.3801418049344
2018-06-16 15:30:00,242.954,380.7692,334.4,408.0161130194367,259.13079807803047
2018-06-16 15:45:00,254.35166666666663,384.8436,363.80002,414.526380460826,310.0953807049666
2018-06-16 16:00:00,225.83466666666664,389.6888,339.1,419.55859686452254,272.1348297746788
2018-06-16 16:15:00,207.771,388.0444,295.30002,420.45873469759897,186.49144954134897
2018-06-16 16:30:00,290.79533333333336,393.8428,329.80002,434.23727072951,249.4252895283381
2018-06-16 16:45:00,320.32866666666666,406.5152,369.0,461.96297882331135,317.0346188379598
2018-06-16 17:00:00,313.5203333333333,408.8348,358.2,450.24388851280287,305.60546077842787
2018-06-16 17:15:00,302.222,383.4668,342.7,432.85892955106135,290.1719025735223
2018-06-16 17:30:00,285.293,351.2436,320.80002,392.86088137476816,270.8287158474244
2018-06-16 17:45:00,288.8793333333333,336.0328,297.7,354.53009273117425,247.6966118962133
2018-06-16 18:00:00,344.353,353.758,295.5,380.7103708952983,246.92632853689986
2018-06-16 18:15:00,388.46133333333336,411.9616,326.0,413.26605422079035,290.42344862997004
2018-06-16 18:30:00,264.5656666666667,431.9684,406.2,432.0513970592227,354.67564174916413
2018-06-16 18:45:00,324.14833333333337,288.1872,404.30002,320.942899512752,377.46302204082815
2018-06-16 19:00:00,377.237,257.0108,267.6,281.67317219818443,209.63214131439537
2018-06-16 19:15:00,157.50733333333335,265.33,322.5,262.2760765286448,296.49570772371317
2018-06-16 19:30:00,202.78366666666668,139.7912,306.30002,172.05536741406172,268.88901609570235
2018-06-16 19:45:00,153.931,195.1572,153.0,182.60945834196923,102.60155428923485
2018-06-16 20:00:00,157.67300000000003,73.0164,258.1,104.45551746130567,196.79590480566603
2018-06-16 20:15:00,115.28333333333332,56.6236,132.8,73.86350801669585,98.39529970370756
2018-06-16 20:30:00,107.728,86.3036,128.1,86.18524081646234,101.15221698223382
2018-06-17 11:45:00,70.99633333333333,129.6252,116.9,82.40789420083954,84.15104968027069
2018-06-17 12:00:00,197.74766666666667,181.9412,177.90001,141.27069243699893,121.32875630170687
2018-06-17 12:15:00,244.07333333333327,220.5468,228.7,155.82773689163872,174.84171966446587
2018-06-17 12:30:00,287.7973333333333,234.572,279.1,217.00236017108443,226.73978025317672
2018-06-17 12:45:00,300.019,281.2176,328.2,262.8794930008934,267.8986294297264
2018-06-17 13:00:00,150.78033333333332,328.9488,375.6,305.80657406762515,312.40459080651675
2018-06-17 13:15:00,337.836,389.3696,420.7,345.8892126782592,370.0863490803893
2018-06-17 13:30:00,461.7026666666667,469.2588,463.5,432.8992844193786,410.46627288754877
2018-06-17 13:45:00,500.81666666666666,511.012,503.2,475.4373772699138,455.3859112817546
2018-06-17 14:00:00,536.1893333333334,547.7936,540.0,510.30794198445386,494.88146741322583
2018-06-17 14:15:00,567.909,581.156,573.60004,542.0226307213387,526.5961561501107
2018-06-17 14:30:00,596.6533333333333,610.9116,603.60004,570.3617905283343,554.2256277704607
2018-06-17 14:45:00,620.749,636.8976,630.0,595.136810138147,579.0006473802734
2018-06-17 15:00:00,640.572,659.0016,651.3,616.187841311591,600.0516785537175
2018-06-17 15:15:00,658.9626666666667,677.1052,670.10004,633.3822941249969,627.2529720729949
2018-06-17 15:30:00,674.403,686.116,684.5,646.6138429970154,640.4845209450134
2018-06-17 15:45:00,687.0426666666666,683.3064,695.0,651.0359541902172,649.6724535951245
2018-06-17 16:00:00,690.7146666666666,679.5536,701.4,641.3214870202597,654.7612548577841
2018-06-17 16:15:00,692.0043333333334,666.7604,703.4,612.323280798428,656.7347130646633
2018-06-17 16:30:00,668.3566666666667,672.314,701.3,629.737360345269,653.5583676566132
2018-06-17 16:45:00,686.0830000000001,657.2616,695.0,614.0142079820533,646.2656260957618
2018-06-17 17:00:00,667.3066666666667,639.7812,684.5,593.4084782486555,634.9004139786359
2018-06-17 17:15:00,647.9316666666667,610.1064,670.0,575.8132527141887,619.531720426591
2018-06-17 17:30:00,592.1086666666666,579.7512,651.4,556.5354629056974,600.2539306180997
2018-06-17 17:45:00,599.1613333333333,554.7156,629.0,535.0477698327029,577.1873572350466
2018-06-17 18:00:00,475.8006666666667,526.9192,599.60004,508.3394714059856,550.4790588083293
2018-06-17 18:15:00,513.3063333333333,440.3888,573.3,418.7730682721647,520.3040817609342
2018-06-17 18:30:00,466.4773333333333,370.15,532.2,375.29260940105627,485.8529827073307
2018-06-17 18:45:00,422.29833333333335,376.1208,429.2,369.52622765938725,385.4607827130982
2018-06-17 19:00:00,422.8516666666666,346.2928,463.2,356.8393811742885,411.196192697726
2018-06-17 19:15:00,336.93733333333336,342.2232,381.9,327.4155992702916,324.94382993740584
2018-06-17 19:30:00,305.77933333333334,304.528,375.1,283.71737648077226,325.856963883116
2018-06-17 19:45:00,257.634,248.736,327.7,229.22341175786852,280.54792996160387
2018-06-17 20:00:00,181.31766666666667,188.884,278.6,184.66017470414354,233.1641591554375
2018-06-17 20:15:00,151.67633333333333,117.5912,201.1,101.70742999803545,142.84882365953447
2018-06-17 20:30:00,115.563,31.2488,169.5,34.218008738102625,119.29448817306967
2018-06-18 11:45:00,77.61433333333333,144.1116,129.6,105.26838316046774,77.44909872138082
2018-06-18 12:00:00,201.28066666666663,197.1872,180.40001,165.32797028882595,127.31126763684841
2018-06-18 12:15:00,247.9513333333333,239.0568,231.40001,206.32002136827478,179.10590717912683
2018-06-18 12:30:00,291.85766666666666,259.9212,281.9,220.7071341430503,220.9978016769248
2018-06-18 12:45:00,313.3316666666667,307.6632,331.0,266.5745066576962,266.8651741915707
2018-06-18 13:00:00,142.204,368.5,378.30002,331.237805647943,326.40797309407947
2018-06-18 13:15:00,317.8146666666667,444.8908,423.4,399.6066528092268,369.0617047081831
2018-06-18 13:30:00,467.42466666666667,489.4624,466.1,445.4674517305655,421.229684511022
2018-06-18 13:45:00,506.9713333333333,529.5348,505.80002,483.26171778537105,459.0239505658276
2018-06-18 14:00:00,542.0506666666666,566.3496,542.5,518.1599220165406,493.21246661035156
2018-06-18 14:15:00,574.4446666666666,599.7056,575.9,549.9073613287571,524.9599059225682
2018-06-18 14:30:00,602.5566666666667,629.4256,606.10004,583.0798866078048,563.3433086201339
2018-06-18 14:45:00,627.7493333333333,655.3548,632.4,607.8965473488103,588.1599693611394
2018-06-18 15:00:00,649.048,677.3516,655.60004,628.9930749936825,609.2564970060116
2018-06-18 15:15:00,666.2003333333334,695.3012,674.3,646.2365134043438,627.5142920298321
2018-06-18 15:30:00,681.5863333333333,709.1168,689.10004,659.5201803668397,640.797958992328
2018-06-18 15:45:00,689.6493333333333,718.7276,699.8,668.7630112460483,650.0407898715366
2018-06-18 16:00:00,689.069,724.0852,706.3,673.9091391474542,655.1869177729425
2018-06-18 16:15:00,685.1560000000001,725.1624,708.7,674.9276421200211,656.2054207455094
2018-06-18 16:30:00,680.6103333333333,721.9556,706.8,671.8124153466556,661.2053615899417
2018-06-18 16:45:00,672.2696666666667,714.4816,700.8,664.5821468997397,657.5788014102377
2018-06-18 17:00:00,657.6783333333333,702.7796,690.5,653.2803929803397,646.2770474908377
2018-06-18 17:15:00,644.4159999999999,686.912,676.2,637.975765287382,630.9724197978801
2018-06-18 17:30:00,629.552,666.9608,657.60004,618.7622618055726,611.7589163160707
2018-06-18 17:45:00,604.24,643.0312,635.3,595.7597958529454,589.847636886881
2018-06-18 18:00:00,574.6853333333333,615.2072,611.4,569.1150109333007,563.2028519672363
2018-06-18 18:15:00,543.034,583.638,581.5,534.2065542486748,533.0903585699639
2018-06-18 18:30:00,511.16066666666666,548.5324,548.0,500.83080073479863,499.7146050560877
2018-06-18 18:45:00,474.445,510.0824,511.30002,464.42891454054956,463.3127188618386
2018-06-18 19:00:00,435.079,468.5048,471.5,425.27506113234386,424.1588654536329
2018-06-18 19:15:00,390.33366666666666,424.0512,428.7,378.222066116229,382.5710479735288
2018-06-18 19:30:00,344.10766666666666,377.0204,383.4,333.0351421655595,337.8307850183427
2018-06-18 19:45:00,294.4053333333333,327.7712,336.1,285.9618842686802,292.5657947148472
2018-06-18 20:00:00,243.8763333333333,276.7376,286.9,239.6299137735393,234.51494833469653
2018-06-18 20:15:00,186.72833333333327,224.448,236.40001,188.1742834315434,187.8251394496098
2018-06-18 20:30:00,141.94633333333334,171.5716,185.2,138.32183020026395,140.7445635071487
2018-06-19 11:45:00,67.365,142.3096,128.3,96.1916173028499,76.60730122800173
2018-06-19 12:00:00,198.64266666666663,194.6624,179.5,160.6399974616772,126.40952871167721
2018-06-19 12:15:00,244.9113333333333,246.8108,230.40001,210.92113197114247,178.1698206689574
2018-06-19 12:30:00,288.048,298.0096,280.5,262.2796285858526,220.0442121734991
2018-06-19 12:45:00,314.8053333333333,347.692,329.4,308.1417872132442,265.90637080089067
2018-06-19 13:00:00,156.39333333333337,395.3872,376.4,352.6524377767807,325.4536047880417
2018-06-19 13:15:00,346.677,440.7028,421.5,397.1268517160213,368.1197511338985
2018-06-19 13:30:00,463.53066666666666,483.3132,463.9,439.0795764944295,415.6819953939656
2018-06-19 13:45:00,502.444,522.9468,503.7,476.8991079218167,458.126518238284
2018-06-19 14:00:00,537.9606666666666,559.3708,540.3,517.293117602762,493.0553503832185
2018-06-19 14:15:00,569.5493333333333,592.384,573.5,549.0760146744008,524.1285592682118
2018-06-19 14:30:00,597.5203333333334,621.8096,603.4,577.4924034035864,552.5449479973975
2018-06-19 14:45:00,623.064,647.4912,629.60004,602.3528443251523,583.5131779585752
2018-06-19 15:00:00,643.2436666666667,669.2816,649.7,623.49671837025,598.5492629640611
2018-06-19 15:15:00,660.3126666666667,687.0652,668.4,640.7906993061365,623.7899897724451
2018-06-19 15:30:00,674.8016666666666,700.7612,683.0,654.1277444744281,639.1871297741108
2018-06-19 15:45:00,681.7746666666666,710.2996,693.5,663.4264333694528,648.4858186691354
2018-06-19 16:00:00,687.1093333333334,715.6312,699.8,668.6305442992377,653.6899295989203
2018-06-19 16:15:00,689.7003333333334,716.7288,702.0,669.7087991149076,655.7825410277494
2018-06-19 16:30:00,686.1313333333334,713.5872,700.10004,666.654733570384,652.7284754832258
2018-06-19 16:45:00,678.672,706.224,693.9,659.4866715983181,645.5604135111599
2018-06-19 17:00:00,667.6610000000001,694.6784,683.7,648.2477991746739,634.3215410875157
2018-06-19 17:15:00,652.5300000000001,679.0116,669.2,633.006350180148,619.0800920929898
2018-06-19 17:30:00,636.1526666666666,659.3064,651.0,613.8559352811793,599.9296771940211
2018-06-19 17:45:00,613.5436666666667,635.6676,628.7,590.9160683339851,576.9898102468269
2018-06-19 18:00:00,587.575,608.082,599.7,564.3329773853584,550.4067192982002
2018-06-19 18:15:00,555.8520000000001,576.7032,570.10004,534.2808357060228,520.3545776188646
2018-06-19 18:30:00,520.7476666666666,541.8448,537.0,495.4984463423637,487.03736579121625
2018-06-19 18:45:00,483.1496666666666,503.6996,500.5,459.15277978647237,450.6916992353249
2018-06-19 19:00:00,440.0543333333333,462.4876,461.1,418.5143984470804,411.59116541485383
2018-06-19 19:15:00,397.308,418.4648,418.9,375.16805332309286,370.0530878842501
2018-06-19 19:30:00,352.12100000000004,371.9336,374.0,331.56429556552,326.44933012667724
2018-06-19 19:45:00,305.29133333333334,323.2556,327.0,286.33909131660636,280.2097692646044
2018-06-19 20:00:00,257.877,272.8684,278.6,235.27396821987713,233.91046762478436
2018-06-19 20:15:00,210.38,221.2972,228.7,188.6072376503208,177.23689634935644
2018-06-19 20:30:00,161.494,169.1996,178.3,134.83292847880062,131.88955289133725
2018-06-20 11:45:00,64.18833333333333,131.9512,115.5,93.42336571326769,81.62640333285844
2018-06-20 12:00:00,189.3163333333333,182.71,170.2,145.9817466993816,126.76939871506764
2018-06-20 12:15:00,234.628,233.5812,220.2,195.24785346114527,167.42856902205835
2018-06-20 12:30:00,276.9683333333333,270.4044,269.7,231.61275276942456,211.6708166341325
2018-06-20 12:45:00,300.502,296.4772,318.2,258.425206624641,264.4761156669994
2018-06-20 13:00:00,124.26633333333332,377.4848,365.1,343.225842543532,314.2607651433245
2018-06-20 13:15:00,303.82899999999995,423.8072,409.7,389.6944729149659,354.052151328357
2018-06-20 13:30:00,449.19666666666666,465.7444,452.0,430.13213043149887,392.66253547605453
2018-06-20 13:45:00,487.5003333333333,504.782,491.4,467.9801545902323,430.51055963478797
2018-06-20 14:00:00,521.082,540.6792,527.9,502.9425516582911,465.4729567028468
2018-06-20 14:15:00,551.5513333333333,573.2268,561.0,534.7635553528244,497.29396039738
2018-06-20 14:30:00,579.2213333333333,602.2428,590.7,563.2221310304859,540.7891194986561
2018-06-20 14:45:00,602.457,627.5676,616.9,592.8942430646869,565.6954100759478
2018-06-20 15:00:00,623.7506666666667,649.2192,639.60004,614.0872393408124,586.8884063520734
2018-06-20 15:15:00,642.0753333333334,667.0832,658.0,631.4332417641721,604.234408775433
2018-06-20 15:30:00,655.3823333333333,680.9112,672.60004,644.8248440420606,624.7733780539014
2018-06-20 15:45:00,665.6,690.6324,683.10004,654.1802668826685,638.7537923114405
2018-06-20 16:00:00,671.4733333333334,696.1968,689.5,659.4429313157332,644.0164567445051
2018-06-20 16:15:00,672.7873333333333,697.5768,691.8,660.581201047716,645.154726476488
2018-06-20 16:30:00,670.0106666666667,694.7668,690.10004,657.5882510392746,642.1617764680466
2018-06-20 16:45:00,664.1813333333333,687.7836,684.2,650.4820403041091,634.3458775462356
2018-06-20 17:00:00,653.8826666666666,676.6652,674.2,639.3053843553391,623.1692215974656
2018-06-20 17:15:00,640.0786666666667,661.472,659.9,624.1261394646182,607.9899767067446
2018-06-20 17:30:00,621.712,642.286,641.60004,605.0375294801545,598.9082074281525
2018-06-20 17:45:00,599.2346666666667,619.2116,619.5,582.1586693512858,576.0293472992838
2018-06-20 18:00:00,566.638,592.2228,593.60004,555.6353719317625,549.5060498797606
2018-06-20 18:15:00,530.1336666666667,561.4692,564.2,525.6413727420727,519.5120506900707
2018-06-20 18:30:00,505.6633333333333,527.274,531.4,492.38018251548016,486.2508604634782
2018-06-20 18:45:00,468.3066666666667,489.8328,495.2,451.3220784722983,449.9585778772055
2018-06-20 19:00:00,429.4486666666666,449.37,456.2,412.2717038783401,410.9082032832473
2018-06-20 19:15:00,385.039,406.1444,414.1,370.7798649917915,369.4163643966987
2018-06-20 19:30:00,340.026,360.4624,369.7,327.2175556594982,325.85405506440543
2018-06-20 19:45:00,293.8533333333333,312.688,323.2,278.2416165448399,278.60425501835067
2018-06-20 20:00:00,249.01433333333333,263.2628,274.9,230.21923403340278,224.38608984547554
2018-06-20 20:15:00,202.66,212.7324,225.5,174.30407645974992,178.44669177804826
2018-06-20 20:30:00,151.11366666666666,161.814,175.40001,125.4499598780423,127.76749432475862
2018-06-21 12:00:00,195.36033333333336,140.4012,173.90001,120.31618702990875,117.844417697023
2018-06-21 12:15:00,223.76433333333333,185.0084,224.0,166.7593912143453,171.2314199466451
2018-06-21 12:30:00,264.37466666666666,239.9608,273.7,211.75328092771008,223.06958131986096
2018-06-21 12:45:00,298.4576666666666,313.1632,322.0,278.23118728419456,266.04397642632637
2018-06-21 13:00:00,171.469,373.0436,368.7,338.5010464725957,308.74872904400684
2018-06-21 13:15:00,351.9053333333333,417.9592,413.6,383.3835828747919,351.45118503238467
2018-06-21 13:30:00,451.23766666666666,459.6764,455.80002,425.59847116021666,391.91511010674986
2018-06-21 13:45:00,481.3256666666667,498.516,495.5,463.47816913772334,444.83139150787105
2018-06-21 14:00:00,507.2043333333333,534.2396,532.0,502.26324798571284,479.830236453883
2018-06-21 14:15:00,546.2053333333333,566.6596,565.10004,534.1249464346138,511.6919349027839
2018-06-21 14:30:00,575.4573333333334,595.5648,594.9,562.6280027783736,542.367234841667
2018-06-21 14:45:00,593.4613333333333,620.792,621.10004,587.5821410255422,576.9214879112234
2018-06-21 15:00:00,606.8933333333333,642.2676,637.60004,608.825959648433,586.3929481166032
2018-06-21 15:15:00,629.277,659.8748,656.3,626.2253832132627,603.7923716814329
2018-06-21 15:30:00,646.115,671.5492,670.8,639.6726392294415,617.2396276976117
2018-06-21 15:45:00,659.1306666666666,678.2504,681.4,645.299353405698,633.7999427764255
2018-06-21 16:00:00,659.5740000000001,684.6524,687.9,650.6210554075167,643.7466361951754
2018-06-21 16:15:00,667.1303333333333,678.064,690.4,638.0025704559912,644.9450963196387
2018-06-21 16:30:00,665.3186666666666,676.7692,688.8,637.8705126339636,642.0131279522619
2018-06-21 16:45:00,658.545,672.4688,682.9,637.9117005813106,634.9683249938472
2018-06-21 17:00:00,642.4033333333334,663.1736,673.0,628.9765888509272,623.143444663
2018-06-21 17:15:00,630.1959999999999,652.4192,658.8,619.3956841111781,608.0253428102137
2018-06-21 17:30:00,607.4406666666667,633.2916,640.7,600.3675107045921,588.9971694036277
2018-06-21 17:45:00,587.653,610.0872,618.60004,577.5479829948523,572.2854307334998
2018-06-21 18:00:00,563.8253333333334,583.1864,588.5,551.0824996014198,540.421846487101
2018-06-21 18:15:00,531.4993333333333,552.7344,558.8,517.3581246166405,509.77401721765364
2018-06-21 18:30:00,489.656,518.8508,525.60004,484.15036550396314,476.5662581049763
2018-06-21 18:45:00,446.785,481.7352,489.1,447.9085665511606,441.0341473388193
2018-06-21 19:00:00,407.46566666666666,441.6152,449.80002,407.15416987104425,402.0307138697625
2018-06-21 19:15:00,368.12466666666666,398.756,407.80002,365.7050190369598,360.5815630356781
2018-06-21 19:30:00,319.1103333333333,353.4656,363.4,312.9141778096345,317.05679312793285
2018-06-21 19:45:00,278.508,306.1112,317.0,267.75565943445065,271.898274752749
2018-06-21 20:00:00,230.08633333333333,257.1416,268.9,218.70741860034536,221.02495304706167
2018-06-21 20:15:00,185.90966666666665,207.1288,219.6,164.65517691087845,167.24072996091965
2018-06-21 20:30:00,137.11866666666668,120.8512,170.1,101.12733013975937,106.14646656859237
2018-06-22 12:00:00,73.57666666666667,29.9,90.6,48.43738179327636,26.40289692999511
2018-06-22 12:15:00,109.99833333333332,115.84,124.5,101.00355310402003,63.014890384293466
2018-06-22 12:30:00,142.16066666666666,239.1972,169.7,211.01585776548342,103.5735207293506
2018-06-22 12:45:00,257.5073333333333,259.1684,226.8,251.08985808471562,165.27318480590702
2018-06-22 13:00:00,160.65333333333334,355.9636,357.80002,312.9057192312371,300.5457806097161
2018-06-22 13:15:00,263.992,403.248,401.9,363.21401217289576,346.6766914398254
2018-06-22 13:30:00,425.6213333333333,445.4508,443.7,403.7076518189022,390.7095137487957
2018-06-22 13:45:00,465.23333333333335,484.8612,482.9,435.79169816284696,416.96947831421414
2018-06-22 14:00:00,498.804,521.212,519.10004,484.0756601460091,468.92752782179036
2018-06-22 14:15:00,532.1716666666666,554.274,552.2,515.9805783386321,500.8324460144134
2018-06-22 14:30:00,560.019,583.8504,582.10004,544.5303404297475,526.491197821105
2018-06-22 14:45:00,585.3009999999999,609.7724,608.3,569.5342510274859,551.4951084188433
2018-06-22 15:00:00,606.3573333333334,631.6932,628.60004,585.3954569808698,572.7913721911168
2018-06-22 15:15:00,623.6213333333333,649.4956,647.0,611.0845890773311,590.2455359233394
2018-06-22 15:30:00,637.3616666666666,663.2892,661.60004,624.5885121473938,601.9221856245666
2018-06-22 15:45:00,647.6436666666667,673.0,672.10004,634.059691364569,611.3933648417418
2018-06-22 16:00:00,653.9503333333333,678.576,678.5,639.4408281257956,616.7745016029685
2018-06-22 16:15:00,657.247,679.9876,681.3,640.6995663460755,618.0332398232483
2018-06-22 16:30:00,655.572,677.226,679.8,637.8283576376732,619.1972817786034
2018-06-22 16:45:00,646.8773333333334,670.3044,674.3,630.8444311805612,623.2146880813485
2018-06-22 17:00:00,637.966,659.258,664.7,619.789863220003,612.1601201207903
2018-06-22 17:15:00,622.284,644.144,650.3,604.7317578584982,597.1020147592856
2018-06-22 17:30:00,606.8693333333334,625.0408,631.9,585.7625693064672,578.1328262072545
2018-06-22 17:45:00,586.8023333333333,602.0496,609.60004,563.0006189767925,555.3708758775798
2018-06-22 18:00:00,559.9886666666666,575.2248,578.9,536.59089290807,528.9611498088574
2018-06-22 18:15:00,531.191,544.726,549.9,498.47128418478445,499.07650944981054
2018-06-22 18:30:00,498.4166666666667,510.8052,517.5,470.74935556395377,465.91952301009024
2018-06-22 18:45:00,460.3706666666667,473.6696,481.9,434.5550779891277,429.7252454352642
2018-06-22 19:00:00,422.2723333333333,406.4716,443.30002,369.13088014568297,390.76548030818907
2018-06-22 19:15:00,377.787,285.7404,401.5,273.7207750998378,349.3554210387111
2018-06-22 19:30:00,337.481,170.3404,357.4,198.4872757899467,305.86424655792155
2018-06-22 19:45:00,295.177,58.382,279.2,97.71202584742844,246.35006639003097
2018-06-22 20:00:00,267.4603333333333,30.8156,176.90001,85.75548767370273,133.00728058141758
2018-06-22 20:15:00,202.52466666666663,19.2048,113.9,60.495559559176286,54.62138353378566
2018-06-22 20:30:00,68.06933333333333,15.7336,84.6,30.588484000860433,40.30988140076278
2018-06-23 12:00:00,153.07266666666666,127.2204,151.6,111.56467809584089,121.1750945081944
2018-06-23 12:15:00,211.3323333333333,172.3096,185.2,157.97928729225262,151.60366549659832
2018-06-23 12:30:00,257.42,224.7008,248.40001,202.74629358657012,217.6044288099588
2018-06-23 12:45:00,309.076,295.5328,296.0,256.23924744454274,263.4913321765984
2018-06-23 13:00:00,267.064,361.092,342.30002,319.85826951019646,308.0613071297872
2018-06-23 13:15:00,328.62166666666667,406.126,386.7,363.4605645783674,350.81518890936485
2018-06-23 13:30:00,420.7786666666667,447.7332,428.9,410.55429459967206,391.3419466153581
2018-06-23 13:45:00,458.344,486.5276,468.4,448.50668368045314,429.29433569613917
2018-06-23 14:00:00,491.3553333333333,522.254,505.0,483.5868436489174,464.37449566460344
2018-06-23 14:15:00,521.7343333333333,554.692,538.5,515.5374410253686,496.32509304105463
2018-06-23 14:30:00,549.6483333333333,583.6496,568.5,544.1360631757661,524.9237151914522
2018-06-23 14:45:00,574.0273333333333,608.962,595.10004,569.1915956144449,552.22886520673
2018-06-23 15:00:00,594.3806666666666,630.404,616.4,590.5418484474936,573.5791180397788
2018-06-23 15:15:00,612.1126666666667,647.8612,635.3,608.0519894484994,583.0326155547616
2018-06-23 15:30:00,624.8606666666667,661.3244,650.3,621.6135085629045,594.2561868237077
2018-06-23 15:45:00,636.2733333333333,670.7208,661.2,631.1435387044469,603.7862169652501
2018-06-23 16:00:00,643.7376666666667,675.9992,667.9,636.5844201045857,612.6317137676106
2018-06-23 16:15:00,646.715,677.1304,670.4,637.9034362050805,617.4899125310693
2018-06-23 16:30:00,643.2743333333333,674.1072,668.8,635.0926772313667,614.6791535573554
2018-06-23 16:45:00,638.8483333333334,666.944,662.8,628.169008620818,613.0208762965992
2018-06-23 17:00:00,632.7843333333333,655.6764,647.8,617.1741389990601,589.8168172598633
2018-06-23 17:15:00,628.431,640.3628,598.60004,602.1747991178643,567.1184226606499
2018-06-23 17:30:00,631.4193333333333,621.0828,581.2,583.2630616153383,543.720839592328
2018-06-23 17:45:00,517.0976666666667,597.9384,559.9,560.5568545788954,521.0146325558851
2018-06-23 18:00:00,507.7413333333333,570.9084,537.0,534.200753813215,511.5468641571481
2018-06-23 18:15:00,515.5046666666666,502.5204,510.30002,477.90275324168437,481.7132963019871
2018-06-23 18:30:00,333.378,343.8752,414.9,375.2117537627937,353.17726889951246
2018-06-23 18:45:00,228.44566666666665,202.5552,395.0,244.65181988153387,348.7833735314362
2018-06-23 19:00:00,164.4523333333333,107.1452,217.5,158.15122191297075,183.44013182508013
2018-06-23 19:15:00,104.763,36.7524,176.40001,49.77707293944667,142.06552508788417
2018-06-23 19:30:00,104.35766666666667,26.9776,125.5,51.97195168863999,66.98112222086655
2018-06-23 19:45:00,65.92666666666666,24.2632,103.1,83.72244012580177,53.49480951056739
2018-06-23 20:00:00,65.12166666666667,21.4468,78.1,32.715163043957176,24.810805133800926
2018-06-23 20:15:00,52.524,18.4112,55.5,61.19185575034501,-15.6329275748503
2018-06-23 20:30:00,40.364,15.2408,38.5,31.268920376786866,-7.842636630049071
2018-06-24 12:00:00,28.984,15.2724,100.1,47.191377587024334,56.91277498692668
2018-06-24 12:15:00,36.06666666666667,20.6152,124.1,53.271120203521434,61.752016199615184
2018-06-24 12:30:00,41.25333333333333,34.8944,139.7,65.99417966361071,86.04224484915758
2018-06-24 12:45:00,43.41666666666666,59.0136,161.1,114.57208348659731,98.39872838405824
2018-06-24 13:00:00,59.18966666666667,81.7068,175.7,156.30249568916514,92.82904598213389
2018-06-24 13:15:00,72.80533333333332,94.8556,197.90001,137.61549091040308,156.76391315161402
2018-06-24 13:30:00,88.47333333333333,125.4512,201.40001,150.69512656818716,164.3030214656481
2018-06-24 13:45:00,111.99933333333334,167.0816,201.1,197.43253573612344,141.16803988651407
2018-06-24 14:00:00,113.65766666666669,199.344,234.90001,223.81333123704258,174.03192864915195
2018-06-24 14:15:00,106.971,224.594,257.0,237.34672829007934,189.1319455752356
2018-06-24 14:30:00,115.65933333333332,252.7988,259.80002,265.9962919212916,181.81416301504157
2018-06-24 14:45:00,131.54000000000002,278.2212,268.6,291.10521866126703,201.87023330970453
2018-06-24 15:00:00,138.6326666666667,305.8828,273.7,330.97619501450697,219.9936815867726
2018-06-24 15:15:00,174.78633333333337,318.5668,283.4,369.8865763199316,232.4355570328222
2018-06-24 15:30:00,172.34733333333332,337.03,279.1,362.16342602779036,167.91965161372786
2018-06-24 15:45:00,190.56933333333333,361.6112,280.6,414.1399402860666,177.5090656522775
2018-06-24 16:00:00,222.89266666666663,390.978,293.80002,466.20946829591185,183.00991385255247
2018-06-24 16:15:00,257.1186666666666,402.4768,329.5,447.5571798848605,250.56029267782924
2018-06-24 16:30:00,292.9903333333333,377.824,346.2,415.6056978069753,273.23478716244404
2018-06-24 16:45:00,286.88533333333334,355.6112,310.30002,396.501667532875,235.4886823033828
2018-06-24 17:00:00,262.49133333333333,345.8012,285.7,400.46898835264926,205.14530366026645
2018-06-24 17:15:00,279.62333333333333,345.9028,288.4,382.863510040043,213.25697317480865
2018-06-24 17:30:00,302.62166666666667,349.4488,302.5,393.20838417341474,221.63669838239912
2018-06-24 17:45:00,330.7663333333333,333.524,315.80002,361.914651483753,292.4778533880499
2018-06-24 18:00:00,306.1573333333333,283.5412,317.5,315.05055284574473,274.0471806533619
2018-06-24 18:15:00,270.67333333333335,234.1808,292.1,287.9291500860634,244.2621884161415
2018-06-24 18:30:00,240.68966666666665,179.2796,251.90001,194.01310288870138,211.19851243459982
2018-06-24 18:45:00,193.67766666666665,118.4348,239.3,139.1237719756005,193.77468139942863
2018-06-24 19:00:00,184.332,42.6,245.2,50.72114950834862,202.13150412260643
2018-06-24 19:15:00,150.97333333333333,38.5596,170.1,77.67946449770352,111.15390602602383
2018-06-24 19:30:00,107.77466666666666,41.1184,157.7,95.095898499714,117.352734437214
2018-06-24 19:45:00,117.209,26.8152,147.5,76.54206339663926,83.26490275210801
2018-06-24 20:00:00,87.26166666666667,23.5156,56.2,50.15577492565504,8.041974876826913
2018-06-24 20:15:00,62.84666666666666,20.4792,12.7,61.95171704797863,-25.418217034052617
2018-06-24 20:30:00,44.28233333333333,17.2796,0.0,32.00684719229491,-56.194492529384775
2018-06-25 12:00:00,129.567,135.7728,153.1,117.82577936318057,123.49898378517764
2018-06-25 12:15:00,220.16333333333333,176.8632,198.2,155.05041387639207,167.24073579869432
2018-06-25 12:30:00,290.309,213.8644,252.7,203.45066154498346,216.5026196290899
2018-06-25 12:45:00,325.576,263.4428,301.30002,249.37727690159562,262.42923498570207
2018-06-25 13:00:00,166.0703333333333,312.3964,356.1,292.19542290120893,298.9085843697148
2018-06-25 13:15:00,338.0056666666667,361.6636,401.2,344.20049890803625,345.1333449773722
2018-06-25 13:30:00,462.52633333333335,425.2772,443.80002,380.66209617335227,394.54093280512717
2018-06-25 13:45:00,502.202,505.3236,483.9,470.0952410549496,432.5781082958554
2018-06-25 14:00:00,537.5643333333334,544.1012,520.9,505.2675322442157,464.85938920069765
2018-06-25 14:15:00,571.217,577.596,555.0,537.3165921092582,495.08117569690467
2018-06-25 14:30:00,600.5346666666667,607.5052,585.7,566.019103645505,523.7836872331515
2018-06-25 14:45:00,627.554,633.6652,612.8,591.1831182965607,548.9477018842072
2018-06-25 15:00:00,648.3729999999999,655.9384,637.10004,612.6456576591414,585.4468246704024
2018-06-25 15:15:00,667.992,674.2036,656.2,630.2711304691118,603.0722974803728
2018-06-25 15:30:00,680.5316666666666,688.3668,671.2,645.7585540374303,616.7514534553075
2018-06-25 15:45:00,689.7493333333333,698.3548,682.0,655.4077974650056,633.5480638834626
2018-06-25 16:00:00,697.987,704.1172,688.8,660.968746530921,643.7340043663091
2018-06-25 16:15:00,700.3383333333334,705.624,691.7,662.4079655160151,645.1732233514033
2018-06-25 16:30:00,698.3893333333333,702.8688,690.5,659.7168253696909,642.4820832050791
2018-06-25 16:45:00,692.2183333333334,695.8648,684.9,652.9114693205534,634.967038969296
2018-06-25 17:00:00,679.1903333333333,684.648,675.2,642.032877739949,624.0884473886916
2018-06-25 17:15:00,663.066,669.2764,660.8,625.3387755650004,609.2026128071269
2018-06-25 17:30:00,644.371,649.8288,642.5,606.537017073286,596.5086433550243
2018-06-25 17:45:00,621.6393333333333,626.406,620.2,583.9364862382257,573.908112519964
2018-06-25 18:00:00,593.4133333333334,599.0568,593.4,557.6809481997163,541.5447854418428
2018-06-25 18:15:00,563.321,567.9288,563.8,527.9419682039718,517.9135944857101
2018-06-25 18:30:00,528.168,533.2696,530.7,494.92070634586025,478.7845435879867
2018-06-25 18:45:00,489.888,495.2768,494.30002,458.85064121806585,442.7144784601923
2018-06-25 19:00:00,447.035,454.1804,455.0,415.2359215819601,403.86558028099574
2018-06-25 19:15:00,402.7603333333333,410.2472,412.6,373.92114914037734,362.550807839413
2018-06-25 19:30:00,356.8603333333333,363.7912,367.80002,330.50680196270616,319.8461488483873
2018-06-25 19:45:00,310.14933333333335,315.19,321.0,281.6433155929362,274.76889638059487
2018-06-25 20:00:00,250.7603333333333,264.9116,272.5,224.42239873199043,223.94002263335761
2018-06-25 20:15:00,193.65466666666669,190.118,222.7,145.95402389382198,170.1511602959521
2018-06-25 20:30:00,144.48866666666666,114.6544,172.7,94.77740768817365,108.98147491839826
2018-06-26 12:00:00,78.594,115.5272,140.8,109.98583251336396,102.70791655877412
2018-06-26 12:15:00,86.595,155.9552,176.0,156.40182243019146,136.5784772458653
2018-06-26 12:30:00,125.76866666666666,183.5128,257.7,162.14243567477982,216.06599867831986
2018-06-26 12:45:00,163.24200000000002,228.454,253.2,212.73290176790965,232.53996200960887
2018-06-26 13:00:00,179.46733333333336,265.5204,299.2,258.8326268419947,266.96669819209234
2018-06-26 13:15:00,152.95200000000003,309.158,341.2,301.6913649810716,320.05627510680404
2018-06-26 13:30:00,284.87333333333333,363.7816,400.5,372.29120209847434,351.5730204883669
2018-06-26 13:45:00,316.783,368.1884,443.2,357.57162389370535,405.96914968105887
2018-06-26 14:00:00,419.4556666666667,380.4852,447.9,386.6536906469598,411.1854823339715
2018-06-26 14:15:00,335.468,448.3712,398.5,425.8315626167254,339.62639293899105
2018-06-26 14:30:00,485.9266666666666,561.496,457.2,523.4021904923617,403.48784665843834
2018-06-26 14:45:00,574.323,644.21,588.3,599.9602826091577,549.5676415416528
2018-06-26 15:00:00,654.1386666666666,668.97,649.0,621.4809539675836,604.4802444338922
2018-06-26 15:15:00,669.8013333333333,687.224,667.7,639.165611213064,624.2249965127467
2018-06-26 15:30:00,684.3476666666667,701.3872,682.5,652.9046345396928,637.9640198393754
2018-06-26 15:45:00,694.4073333333333,711.3856,693.2,662.614064730069,647.6734500297516
2018-06-26 16:00:00,704.9106666666667,717.1676,699.7,668.2351602845218,653.2945455842045
2018-06-26 16:15:00,704.7643333333333,718.7028,702.3,669.7341279725362,655.807869885378
2018-06-26 16:30:00,699.5966666666667,715.9832,700.8,667.101982021806,653.1757239346477
2018-06-26 16:45:00,701.0053333333333,709.0232,695.10004,660.3545083623868,646.4282502752286
2018-06-26 17:00:00,690.3346666666667,697.8576,685.10004,649.5323279081202,635.606069820962
2018-06-26 17:15:00,667.8516666666667,682.5452,671.10004,634.7010695167819,620.7748114296237
2018-06-26 17:30:00,637.168,663.1648,653.10004,615.9516815371703,602.0254234500121
2018-06-26 17:45:00,613.7296666666666,639.8172,631.10004,593.4009336291086,579.4746755419504
2018-06-26 18:00:00,585.125,612.6268,601.9,567.1921918737233,553.2659337865651
2018-06-26 18:15:00,552.5233333333333,581.734,572.4,537.4965964311966,523.5703383440384
2018-06-26 18:30:00,514.022,547.2984,539.3,504.514842923765,490.5885848366068
2018-06-26 18:45:00,473.7623333333333,509.506,502.9,463.0147080550022,454.5536275038547
2018-06-26 19:00:00,434.341,468.5692,463.4,424.1959006698423,415.7348201186948
2018-06-26 19:15:00,382.31233333333336,424.738,421.4,381.3675937529641,374.44436072073756
2018-06-26 19:30:00,315.99466666666666,378.304,376.80002,336.16252127036944,330.0331992183675
2018-06-26 19:45:00,248.20166666666668,329.6192,330.2,291.0946596440287,284.96533759202674
2018-06-26 20:00:00,192.06766666666667,279.1116,281.6,240.12413521555186,238.7606346204591
2018-06-26 20:15:00,138.71533333333335,227.3096,232.0,193.46827794266375,182.0979366416994
2018-06-26 20:30:00,102.42066666666666,134.5012,181.5,103.23374287213798,136.64070145215507
2018-06-27 12:00:00,186.18766666666667,177.0472,170.5,134.4396665004904,114.49773036519835
2018-06-27 12:15:00,234.6266666666667,199.8336,221.2,161.81904668291733,167.86995572527573
2018-06-27 12:30:00,280.9173333333334,246.0828,271.5,208.45455192135475,219.77085231350563
2018-06-27 12:45:00,325.47633333333334,305.226,320.6,256.6655164389733,261.03700119544305
2018-06-27 13:00:00,178.572,384.9016,368.2,347.96724956747903,305.7318331551255
2018-06-27 13:15:00,266.47533333333337,431.748,413.6,390.8681591858977,363.6693261971587
2018-06-27 13:30:00,451.0206666666666,474.3676,456.5,431.56043852829066,404.36160553955165
2018-06-27 13:45:00,488.349,514.062,496.7,471.50228636786716,442.49518578574435
2018-06-27 14:00:00,524.7453333333334,550.5944,533.9,506.7769960136087,489.5422538489969
2018-06-27 14:15:00,558.5849999999999,583.7588,567.7,540.4713571714608,521.6987674879281
2018-06-27 14:30:00,588.7053333333333,613.3748,598.10004,569.2854733702087,550.512883686676
2018-06-27 14:45:00,614.7990000000001,639.2832,624.8,594.5644202991747,575.0821424289965
2018-06-27 15:00:00,638.624,661.4564,644.4,616.144436671356,597.3718469878232
2018-06-27 15:15:00,657.5020000000001,679.782,663.60004,633.8891753015117,614.4068974313335
2018-06-27 15:30:00,672.0826666666667,694.0544,678.7,647.6886481015589,628.2063702313807
2018-06-27 15:45:00,683.795,704.1992,689.7,657.4585337043738,637.9762558341956
2018-06-27 16:00:00,691.1216666666667,710.162,696.60004,663.1397326125302,653.6642954482236
2018-06-27 16:15:00,693.7373333333333,711.9104,699.5,664.6980962463887,655.222659082082
2018-06-27 16:30:00,691.454,709.4348,698.10004,662.124284832152,652.6488476678453
2018-06-27 16:45:00,685.272,702.7472,692.5,655.4337303135915,645.9582931492848
2018-06-27 17:00:00,674.6873333333333,691.8808,682.8,644.6666980404275,636.20561748928
2018-06-27 17:15:00,661.0133333333334,676.892,668.8,629.8884576159642,621.4273770648167
2018-06-27 17:30:00,642.572,657.858,651.0,611.1895914835122,602.7285109323648
2018-06-27 17:45:00,620.4563333333333,634.8772,629.10004,588.6864924828352,580.2254119316877
2018-06-27 18:00:00,594.325,608.0716,599.7,562.5221327254119,553.0466955611053
2018-06-27 18:15:00,563.1076666666667,577.5796,570.3,532.8672320166156,524.4061514654682
2018-06-27 18:30:00,527.4626666666667,543.56,537.10004,499.9220253553469,490.44658819104023
2018-06-27 18:45:00,490.61266666666666,506.198,500.9,462.3810973017378,454.44350765635204
2018-06-27 19:00:00,451.03566666666666,465.704,461.5,421.7806119890861,415.65128993708413
2018-06-27 19:15:00,408.29033333333336,422.3236,419.30002,380.51068906663613,374.3813670146342
2018-06-27 19:30:00,362.976,376.3468,374.4,337.127361485541,330.998039433539
2018-06-27 19:45:00,317.1036666666667,328.1228,327.4,292.06451156871907,275.92834881084553
2018-06-27 20:00:00,269.116,278.0772,278.9,241.088425515612,229.71808421464763
2018-06-27 20:15:00,220.95566666666667,226.7356,229.0,194.41301612323946,183.7523630089206
2018-06-27 20:30:00,170.83533333333335,174.758,178.40001,140.4891905483929,125.77345654341855
2018-06-28 12:00:00,112.999,106.626,124.4,109.26251082702487,89.4391656426987
2018-06-28 12:15:00,245.015,165.0388,194.2,155.70941594942957,165.31983236178309
2018-06-28 12:30:00,260.97633333333334,203.0384,261.0,202.37334318987826,217.67491885058382
2018-06-28 12:45:00,325.7813333333333,256.1632,299.2,248.39341919946594,261.4453772835724
2018-06-28 13:00:00,169.48333333333332,324.0532,346.4,298.92934644567407,306.18143117772973
2018-06-28 13:15:00,304.6443333333333,394.826,400.80002,345.23130328896036,347.9268637442826
2018-06-28 13:30:00,456.9256666666667,445.8784,443.2,409.08203407305405,393.9339017488353
2018-06-28 13:45:00,505.2176666666667,474.1436,456.5,420.1106141523692,425.3878501371714
2018-06-28 14:00:00,503.2203333333334,492.73,519.5,456.1331782805668,467.4494786727177
2018-06-28 14:15:00,530.5826666666667,533.056,543.10004,494.65395053133744,489.7916601489522
2018-06-28 14:30:00,584.974,486.6312,577.8,480.0574440526319,528.5355143117262
2018-06-28 14:45:00,449.826,488.9704,549.9,479.1159593459812,516.9346200820652
2018-06-28 15:00:00,627.351,625.5516,564.4,583.247373710799,531.7402653800724
2018-06-28 15:15:00,662.9566666666667,632.3612,647.9,584.2304875366757,588.6019722931454
2018-06-28 15:30:00,670.36,621.8396,663.0,595.8643709915499,602.4623877304415
2018-06-28 15:45:00,679.9973333333332,640.67,639.9,605.6948913599978,609.5054344203005
2018-06-28 16:00:00,593.563,583.238,681.0,574.274291580562,618.034078186397
2018-06-28 16:15:00,628.2113333333333,622.1964,596.2,607.2535067206375,553.1927157050125
2018-06-28 16:30:00,698.3206666666666,644.8004,622.9,610.5371567598436,584.9139382234666
2018-06-28 16:45:00,660.9329999999999,624.5292,646.7,605.481353666644,611.1545580886411
2018-06-28 17:00:00,635.0506666666666,641.6292,624.7,595.4157761052621,596.999787183143
2018-06-28 17:15:00,595.1096666666667,581.0728,653.9,572.6625110632424,600.0969845777993
2018-06-28 17:30:00,557.037,549.1104,592.8,548.6556831083946,563.622659274166
2018-06-28 17:45:00,575.4903333333333,526.5568,528.3,526.1980281514307,492.304191176333
2018-06-28 18:00:00,535.816,470.4272,551.8,448.72611355530296,518.4840881799367
2018-06-28 18:15:00,528.2753333333334,453.1328,513.5,444.4532778366198,485.4255907638659
2018-06-28 18:30:00,450.5156666666666,509.1336,430.30002,467.7524201914813,388.8427087113406
2018-06-28 18:45:00,458.696,475.8084,489.30002,439.19332537815944,441.51085982487575
2018-06-28 19:00:00,404.32166666666666,435.5652,450.5,393.00877373493273,402.74169378555376
2018-06-28 19:15:00,359.53933333333333,363.6924,408.7,332.70653714410196,354.34113730660806
2018-06-28 19:30:00,334.2606666666667,262.5564,364.6,252.17083812440006,310.9672081538495
2018-06-28 19:45:00,243.13466666666667,218.4852,318.5,197.59891424903964,265.9049926830301
2018-06-28 20:00:00,195.021,112.8272,270.80002,128.46778627405502,219.68444820413924
2018-06-28 20:15:00,206.2093333333333,22.7264,195.90001,65.60737810883029,158.6018334463547
2018-06-28 20:30:00,152.908,15.8164,101.5,35.51580976478799,75.87562345497354
2018-06-29 12:00:00,60.66033333333333,105.482,161.1,109.00185704443592,122.05381512854237
2018-06-29 12:15:00,68.46266666666666,110.4324,206.7,97.83129489072559,168.5252588952422
2018-06-29 12:30:00,90.902,89.2968,233.5,122.22827735457255,194.89285865340068
2018-06-29 12:45:00,93.248,93.3164,209.8,140.90206485046536,146.58848147644193
2018-06-29 13:00:00,97.91466666666666,147.9132,206.90001,189.60722652629926,136.244860803643
2018-06-29 13:15:00,146.10733333333334,275.0724,232.6,278.3659143419894,186.2134180040988
2018-06-29 13:30:00,396.991,444.5404,278.80002,401.65092755268915,224.81847895096644
2018-06-29 13:45:00,509.339,489.8296,350.1,450.10730216546915,299.3568444017973
2018-06-29 14:00:00,518.382,526.0272,416.6,485.49414573995546,354.7992604860492
2018-06-29 14:15:00,549.3946666666667,558.942,524.0,524.8524851783113,493.0864224418001
2018-06-29 14:30:00,577.6526666666667,588.3796,583.9,553.785279914315,524.0329624857261
2018-06-29 14:45:00,604.635,614.1724,610.7,581.3650232706325,549.4326254282253
2018-06-29 15:00:00,627.9566666666667,636.348,632.4,603.0670216099858,571.1346237675785
2018-06-29 15:15:00,647.8406666666667,654.7916,651.7,620.934260702399,589.0018628599918
2018-06-29 15:30:00,664.2426666666667,669.234,667.0,634.856022154422,602.9236243120148
2018-06-29 15:45:00,675.3266666666666,679.5968,678.2,646.4982300198029,627.8514523899506
2018-06-29 16:00:00,682.0543333333334,685.8232,685.3,652.2991498262498,633.6523721963976
2018-06-29 16:15:00,684.5846666666667,687.878,688.2,653.9748943319067,635.3281167020544
2018-06-29 16:30:00,683.935,685.748,686.9,651.515426235294,632.8686486054416
2018-06-29 16:45:00,677.2973333333333,679.4408,681.5,644.9354817523979,633.4360711231254
2018-06-29 17:00:00,665.8393333333333,668.9864,672.0,634.2746291044638,627.4002098921225
2018-06-29 17:15:00,650.9753333333334,654.4364,658.3,619.5974349941007,612.7230157817594
2018-06-29 17:30:00,634.9246666666667,635.864,640.60004,600.9937669798333,594.119347767492
2018-06-29 17:45:00,614.2193333333333,613.3636,619.0,578.5792820425326,571.7048628301912
2018-06-29 18:00:00,587.069,587.1332,593.60004,552.4961823046698,545.6217630923285
2018-06-29 18:15:00,552.9553333333333,557.3196,564.5,522.9143639876338,515.330256588647
2018-06-29 18:30:00,521.2226666666667,524.0116,532.0,490.033155703744,482.4490483047572
2018-06-29 18:45:00,487.44233333333335,487.4032,496.0,454.08395568512816,446.49984828614134
2018-06-29 19:00:00,448.239,447.7172,457.0,413.58330613303565,407.7501619451084
2018-06-29 19:15:00,408.5866666666667,405.2132,415.1,372.3430236709905,367.21956766970874
2018-06-29 19:30:00,366.56,360.1948,370.6,319.7083321049544,323.85094742325276
2018-06-29 19:45:00,322.2146666666667,313.0252,324.30002,274.6423791114722,278.78499442977056
2018-06-29 20:00:00,272.539,264.1512,276.0,225.60695223104224,227.92448667775855
2018-06-29 20:15:00,221.498,214.1492,226.8,171.46169553141573,174.04724858145693
2018-06-29 20:30:00,172.45,163.8116,177.0,125.15888700804916,116.74310729823318
2018-06-30 12:00:00,24.788,15.3308,92.5,45.027312609066485,26.010390611996172
2018-06-30 12:15:00,38.784666666666666,21.2152,117.700005,53.11429900312143,53.66909331464487
2018-06-30 12:30:00,60.602,35.7176,139.2,46.99996363622097,84.12618433934597
2018-06-30 12:45:00,50.867,57.8848,160.3,112.85621604024419,96.68286093770513
2018-06-30 13:00:00,60.149,86.7304,179.1,134.79023164287065,131.2820376731441
2018-06-30 13:15:00,85.86033333333333,111.6584,200.1,148.63781900594438,155.54632730672563
2018-06-30 13:30:00,112.72566666666668,143.3944,213.6,192.15094149958202,167.16850436579296
2018-06-30 13:45:00,134.594,174.6676,233.0,215.54624858305874,186.78279033110562
2018-06-30 14:00:00,138.25866666666667,207.3324,249.90001,250.99261213577637,196.40440107620606
2018-06-30 14:15:00,143.228,249.206,261.2,298.2293235656581,206.0608207580409
2018-06-30 14:30:00,142.5656666666667,296.8264,282.30002,354.2232448495844,231.72892111911563
2018-06-30 14:45:00,188.372,340.3892,317.1,363.16139996745585,260.5173722574949
2018-06-30 15:00:00,236.49166666666667,381.0064,343.0,423.5937811678209,282.28183048422716
2018-06-30 15:15:00,291.83733333333333,392.7392,363.80002,439.57185923594943,353.8606928541135
2018-06-30 15:30:00,282.9166666666667,393.5924,368.0,416.83875728708074,314.1947295771198
2018-06-30 15:45:00,311.582,395.6992,354.7,442.85238618297944,271.2807003919638
2018-06-30 16:00:00,263.5516666666667,393.6704,339.80002,468.7442388934696,272.0882025165165
2018-06-30 16:15:00,380.479,392.6692,338.6,440.38962680637053,273.82175571262053
2018-06-30 16:30:00,348.4903333333333,382.314,336.30002,418.841890946797,271.41812385695323
2018-06-30 16:45:00,340.458,376.8992,319.80002,412.3154696585983,224.27567473672332
2018-06-30 17:00:00,365.02333333333337,385.2976,302.0,430.90626189004547,228.45258757363922
2018-06-30 17:15:00,394.956,385.2836,301.2,441.4455054111546,262.5687506504124
2018-06-30 17:30:00,517.4673333333334,354.7604,318.5,397.71780361273545,259.8876644525792
2018-06-30 17:45:00,624.7933333333333,321.95,308.4,348.7671818764569,268.63186693505065
2018-06-30 18:00:00,543.4236666666667,319.1884,288.9,374.46636362407116,230.59211130473523
2018-06-30 18:15:00,350.8926666666667,340.4808,266.6,366.78104690610326,226.94237808286107
2018-06-30 18:30:00,248.65266666666668,306.4024,287.6,333.927190789593,237.88765526713206
2018-06-30 18:45:00,224.571,233.312,323.4,273.5733821072187,252.39218398710153
2018-06-30 19:00:00,182.4786666666667,164.7436,274.2,212.23331010828713,218.44212663660744
2018-06-30 19:15:00,137.76033333333334,77.1168,242.90001,102.07780196489955,172.4271519404855
2018-06-30 19:30:00,139.94333333333333,30.6584,177.90001,56.006871913052976,122.8749444228186
2018-06-30 19:45:00,110.85066666666668,26.4676,128.3,83.02278385952872,79.05243168667715
2018-06-30 20:00:00,108.56066666666668,23.8588,99.1,56.52825349401533,42.514291702023144
2018-06-30 20:15:00,105.24066666666666,21.1444,78.0,65.81465931464552,19.63585682441115
2018-06-30 20:30:00,82.22333333333333,17.7888,57.0,37.59172933415621,-0.26854593439847463
2018-07-01 12:00:00,90.185,38.934,111.0,44.90395737547121,85.26377106565675
2018-07-01 12:15:00,122.69533333333332,67.6472,144.90001,91.44270394781375,101.1641013477161
2018-07-01 12:30:00,168.18633333333335,111.9132,173.90001,138.2225726962142,112.84167517424154
2018-07-01 12:45:00,204.27733333333333,183.5336,210.2,186.7781620687922,146.51586348480782
2018-07-01 13:00:00,221.478,215.8104,246.7,229.2591808969225,196.34534727875842
2018-07-01 13:15:00,260.54633333333334,245.6452,272.30002,272.3634772368027,218.22416449266206
2018-07-01 13:30:00,289.2643333333333,277.0084,296.5,313.2713922577338,250.2961267548041
2018-07-01 13:45:00,325.549,311.0932,322.80002,335.47018082788844,263.4291499440994
2018-07-01 14:00:00,338.65166666666664,336.0576,352.0,370.9782596341494,298.93722875036036
2018-07-01 14:15:00,353.86566666666664,354.9208,362.1,401.39817883127506,320.84397961252506
2018-07-01 14:30:00,324.541,366.396,372.80002,408.96963260485893,331.8899359495855
2018-07-01 14:45:00,336.2456666666667,380.23,357.2,417.3828426111711,309.5035243738664
2018-07-01 15:00:00,361.2386666666667,407.0292,364.6,468.63252520566346,305.50654864316346
2018-07-01 15:15:00,409.8986666666667,428.834,384.2,486.6247821016534,323.4988055391534
2018-07-01 15:30:00,433.156,439.7316,407.2,500.6700826620628,363.36885890717997
2018-07-01 15:45:00,513.8856666666667,469.3944,377.6,499.58069292119944,324.87991777471507
2018-07-01 16:00:00,502.433,478.0644,430.6,525.7788524522437,394.18861197372803
2018-07-01 16:15:00,483.4626666666666,472.842,410.1,505.3764397270563,355.2667595512751
2018-07-01 16:30:00,496.1763333333333,464.7544,388.4,495.9796505512372,330.2411709369794
2018-07-01 16:45:00,497.842,455.366,366.6,497.26009254494215,328.8796146396687
2018-07-01 17:00:00,437.79,449.442,377.9,478.9447543808491,339.1060855576069
2018-07-01 17:15:00,449.92,448.8576,394.2,493.60249890662146,347.1245020804496
2018-07-01 17:30:00,486.153,443.864,378.30002,477.0617478846874,328.60775313371084
2018-07-01 17:45:00,476.911,423.5072,389.7,454.7265127769276,354.1843985191151
2018-07-01 18:00:00,466.2613333333333,411.4304,363.1,444.8745608072022,328.1721377114991
2018-07-01 18:15:00,429.2143333333333,388.1032,357.7,415.3543745717804,316.6638685903351
2018-07-01 18:30:00,393.201,347.5252,339.5,382.5247103727187,274.5329958951796
2018-07-01 18:45:00,391.251,309.6376,311.30002,351.97149799265105,258.41461322702605
2018-07-01 19:00:00,359.50033333333334,247.7616,285.4,289.75808142085975,214.90929602046913
2018-07-01 19:15:00,310.035,143.2408,254.6,192.91306710950022,202.24247384778147
2018-07-01 19:30:00,280.186,71.63,213.7,129.35006612349576,163.4987325053317
2018-07-01 19:45:00,256.0603333333333,31.4432,166.90001,56.51883937091185,105.5947060701306
2018-07-01 20:00:00,245.813,23.67,134.6,57.74476594659555,77.79283113214242
2018-07-01 20:15:00,167.78966666666665,20.52,104.9,66.99141751718372,47.267449011324345
2018-07-01 20:30:00,118.416,17.368,69.1,38.706670466064736,6.858190241455361
2018-07-02 12:00:00,91.20066666666666,13.118,68.8,44.85029306734245,6.990017798787761
2018-07-02 12:15:00,117.668,19.7856,91.200005,51.10242903886652,37.29249251542902
2018-07-02 12:30:00,134.483,39.854,115.700005,59.59091519238092,45.27537869335748
2018-07-02 12:45:00,157.0186666666667,72.028,140.90001,112.66335754778504,85.29736023333191
2018-07-02 13:00:00,173.77466666666666,107.9,172.7,155.65159157374,130.71638039209938
2018-07-02 13:15:00,187.3493333333333,140.4448,195.90001,169.5188864355842,155.86797701175607
2018-07-02 13:30:00,194.194,175.2484,211.90001,219.12940313650813,167.60978033377376
2018-07-02 13:45:00,218.53,207.0772,235.6,265.4866270868305,187.34711597843204
2018-07-02 14:00:00,206.773,233.4764,256.5,263.9223942233973,197.0942692233973
2018-07-02 14:15:00,205.723,263.0732,273.5,296.38278348571623,232.77768094665373
2018-07-02 14:30:00,272.71433333333334,310.4304,293.4,354.7061524026277,236.0004639260652
2018-07-02 14:45:00,350.13,381.3892,305.0,437.1759697583685,275.12656179938415
2018-07-02 15:00:00,440.6096666666666,404.1904,331.7,459.06783278624175,280.1559065167105
2018-07-02 15:15:00,435.3203333333333,393.9148,341.1,440.8984145443661,282.41341393401456
2018-07-02 15:30:00,446.232,353.09,335.9,407.8136777268668,262.7791776047965
2018-07-02 15:45:00,403.6063333333333,358.07,317.1,384.24373669586123,241.97023816070498
2018-07-02 16:00:00,379.301,368.3928,292.80002,408.96116783786056,187.23379662204024
2018-07-02 16:15:00,327.3546666666667,347.0612,273.4,364.8592673484883,197.07661353989454
2018-07-02 16:30:00,260.7153333333333,320.5588,249.5,328.883758266775,160.5694577296656
2018-07-02 16:45:00,225.37,279.4572,222.1,287.8397084402842,131.42387592075295
2018-07-02 17:00:00,187.632,261.3868,194.7,289.67474159073754,103.06692298722191
2018-07-02 17:15:00,134.28566666666669,266.0344,172.2,296.33675615240486,61.14644853521736
2018-07-02 17:30:00,107.28833333333334,262.0652,189.7,298.1684132679418,87.89497576794179
2018-07-02 17:45:00,136.07866666666666,257.5496,206.1,290.3126706789809,114.53416726101216
2018-07-02 18:00:00,132.55033333333333,238.1084,239.5,264.3317728307617,175.09678747919918
2018-07-02 18:15:00,145.87866666666665,212.284,227.3,234.83797662593088,150.65584771968088
2018-07-02 18:30:00,164.00500000000002,189.096,219.0,202.02930040984955,167.38669176727143
2018-07-02 18:45:00,154.26066666666665,141.6128,212.0,166.13563215245966,157.4962888907409
2018-07-02 19:00:00,152.53833333333333,96.4728,196.3,127.42265527913997,159.49582117269466
2018-07-02 19:15:00,149.525,69.7612,171.8,86.1979462527853,124.5807587527853
2018-07-02 19:30:00,107.962,32.9932,155.7,58.5824057026943,107.91794647417868
2018-07-02 19:45:00,83.998,26.388,134.0,32.71205104266477,80.34718287860227
2018-07-02 20:00:00,74.96866666666666,23.5724,117.0,61.40490931100902,70.23353785104808
2018-07-02 20:15:00,55.72366666666667,20.6284,83.200005,68.22342813110279,42.184136749266855
2018-07-02 20:30:00,57.32066666666667,17.5448,41.7,39.87158552684909,-14.267727217291537
2018-07-03 12:00:00,13.753000000000002,15.0804,88.200005,44.86699727867426,22.832512415393012
2018-07-03 12:15:00,15.344666666666669,18.1296,106.6,44.11997317868861,54.71831607419642
2018-07-03 12:30:00,19.278666666666663,23.8496,126.3,66.57592787572901,73.95393385717432
2018-07-03 12:45:00,24.94333333333333,35.6312,142.6,110.26543357881593,76.65238121065187
2018-07-03 13:00:00,26.56533333333333,41.144,150.0,66.3095793941664,112.94159843713516
2018-07-03 13:15:00,34.574333333333335,49.8584,149.6,116.18362542211418,108.25566216527824
2018-07-03 14:00:00,59.699,142.5712,172.1,161.6954114738657,86.73792246019383
2018-07-03 14:15:00,66.65633333333334,171.9568,191.90001,189.28289071259417,141.11211434540667
2018-07-03 14:30:00,90.32933333333334,191.38,212.6,199.64225346020385,133.47208744457885
2018-07-03 14:45:00,96.324,211.008,220.8,225.29789826316335,117.8205423061321
2018-07-03 15:00:00,112.773,238.098,222.0,247.25452123249488,112.28268895710426
2018-07-03 15:15:00,147.71,255.0832,249.0,265.3735793158014,157.89622335877016
2018-07-03 15:30:00,111.78366666666668,239.1912,257.1,234.69842318572069,180.06142977751756
2018-07-03 15:45:00,80.27466666666666,234.09,226.2,225.54456812005867,133.26032739740242
2018-07-03 16:00:00,66.55766666666666,255.3608,187.90001,250.86755887918594,39.09952299051406
2018-07-03 16:15:00,66.461,243.2772,207.8,233.4828773376763,95.97353895877006
2018-07-03 16:30:00,78.766,239.3856,190.6,231.2403856229854,44.1211229276729
2018-07-03 16:45:00,88.96533333333333,246.9084,189.7,244.15349340372848,46.5024008744316
2018-07-03 17:00:00,105.87833333333332,220.8096,185.90001,214.39921004128598,76.88987166237973
2018-07-03 17:15:00,112.981,213.1708,168.2,224.309329720807,62.392673226666375
2018-07-03 17:30:00,125.02566666666668,196.7688,195.8,192.321831282248,86.43843894826364
2018-07-03 17:45:00,152.51833333333337,184.92,155.40001,178.48455158401566,66.91323200393754
2018-07-03 18:00:00,104.48666666666666,150.0976,178.40001,144.10364817028335,97.89524362926772
2018-07-03 18:15:00,63.714666666666666,93.4784,141.1,102.23213268485927,52.474015009078016
2018-07-03 18:30:00,39.088,53.6436,123.4,69.44119921718993,27.638037596096183
2018-07-03 18:45:00,35.996,36.7176,110.200005,35.101756849169135,33.063182630419135
2018-07-03 19:00:00,29.27133333333333,34.1172,91.700005,42.7898365297342,17.408671978952952
2018-07-03 19:15:00,20.749333333333333,31.8684,76.9,41.59124089841953,3.417016044903903
2018-07-03 19:30:00,26.74366666666667,29.4048,70.1,44.21076202548534,12.894630433688462
2018-07-03 19:45:00,17.416666666666668,26.9652,45.0,57.275140684726125,-9.552984315273875
2018-07-03 20:00:00,16.186666666666667,24.266,31.800001,62.740495853280805,-11.38538915648482
2018-07-03 20:15:00,14.735333333333331,21.5232,27.300001,69.50953926499469,-11.044659953755314
2018-07-03 20:30:00,9.200666666666669,18.6552,37.4,41.085434995881,-17.757689393767436
2018-07-04 12:00:00,20.75933333333333,15.2856,73.9,44.95473529883898,7.094460030284296
2018-07-04 12:15:00,33.20133333333333,18.436,98.700005,44.26258271465883,52.52839082012758
2018-07-04 12:30:00,38.594,24.7104,121.700005,66.77733461821242,75.60596315825148
2018-07-04 12:45:00,48.485,41.0884,138.1,90.49706124323063,85.73732613580876
2018-07-04 13:00:00,52.75666666666667,61.7668,157.90001,109.02372430815973,113.26864313140192
2018-07-04 13:15:00,53.65533333333334,88.6064,170.40001,118.67224770221316,127.33280068072878
2018-07-04 13:30:00,64.146,116.524,183.40001,132.5627902304047,123.92344696868594
2018-07-04 13:45:00,86.97633333333333,140.0596,200.90001,171.11727297974153,139.80114138794465
2018-07-04 14:00:00,98.02466666666666,162.958,205.8,187.14029805830484,122.64069478682046
2018-07-04 14:15:00,106.19133333333332,187.596,214.2,188.20905065478894,150.18210363330456
2018-07-04 14:30:00,83.78299999999999,205.1596,229.7,224.14022420193885,176.1557881667826
2018-07-04 14:45:00,70.53733333333334,220.7892,226.40001,211.59844779668765,118.61666679082828
2018-07-04 15:00:00,69.20066666666666,244.5396,228.2,279.61568016805256,148.63447899617756
2018-07-04 15:15:00,82.79466666666667,266.7564,236.0,285.12816390803584,141.9449974041296
2018-07-04 15:30:00,77.96166666666666,280.4064,236.7,299.35951070772023,182.44203023897023
2018-07-04 15:45:00,85.56066666666668,292.5016,232.7,309.55254296512214,134.30742577762214
2018-07-04 16:00:00,88.69133333333333,302.0356,238.5,309.30877704258637,140.40063495274262
2018-07-04 16:15:00,118.918,314.6312,237.8,323.688823693481,142.3574943477779
2018-07-04 16:30:00,110.62166666666668,317.2204,245.0,345.2007649259491,137.42564895915223
2018-07-04 16:45:00,122.80666666666666,301.3164,251.2,312.5492543910683,182.35909936177143
2018-07-04 17:00:00,321.75433333333336,279.1008,242.90001,313.7143338572615,153.22342809554277
2018-07-04 17:15:00,327.1986666666666,260.8396,223.2,250.88005495192942,171.84761476638255
2018-07-04 17:30:00,211.05733333333333,232.098,216.6,246.9725148922031,122.6186330562656
2018-07-04 17:45:00,196.58666666666667,205.4824,193.7,222.67936331565545,100.38358694846795
2018-07-04 18:00:00,204.924,160.4444,202.6,153.96639092774046,91.33354791016234
2018-07-04 18:15:00,220.72833333333327,117.134,184.90001,105.22919873425388,103.19062451550388
2018-07-04 18:30:00,145.79733333333334,83.988,165.40001,72.45272385818208,89.82134568435396
2018-07-04 18:45:00,96.39466666666668,50.188,151.1,47.43729636874724,76.33628318515349
2018-07-04 19:00:00,83.18066666666667,35.592,139.7,44.268093723245954,79.8641020240272
2018-07-04 19:15:00,87.038,32.7464,124.9,43.06302575672646,80.43158654774209
2018-07-04 19:30:00,61.882666666666665,30.076,104.5,45.66735726782207,62.85276681372051
2018-07-04 19:45:00,58.49333333333333,27.8392,85.5,58.70633028845225,38.900361050171
2018-07-04 20:00:00,58.94533333333334,25.3972,68.1,64.13376146764193,19.235232414907557
2018-07-04 20:15:00,73.31333333333333,21.8176,45.9,-14.32949659847489,-19.006834244959265
2018-07-04 20:30:00,54.940333333333335,18.6392,25.0,42.347155479613264,-20.628110023316424
2018-07-05 12:00:00,76.50266666666667,15.754,76.4,45.11416024654625,13.265680021936873
2018-07-05 12:15:00,91.38533333333334,20.6872,104.6,53.44518801532226,59.556973903994134
2018-07-05 12:30:00,91.12533333333334,35.7616,135.90001,57.21185425428013,94.68966797498325
2018-07-05 12:45:00,85.437,66.0968,162.1,109.18555137210188,97.56981345706282
2018-07-05 13:00:00,87.03166666666667,96.8424,191.0,119.91664572351647,162.0282485067196
2018-07-05 13:15:00,97.84266666666666,126.15,215.6,167.15354396889654,175.0581002433106
2018-07-05 13:30:00,133.00366666666667,156.3848,236.1,191.30695483134934,198.2154631321306
2018-07-05 13:45:00,174.19099999999997,189.828,256.4,229.93112491520907,210.12515567692782
2018-07-05 14:00:00,280.3366666666667,223.8336,278.80002,265.7063139284888,239.59069808376222
2018-07-05 14:15:00,305.26800000000003,253.5608,298.2,301.03338859075336,257.3664269208315
2018-07-05 14:30:00,355.95533333333333,277.7404,313.4,330.3577704177442,260.8660559402051
2018-07-05 14:45:00,357.5913333333333,302.6676,320.80002,356.14721613316544,263.97871332554826
2018-07-05 15:00:00,351.158,317.0332,332.2,344.59201248629734,282.7400227402036
2018-07-05 15:15:00,344.88433333333336,325.082,340.5,407.22086404625304,289.3873069173468
2018-07-05 15:30:00,345.567,327.2976,332.80002,349.9227113788903,260.99805927928094
2018-07-05 15:45:00,398.6793333333333,326.4708,285.9,360.17509371981885,184.3965903018501
2018-07-05 16:00:00,339.1763333333334,333.19,260.0,366.3248401097171,174.63056520737337
2018-07-05 16:15:00,290.16200000000003,314.6232,261.0,324.94945595812317,192.13704751085754
2018-07-05 16:30:00,275.844,296.872,238.90001,301.01621475200943,141.47690811138443
2018-07-05 16:45:00,264.61,286.064,208.90001,286.67083882463874,117.35312031877936
2018-07-05 17:00:00,191.084,260.1212,205.7,252.579009618903,110.71664389624675
2018-07-05 17:15:00,229.41266666666667,219.5656,201.1,213.53931323257734,110.39658251968672
2018-07-05 17:30:00,193.88966666666664,182.9732,193.7,180.81131165708518,92.02661317075706
2018-07-05 17:45:00,146.60066666666663,170.5424,157.6,162.10397746943488,75.242435721388
2018-07-05 18:00:00,164.14833333333334,162.6604,139.90001,155.48735534802563,43.916035767947506
2018-07-05 18:15:00,145.155,125.4216,148.0,130.96374510728356,71.41744994126793
2018-07-05 18:30:00,143.96300000000002,92.0412,153.90001,76.46201895627456,71.96345328244644
2018-07-05 18:45:00,161.124,60.9096,149.40001,57.41979280898636,81.33046785781448
2018-07-05 19:00:00,135.89833333333334,41.5108,148.7,34.902102313860155,97.21347316346953
2018-07-05 19:15:00,95.83,33.284,152.40001,44.60404565706443,107.79735925569724
2018-07-05 19:30:00,82.92233333333334,30.5396,121.8,47.18909838454152,79.26226427809621
2018-07-05 19:45:00,66.33433333333333,28.038,103.200005,60.19839148354055,67.1068997843218
2018-07-05 20:00:00,58.69233333333333,25.282,99.3,65.5834303769197,49.185984698208756
2018-07-05 20:15:00,41.596,22.26,76.5,51.96056497096882,25.949746489523505
2018-07-05 20:30:00,38.17333333333333,19.1132,49.4,43.655659464022136,-10.483653280118489
2018-07-06 12:00:00,32.20133333333333,15.746,97.200005,45.34591308973418,55.067310489636526
2018-07-06 12:15:00,41.43366666666667,20.2484,111.5,51.82949389282871,54.298594844977146
2018-07-06 12:30:00,53.908,34.8368,135.40001,65.0451034256325,80.38935696567157
2018-07-06 12:45:00,56.30233333333333,64.7424,160.1,111.93901945058371,102.04938627187278
2018-07-06 13:00:00,63.111666666666665,86.7788,186.7,136.48645928622693,131.72672417880506
2018-07-06 13:15:00,110.541,104.2212,195.40001,153.38102588605665,157.62594470929884
2018-07-06 13:30:00,142.29533333333333,122.282,209.3,173.57820604868522,165.84299181528678
2018-07-06 13:45:00,171.23966666666666,143.2176,210.0,172.46581437272516,163.8264711110064
2018-07-06 14:00:00,183.20466666666667,167.7428,215.0,181.12123344245117,162.07017753424805
2018-07-06 14:15:00,205.229,190.5568,225.6,226.60295329793905,170.82887492879843
2018-07-06 14:30:00,210.08633333333333,209.8748,236.40001,217.82040299425978,150.9500721837129
2018-07-06 14:45:00,218.30366666666663,228.5476,239.8,246.8259712160766,161.82652053248285
2018-07-06 15:00:00,225.9233333333333,247.564,224.3,281.650379433602,134.71837259766448
2018-07-06 15:15:00,172.36633333333333,251.2568,221.40001,266.4035404800459,141.11984907379588
2018-07-06 15:30:00,146.168,254.9364,206.8,264.24748817010277,112.3012296251809
2018-07-06 15:45:00,148.959,275.0408,196.0,291.0695036168262,50.63200361682618
2018-07-06 16:00:00,189.542,277.2268,186.8,270.6802108020495,42.72049400517449
2018-07-06 16:15:00,117.172,272.5856,193.7,282.8266354933096,44.78302587416897
2018-07-06 16:30:00,78.364,260.618,183.90001,254.45838276341533,42.690346874743454
2018-07-06 16:45:00,82.11866666666667,258.7364,159.0,274.49855567760903,51.93071510143716
2018-07-06 17:00:00,84.55833333333334,249.272,165.6,264.1577677217317,26.11415810259109
2018-07-06 17:15:00,80.90066666666667,230.456,181.40001,223.49834939759774,77.00222513001961
2018-07-06 17:30:00,81.98933333333333,222.0464,157.2,231.43462655725114,48.36263559045426
2018-07-06 17:45:00,106.97933333333334,199.9572,176.7,209.25321012323104,68.66565519159042
2018-07-06 18:00:00,166.83933333333334,184.9292,156.8,199.8802711244963,68.24477307762129
2018-07-06 18:15:00,126.37466666666666,170.5592,172.90001,212.73997417934618,65.04215923793993
2018-07-06 18:30:00,74.869,144.012,178.0,163.53030226706272,98.45577834128147
2018-07-06 18:45:00,52.02333333333333,104.6316,189.8,122.72298769632789,137.55224184671852
2018-07-06 19:00:00,58.063,57.1084,184.40001,65.17808894308672,124.83989314230547
2018-07-06 19:15:00,54.473333333333336,34.1784,159.6,56.110344454701874,109.40622763341281
2018-07-06 19:30:00,57.513000000000005,30.8904,138.8,48.774608904774254,108.48545485203988
2018-07-06 19:45:00,51.32933333333334,28.4272,122.1,61.74997411556387,89.96245275325919
2018-07-06 20:00:00,51.97266666666667,25.7232,104.5,67.08819934101001,50.69075366229907
2018-07-06 20:15:00,39.127,22.7484,90.6,53.40181107219345,39.91282791789658
2018-07-06 20:30:00,27.44766666666667,19.6604,67.4,45.00983517460543,7.14955990605074
2018-07-07 12:00:00,21.69066666666667,18.8756,89.6,45.65062254483513,23.61613768155388
2018-07-07 12:15:00,30.571,41.6796,115.1,76.37605760733419,54.67609117667013
2018-07-07 12:30:00,48.72966666666666,68.0804,138.3,99.3540169355459,87.77934042187402
2018-07-07 12:45:00,57.019,74.0748,171.7,114.41532146446053,121.79332744590585
2018-07-07 13:00:00,72.491,99.584,170.5,128.44437729514334,132.80538498557303
2018-07-07 13:15:00,96.09333333333332,123.268,197.90001,181.05414714389946,158.29972209507133
2018-07-07 13:30:00,122.17666666666668,136.0288,213.3,180.4668072797357,170.38787356391538
2018-07-07 13:45:00,123.141,141.0292,227.6,173.28778414140834,164.6484408796896
2018-07-07 14:00:00,167.28933333333333,166.5156,217.3,189.52489019204916,158.76683355142416
2018-07-07 14:15:00,164.84099999999998,176.2,233.5,192.54156638839925,157.831300275118
2018-07-07 14:30:00,116.82033333333334,209.9844,215.40001,232.7130334111249,137.00642940721866
2018-07-07 14:45:00,120.06533333333331,213.628,237.5,229.10269911501246,121.6253431579812
2018-07-07 15:00:00,140.358,225.5276,222.0,223.57362622220944,126.96931714017819
2018-07-07 15:15:00,145.309,250.8032,216.8,267.64009434634306,110.54170567446806
2018-07-07 15:30:00,121.951,274.9772,229.90001,284.1142368445089,127.69840432497767
2018-07-07 15:45:00,88.89833333333333,281.1228,226.2,294.48357472805435,143.49044118313248
2018-07-07 16:00:00,104.776,283.4724,209.6,298.68565085039825,99.102826143367
2018-07-07 16:15:00,123.912,320.8204,185.40001,356.7149305499081,46.244776741314354
2018-07-07 16:30:00,143.35666666666663,343.3328,232.0,369.1128253533103,149.81854434745094
2018-07-07 16:45:00,118.938,368.5092,268.9,408.86902775129045,179.18670048078263
2018-07-07 17:00:00,154.656,319.43,249.90001,352.6175259431808,173.60730255450892
2018-07-07 17:15:00,140.3826666666667,243.538,206.0,268.7265038506399,113.54999017876492
2018-07-07 17:30:00,97.289,249.6492,154.5,291.87512338532827,9.159058932203266
2018-07-07 17:45:00,126.97733333333332,230.8832,199.0,248.32522784339346,105.14206133948721
2018-07-07 18:00:00,161.29733333333334,197.8936,206.1,198.687128914533,96.15175904148612
2018-07-07 18:15:00,136.77066666666667,148.0096,178.90001,156.48567010105558,66.7437572592587
2018-07-07 18:30:00,129.15,88.4524,157.90001,77.33636372617951,75.29778950742951
2018-07-07 18:45:00,123.66566666666668,49.7212,165.6,41.46558981966558,89.71620017122808
2018-07-07 19:00:00,156.89533333333333,51.072,126.4,79.21969397383327,50.9905985148489
2018-07-07 19:15:00,131.24266666666665,33.1696,112.1,41.27614900688809,59.25350496391934
2018-07-07 19:30:00,105.342,29.9856,87.9,50.42248027725714,41.78313701553839
2018-07-07 19:45:00,68.96333333333334,27.4868,97.200005,63.35969856736352,38.645358357402586
2018-07-07 20:00:00,76.78466666666667,24.99,55.600002,68.64673805761899,23.748209004884615
2018-07-07 20:15:00,42.242,22.3264,74.6,54.89229547784112,25.544990179989554
2018-07-07 20:30:00,49.17100000000001,18.9892,28.300001,46.40854654910612,-16.566718953823568
2018-07-08 12:00:00,19.894,18.3904,107.5,46.02890484977581,70.56069653678753
2018-07-08 12:15:00,32.47933333333334,30.8228,130.1,74.8569991028696,70.95882100228366
2018-07-08 12:30:00,52.14533333333334,44.0264,150.3,66.36746322223519,96.19355880328987
2018-07-08 12:45:00,65.17666666666666,61.3484,166.5,117.59065399719691,107.7032486016891
2018-07-08 13:00:00,53.03333333333333,83.3384,174.5,132.2674732569239,133.4961109522364
2018-07-08 13:15:00,60.63533333333333,94.3156,192.8,121.17984491444469,159.06775384999156
2018-07-08 13:30:00,66.368,95.454,199.6,108.17149713280156,152.548068788075
2018-07-08 13:45:00,101.212,136.5196,178.8,174.2083020820649,163.86702400589303
2018-07-08 14:00:00,127.03533333333333,185.1964,198.1,210.20254481696628,126.02041591071628
2018-07-08 14:15:00,134.068,213.6696,237.0,243.0816704184624,158.8995415122124
2018-07-08 14:30:00,119.87433333333334,239.4756,253.90001,272.6172784665108,179.94201601533894
2018-07-08 14:45:00,96.604,274.0468,260.7,298.6125367545221,187.194781627569
2018-07-08 15:00:00,104.99666666666668,317.9516,266.4,348.1091112680715,186.42841668799338
2018-07-08 15:15:00,122.341,330.5012,277.30002,366.4631416213066,163.5601417433769
2018-07-08 15:30:00,124.59066666666668,334.0664,273.6,353.8155033268624,178.03699990889368
2018-07-08 15:45:00,152.59033333333335,339.324,266.0,364.242261662106,171.587232365231
2018-07-08 16:00:00,148.022,341.0164,255.2,370.55616213079304,174.91321779485554
2018-07-08 16:15:00,144.994,333.4716,249.7,372.71945492652094,148.0024749460522
2018-07-08 16:30:00,272.22566666666665,328.148,246.1,351.0367230708641,146.002268725161
2018-07-08 16:45:00,309.344,316.4124,241.6,344.8849365720289,139.85048222632577
2018-07-08 17:00:00,263.12466666666666,294.136,240.8,301.68090433325153,152.3061179562984
2018-07-08 17:15:00,219.3826666666667,258.4292,224.1,271.68009512329195,144.33829824829195
2018-07-08 17:30:00,257.5876666666667,241.6204,212.8,253.39448063132227,145.49756901022852
2018-07-08 17:45:00,255.11666666666667,217.564,211.2,231.2556366053617,131.77413025770545
2018-07-08 18:00:00,299.79200000000003,183.4892,211.90001,176.74989135013345,97.9253674243522
2018-07-08 18:15:00,303.48833333333334,151.5712,205.0,156.25250479027113,129.23938223167738
2018-07-08 18:30:00,294.6986666666666,97.2224,191.8,81.57857432289069,118.87605967445319
2018-07-08 18:45:00,254.82766666666663,54.506,162.6,43.241702061988576,87.6017179311292
2018-07-08 19:00:00,208.54533333333333,36.124,160.40001,50.065010846955545,105.61896592508054
2018-07-08 19:15:00,76.42,70.648,124.4,95.63638090186765,64.32024931007078
2018-07-08 19:30:00,68.098,178.8224,128.8,217.770676850958,84.2044384476377
2018-07-08 19:45:00,68.128,212.4132,294.9,194.77727025084653,265.47123425536313
2018-07-08 20:00:00,77.08866666666667,112.4896,253.2,142.061583688969,218.89573018860278
2018-07-08 20:15:00,80.21466666666667,25.4988,158.8,56.43073988304164,119.37760115013148
2018-07-08 20:30:00,39.629,18.782,82.1,47.850633327269634,22.469735805296978
2018-07-09 12:00:00,199.119,97.77,143.3,105.42508136260275,102.98563586699728
2018-07-09 12:15:00,238.8886666666667,91.9776,170.2,102.80192342762834,137.48906866078264
2018-07-09 12:30:00,171.87533333333334,127.122,197.0,140.83823793239046,165.37002961940217
2018-07-09 12:45:00,174.377,191.8516,238.90001,193.6739672573679,197.25518216215306
2018-07-09 13:00:00,200.6723333333333,229.4124,303.5,234.6948820642006,270.09308305297014
2018-07-09 13:15:00,289.437,269.2284,359.5,276.6326591521896,320.5915023833908
2018-07-09 13:30:00,389.634,322.1772,389.6,324.2439807404513,355.22779879465054
2018-07-09 13:45:00,422.8546666666667,366.1132,415.0,363.1672652553136,381.55887444720815
2018-07-09 14:00:00,289.241,416.7028,426.80002,399.23757958860983,367.71649957152
2018-07-09 14:15:00,309.1943333333333,453.3644,474.4,437.8972603666025,363.46696251504
2018-07-09 14:30:00,370.0443333333333,495.2796,513.60004,488.0786790959306,480.1901788823076
2018-07-09 14:45:00,561.5523333333333,549.4512,535.4,545.5054053935914,491.44461437796645
2018-07-09 15:00:00,331.2753333333333,605.4172,541.7,573.6592581452036,482.0427115143442
2018-07-09 15:15:00,603.622,592.8236,582.2,586.3619909945868,547.1115942660712
2018-07-09 15:30:00,539.159,589.1068,560.4,596.0606700274375,499.2566768023398
2018-07-09 15:45:00,585.1623333333333,595.108,541.7,617.5194806113471,483.28519334938426
2018-07-09 16:00:00,442.342,593.4768,515.4,586.3870957080616,465.7654640857471
2018-07-09 16:15:00,461.5076666666666,603.4908,490.4,626.0975990272135,439.4759979224772
2018-07-09 16:30:00,729.5386666666667,608.3628,492.7,623.0092302860161,455.53147950781783
2018-07-09 16:45:00,355.79766666666666,558.4328,475.30002,554.2493278771951,431.4067222863748
2018-07-09 17:00:00,296.8103333333333,462.4444,474.0,490.499043934998,442.4779562885136
2018-07-09 17:15:00,262.6653333333333,384.374,346.0,429.17513182877644,277.2287817311202
2018-07-09 17:30:00,273.25433333333336,352.8048,283.30002,400.85573726332177,208.45873408949365
2018-07-09 17:45:00,258.0073333333333,360.8196,291.1,409.4454336839583,217.21888644274736
2018-07-09 18:00:00,293.2323333333333,397.3944,347.1,439.2223499797856,307.63210950126995
2018-07-09 18:15:00,329.16566666666665,385.8864,427.9,411.8023425190254,373.8233386127754
2018-07-09 18:30:00,295.7506666666667,350.422,469.9,379.04770192061517,439.16685398970696
2018-07-09 18:45:00,571.401,363.376,413.2,365.4615968073678,369.04281171215297
2018-07-09 19:00:00,559.6943333333334,368.222,384.1,390.4837446761436,345.0963583541221
2018-07-09 19:15:00,488.96566666666666,339.596,442.4,343.0220329431258,392.5403740075789
2018-07-09 19:30:00,263.4953333333333,303.6448,373.7,299.48141669863315,311.87930678957554
2018-07-09 19:45:00,367.5486666666666,278.2216,328.80002,261.51978430225563,266.53892073108864
2018-07-09 20:00:00,295.01233333333334,248.6564,301.6,213.30562702775592,256.0097381269991
2018-07-09 20:15:00,249.9583333333333,202.6252,251.2,166.01297292381096,206.6569891896801
2018-07-09 20:30:00,195.0663333333333,165.23,200.0,125.22432223377604,152.32393160877604
2018-07-10 12:00:00,27.66,29.5156,109.5,47.008588286312346,71.54037997332406
2018-07-10 12:15:00,36.61366666666667,33.1572,146.90001,76.01133268009463,103.86903684269228
2018-07-10 12:30:00,46.90933333333333,47.2544,154.2,84.80807804930629,109.23977970946254
2018-07-10 12:45:00,57.594,67.7996,173.3,114.56887865731392,123.89828539559517
2018-07-10 13:00:00,67.41866666666667,81.648,193.3,129.37671008799367,125.85182300303273
2018-07-10 13:15:00,84.896,95.892,201.3,122.99941301551809,160.88732195106496
2018-07-10 13:30:00,99.74566666666666,122.3344,201.1,137.34227114276837,154.5276806886668
2018-07-10 13:45:00,113.214,169.696,213.6,194.81021081693405,167.70559655912155
2018-07-10 14:00:00,137.31666666666666,240.1808,235.3,270.6814659304621,181.17655260038396
2018-07-10 14:15:00,187.463,300.6056,272.5,355.80697806900355,214.20509513443324
2018-07-10 14:30:00,240.66966666666667,353.7432,319.5,375.34787701576477,266.56223248451477
2018-07-10 14:45:00,285.2536666666667,405.752,350.30002,435.75864044885043,292.69694916467074
2018-07-10 15:00:00,326.71066666666667,455.4948,382.80002,489.396454475234,340.94245972425745
2018-07-10 15:15:00,385.6673333333334,482.0604,411.2,507.96243084222374,374.3961924389034
2018-07-10 15:30:00,410.4696666666667,490.84,449.5,522.5592463135288,390.3942835449741
2018-07-10 15:45:00,474.1663333333333,492.1172,450.9,533.0982683398786,403.32879812503484
2018-07-10 16:00:00,397.902,491.6424,471.2,537.5401653902449,438.97404905723704
2018-07-10 16:15:00,721.5446666666667,485.2352,448.4,517.6055537400086,408.20838271950083
2018-07-10 16:30:00,684.1063333333333,505.9324,413.4,539.8602054780777,365.5814579194839
2018-07-10 16:45:00,678.423,522.6196,515.10004,549.9446131890392,461.7432734673595
2018-07-10 17:00:00,566.267,531.8564,474.1,539.743480727303,423.04105763159987
2018-07-10 17:15:00,636.5453333333334,543.678,451.0,531.6185604321014,408.7759548412811
2018-07-10 17:30:00,641.3403333333333,561.7204,460.1,576.0230811118505,409.317486095371
2018-07-10 17:45:00,582.5966666666667,571.3304,491.2,556.2890313159247,433.6237862597724
2018-07-10 18:00:00,632.5643333333334,560.274,519.8,528.8758055112468,483.82553543068036
2018-07-10 18:15:00,580.0416666666666,545.1812,566.7,505.78821676489713,506.07888429877164
2018-07-10 18:30:00,487.159,506.8976,559.9,464.1577597494578,510.43876370148416
2018-07-10 18:45:00,398.7206666666667,441.4828,523.5,423.21430957556015,474.5388277792955
2018-07-10 19:00:00,399.4463333333333,380.692,480.30002,380.8858092056724,434.7463534103843
2018-07-10 19:15:00,366.5173333333333,346.2236,385.6,344.88774571842794,354.49816213078145
2018-07-10 19:30:00,275.77466666666663,299.6392,343.4,301.3076092185554,297.2080818595466
2018-07-10 19:45:00,261.046,248.4208,297.80002,267.03993828005906,266.3007624835503
2018-07-10 20:00:00,154.72633333333334,204.0768,236.3,203.8607972389382,202.84173519670188
2018-07-10 20:15:00,204.099,121.1232,188.90001,104.20152603554044,155.4679101602963
2018-07-10 20:30:00,187.64,32.5056,129.40001,50.86017244889314,94.81901568009431
2018-07-10 20:45:00,95.751,14.8924,84.8,11.205246593808056,49.02390732989204
2018-07-11 12:00:00,165.80166666666668,139.8752,173.7,117.193217372324,116.30032834949685
2018-07-11 12:15:00,141.14266666666666,163.3668,203.2,158.62822724751723,171.68018533162368
2018-07-11 12:30:00,191.60466666666667,195.358,220.3,201.27708726059922,186.29221253525742
2018-07-11 12:45:00,261.91433333333333,234.5104,253.5,247.18827798232905,213.73551156387202
2018-07-11 13:00:00,310.223,268.1596,308.5,246.57970791821856,278.7690351582088
2018-07-11 13:15:00,334.6226666666667,292.558,333.6,284.7817271135331,288.3629420183183
2018-07-11 13:30:00,382.8113333333333,327.0656,351.0,326.41712085255443,288.42845813282787
2018-07-11 13:45:00,453.13933333333335,371.8912,370.9,365.5008127329438,315.3356973764985
2018-07-11 14:00:00,463.52166666666665,415.6332,406.2,401.7272414469826,351.5621260905373
2018-07-11 14:15:00,484.4786666666667,447.1832,454.80002,434.83188194181844,390.83142417814656
2018-07-11 14:30:00,636.347,506.6656,475.2,517.3890070955104,425.5314555208033
2018-07-11 14:45:00,557.931,552.4848,539.3,548.4322940531288,494.37150303750377
2018-07-11 15:00:00,575.6129999999999,588.076,566.8,569.1135446241747,531.6693250349413
2018-07-11 15:15:00,666.6026666666666,606.4084,613.3,587.7424716453887,576.9885062675811
2018-07-11 15:30:00,658.4206666666666,619.4,646.2,604.2044092469193,614.5885540299394
2018-07-11 15:45:00,686.3303333333333,643.442,631.2,620.5979631402945,594.9747446039175
2018-07-11 16:00:00,715.6343333333333,654.874,632.2,627.0659565229855,601.4427379866086
2018-07-11 16:15:00,667.6566666666666,629.3324,632.0,623.5698137515966,608.7654733890478
2018-07-11 16:30:00,650.8543333333333,608.592,617.7,616.8571176046942,582.4451913351629
2018-07-11 16:45:00,701.3743333333333,581.7136,586.10004,558.9485282192558,526.4914588222831
2018-07-11 17:00:00,593.9063333333332,583.9728,541.5,574.1207986981833,487.5611940534079
2018-07-11 17:15:00,642.0333333333333,541.6328,571.0,533.5990559176348,505.4243885592364
2018-07-11 17:30:00,636.8199999999999,519.9476,476.5,515.3739320775129,421.03240986071603
2018-07-11 17:45:00,628.6696666666667,491.7352,498.9,493.27730788536314,443.11219252891783
2018-07-11 18:00:00,446.444,463.8868,463.5,467.44753375886,407.1680385196022
2018-07-11 18:15:00,437.50933333333336,420.0216,450.9,431.91015110407807,394.0498758355234
2018-07-11 18:30:00,480.76166666666666,402.0768,384.80002,405.2803408346678,334.7142702780272
2018-07-11 18:45:00,452.42766666666665,374.708,377.30002,369.3634289835091,322.59496584874347
2018-07-11 19:00:00,422.798,340.0256,368.7,330.56027280796707,302.38560544956863
2018-07-11 19:15:00,378.8546666666667,303.6852,322.30002,289.17186257604027,260.99719521764183
2018-07-11 19:30:00,343.1166666666667,213.4292,304.30002,239.40803396489184,263.93982565190356
2018-07-11 19:45:00,216.88933333333333,100.2928,247.2,137.22737292247103,203.68375567393588
2018-07-11 20:00:00,256.41066666666666,28.5628,205.0,68.36430284584551,171.7267524918416
2018-07-11 20:15:00,232.9863333333333,23.0364,123.5,52.35839164715509,61.87548149090509
2018-07-11 20:30:00,166.93266666666668,41.078,84.4,52.42518579328623,20.576705568676857
2018-07-11 20:45:00,93.21133333333334,71.6288,123.700005,70.26549272552735,83.3174508096338
2018-07-12 12:00:00,88.39066666666666,124.7716,120.4,112.0718151646252,97.26747480207638
2018-07-12 12:15:00,102.921,169.1464,174.6,159.40807883107874,139.58473364675257
2018-07-12 12:30:00,166.98,225.9744,259.4,205.18553727153989,220.04367249492856
2018-07-12 12:45:00,267.9556666666667,281.8728,318.9,261.3336373948238,265.80566612712363
2018-07-12 13:00:00,403.483,332.4744,367.9,305.4512774074903,316.7675777996412
2018-07-12 13:15:00,456.5006666666667,384.9252,415.7,349.37018593770085,355.96820267659245
2018-07-12 14:30:00,616.0476666666667,619.3744,606.7,578.4054218071944,558.3539558190353
2018-07-12 14:45:00,608.504,646.6432,634.60004,604.6804476756091,589.2539731043811
2018-07-12 15:00:00,665.1326666666666,646.324,658.10004,607.6652457201948,611.8078610384931
2018-07-12 15:15:00,660.535,570.2144,678.2,559.9304919906102,630.4992204375707
2018-07-12 15:30:00,567.1223333333332,493.252,569.60004,526.0637800612609,504.36381363059684
2018-07-12 15:45:00,504.0056666666667,491.5344,484.7,534.7350161885389,436.1688998555311
2018-07-12 16:00:00,422.2406666666666,458.7976,468.2,506.71383715930745,428.62614489856526
2018-07-12 16:15:00,442.9893333333333,429.1944,347.30002,458.68387010708545,270.3283403219292
2018-07-12 16:30:00,491.755,432.5028,336.30002,461.3590194666125,263.0356094324328
2018-07-12 16:45:00,426.1616666666667,424.0532,379.5,450.83958716737357,325.8491696869048
2018-07-12 17:00:00,440.0996666666667,423.9216,344.6,469.99085199682804,273.02178156225773
2018-07-12 17:15:00,518.134,489.0408,301.9,513.3650653158114,232.6615435872958
2018-07-12 17:30:00,433.2,501.6756,365.2,511.3148511533964,324.0988172178495
2018-07-12 17:45:00,397.98266666666666,470.7448,397.2,489.2263381833369,367.1374709958369
2018-07-12 18:00:00,393.2986666666667,394.2684,403.80002,424.9828734781181,364.7074370767509
2018-07-12 18:15:00,279.7056666666667,263.914,357.0,313.04778013333885,317.29269895658103
2018-07-12 18:30:00,276.019,206.7656,253.90001,219.41248482533496,213.9961640245537
2018-07-12 18:45:00,276.07866666666666,176.8788,212.3,201.9402214476417,152.15881885975108
2018-07-12 19:00:00,295.164,162.0296,200.7,202.8317697639959,136.0036447639959
2018-07-12 19:15:00,281.6933333333333,133.0296,206.1,208.86552245805387,168.3142071504367
2018-07-12 19:30:00,200.274,102.0632,209.3,146.93535433646537,153.14417086478568
2018-07-12 19:45:00,142.9826666666667,111.9648,161.90001,154.96693685730685,107.63977316101779
2018-07-12 20:00:00,120.15366666666668,29.1896,160.6,75.24619055920985,104.97655249768641
2018-07-12 20:15:00,110.304,22.8384,122.9,54.075413317208756,63.592503160958756
2018-07-12 20:30:00,91.68466666666669,19.768,84.5,54.02869758730566,22.180217362696283
2018-07-12 20:45:00,88.67433333333334,15.5952,52.9,14.076238011038924,-14.098429347359513
2018-07-13 12:00:00,170.8886666666667,181.4428,170.7,145.09104195768356,128.1283115499687
2018-07-13 12:15:00,258.44666666666666,192.3656,222.40001,166.0696978408125,165.17680881798535
2018-07-13 12:30:00,288.674,203.7924,273.80002,207.9540606129414,219.80484300735057
2018-07-13 12:45:00,186.0546666666667,216.5892,285.5,197.37151681335496,247.73560677917527
2018-07-13 13:00:00,359.71433333333334,269.254,296.6,244.09690945416872,261.55252926618044
2018-07-13 13:15:00,254.584,285.062,359.6,287.16968833907123,324.9883490751552
2018-07-13 13:30:00,232.53333333333333,330.7268,409.1,328.9771317194522,366.7957924555362
2018-07-13 13:45:00,315.2933333333333,400.3668,409.7,391.0771083894624,343.07025719317335
2018-07-13 14:00:00,303.74666666666667,437.3576,499.7,430.894605321358,471.86691824860407
2018-07-13 14:15:00,532.272,532.3832,504.5,501.31546198490605,480.71124827030644
2018-07-13 14:30:00,509.6693333333333,587.6896,571.2,550.2657964059589,538.4688340255497
2018-07-13 14:45:00,638.6673333333333,612.5796,634.10004,569.0290395265763,586.3439570909684
2018-07-13 15:00:00,646.7703333333334,662.8228,663.3,624.2496382226587,612.8792969216944
2018-07-13 15:15:00,690.1139999999999,695.802,683.5,651.1147493335302,631.632471463352
2018-07-13 15:30:00,705.2636666666666,694.1236,673.60004,657.7739177030138,619.7572150510363
2018-07-13 15:45:00,649.6116666666666,734.0456,711.4,686.8465859767307,667.1100079890598
2018-07-13 16:00:00,746.5093333333333,742.1244,719.2,693.4105391528437,673.6739611651728
2018-07-13 16:15:00,738.399,744.5108,722.60004,695.7997796678479,676.063201680177
2018-07-13 16:30:00,735.741,742.568,721.60004,694.0001327007265,675.2779113262147
2018-07-13 16:45:00,732.596,736.3056,716.60004,688.0222727816757,669.300051407164
2018-07-13 17:00:00,725.4876666666667,725.7568,707.2,677.9017618839508,659.1795405094391
2018-07-13 17:15:00,709.1313333333334,710.9756,693.8,663.6991830691154,644.9769616946037
2018-07-13 17:30:00,688.742,692.0388,676.2,645.5003929234638,626.7781715489521
2018-07-13 17:45:00,665.0383333333334,669.0448,654.60004,623.4169361042269,604.6947147297152
2018-07-13 18:00:00,638.5526666666667,642.078,628.4,592.7907290265597,578.8644709394015
2018-07-13 18:15:00,616.393,611.2812,599.2,563.3789018534104,549.4526437662522
2018-07-13 18:30:00,594.8433333333334,576.8528,566.3,530.579518798449,516.6532607112908
2018-07-13 18:45:00,554.0453333333334,538.9776,530.10004,494.6177076477345,480.6914495605763
2018-07-13 19:00:00,509.015,497.8644,490.7,455.7531741299488,441.8269160427906
2018-07-13 19:15:00,472.029,453.7528,448.4,408.82040599434106,400.3593254431936
2018-07-13 19:30:00,314.5083333333333,406.9232,403.30002,363.56002917460074,356.6367961423742
2018-07-13 19:45:00,286.2493333333333,319.3084,355.9,272.8601431946758,310.05532504129445
2018-07-13 20:00:00,204.117,161.3792,306.80002,156.9934453391696,263.1394357108737
2018-07-13 20:15:00,175.08733333333333,64.9492,255.90001,108.56655952203226,205.49034663903666
2018-07-13 20:30:00,206.34,34.1208,204.1,55.66943222598246,158.65845257357768
2018-07-13 20:45:00,110.22133333333332,16.5972,123.5,15.56239418964573,86.25635819416233
2018-07-14 12:00:00,204.8153333333333,188.052,175.6,148.7228518840227,118.5656195994768
2018-07-14 12:15:00,252.16,240.6124,227.3,207.29513137631517,173.06466262631517
2018-07-14 12:30:00,303.824,292.4288,278.6,258.8703876391614,226.11907633697632
2018-07-14 12:45:00,352.3206666666667,342.8712,328.6,306.02950740418936,268.559912448745
2018-07-14 13:00:00,399.5833333333333,391.436,377.2,356.68034016890977,314.44492375655625
2018-07-14 13:15:00,443.4503333333333,437.7112,423.4,400.781162029299,362.58099628070283
2018-07-14 13:30:00,483.39,481.3564,467.30002,442.6772825745229,415.4784495857839
2018-07-14 13:45:00,523.456,522.0872,508.2,482.01280920006155,454.81397621132254
2018-07-14 14:00:00,559.7956666666666,559.66,546.3,518.4817471094295,498.4302811212704
2018-07-14 14:15:00,594.6553333333334,593.8632,581.2,551.818966522256,536.392491951028
2018-07-14 14:30:00,624.4883333333333,624.51,612.60004,581.794497884749,566.368023313521
2018-07-14 14:45:00,652.09,651.436,640.2,608.2098538496765,592.7833792784485
2018-07-14 15:00:00,675.8596666666667,674.4672,663.5,630.895625360584,615.4691507893559
2018-07-14 15:15:00,691.7173333333334,693.482,683.60004,649.7098987609462,633.5737360030727
2018-07-14 15:30:00,705.3199999999999,708.4124,699.60004,664.5372122214771,648.4010494636036
2018-07-14 15:45:00,714.0300000000001,719.1804,711.4,675.2878720164446,665.2594982981828
2018-07-14 16:00:00,717.6933333333333,725.7308,719.2,681.8975127058534,675.7681906538514
2018-07-14 16:15:00,714.0766666666666,728.0304,722.3,684.3268265100459,678.1975044580439
2018-07-14 16:30:00,708.984,726.068,721.0,682.5614153735346,676.4320933215326
2018-07-14 16:45:00,700.5763333333333,719.8548,715.8,676.6117399388665,670.4824178868646
2018-07-14 17:00:00,686.4893333333333,709.4236,706.3,666.5131564527576,660.3838344007556
2018-07-14 17:15:00,670.876,694.8304,692.5,652.3260481029643,646.1967260509623
2018-07-14 17:30:00,649.1483333333333,676.152,674.60004,634.1360737176623,628.0067516656603
2018-07-14 17:45:00,628.01,653.488,652.8,612.054576658705,605.925254606703
2018-07-14 18:00:00,599.3043333333334,626.8388,628.4,586.2192234625956,581.1042580237528
2018-07-14 18:15:00,566.9253333333332,596.3512,599.10004,556.7949804582522,551.6800150194094
2018-07-14 18:30:00,531.202,562.3144,566.7,523.9755957329056,518.8606302940628
2018-07-14 18:45:00,496.0396666666667,524.918,530.7,487.9858483764425,482.87088293759973
2018-07-14 19:00:00,457.0053333333333,484.3776,491.7,449.0849844179927,443.9700189791499
2018-07-14 19:15:00,413.2713333333333,440.9412,449.80002,402.8062108315706,402.457066849637
2018-07-14 19:30:00,367.13666666666666,394.8972,405.30002,359.0283659843788,358.6792220024452
2018-07-14 19:45:00,315.15766666666667,346.5876,358.6,313.3945851543298,312.031084559237
2018-07-14 20:00:00,260.612,296.4236,310.0,262.6122316514145,265.03496495829927
2018-07-14 20:15:00,208.52466666666663,244.9104,260.0,210.94144602565987,217.29522295742257
2018-07-14 20:30:00,161.616,147.6112,209.1,128.50703512254435,159.62542520585734
2018-07-14 20:45:00,117.746,19.9128,156.5,17.080825163908045,102.15730459887509
2018-07-15 11:45:00,103.66133333333332,109.9872,115.9,74.17814214626232,81.43022687831798
2018-07-15 12:00:00,182.5233333333333,154.1044,182.2,120.36789787638926,131.68419826854014
2018-07-15 12:15:00,230.586,199.8056,233.5,168.04050852769123,174.63852526658283
2018-07-15 12:30:00,276.076,259.7976,284.30002,195.77115791486824,222.5364033524903
2018-07-15 12:45:00,320.63433333333336,341.4972,333.80002,307.26802645584877,269.79843150040443
2018-07-15 13:00:00,364.9196666666666,391.0412,381.7,353.25125750305523,330.8182459712254
2018-07-15 13:15:00,408.9116666666667,436.724,427.6,402.2120351425724,375.0132021538334
2018-07-15 13:30:00,451.69733333333335,479.812,471.1,444.19845151316525,416.99961852442624
2018-07-15 13:45:00,491.9936666666666,520.0252,512.0,483.62047761834486,463.5690116301857
2018-07-15 14:00:00,528.42,557.1232,549.9,520.1720387502326,504.7455641790046
2018-07-15 14:15:00,560.9163333333333,590.8956,584.60004,553.5878511581606,538.1613765869325
2018-07-15 14:30:00,591.8316666666667,621.1572,616.0,583.6377466012259,568.2112720299979
2018-07-15 14:45:00,618.7723333333334,645.8376,643.8,610.123013067729,593.9868503098554
2018-07-15 15:00:00,642.3713333333333,665.7956,666.4,628.1081818147547,616.7378405137904
2018-07-15 15:15:00,662.138,689.2364,686.2,651.7485602180935,635.61239746022
2018-07-15 15:30:00,676.87,704.3232,702.0,666.6309794916398,650.4948167337662
2018-07-15 15:45:00,686.1693333333334,715.0772,713.8,677.4313295976525,669.2419127122765
2018-07-15 16:00:00,694.6503333333333,721.6584,721.4,684.085014882785,677.955692830783
2018-07-15 16:15:00,697.4113333333333,724.032,724.8,686.5525065875266,680.4231845355247
2018-07-15 16:30:00,693.6073333333334,722.1848,723.7,684.8191956562877,678.6898736042857
2018-07-15 16:45:00,687.1196666666667,716.1272,718.60004,678.8953415502629,672.7660194982609
2018-07-15 17:00:00,677.0939999999999,705.8896,709.2,668.816108015936,662.6867859639341
2018-07-15 17:15:00,662.828,691.5272,695.8,654.6416921367941,649.5267266979513
2018-07-15 17:30:00,643.4346666666667,673.1156,678.5,636.4575693004693,631.3426038616266
2018-07-15 17:45:00,620.173,650.7528,657.2,614.3748964309043,609.2599309920615
2018-07-15 18:00:00,592.681,624.4084,630.60004,588.5311422804155,583.4161768415727
2018-07-15 18:15:00,565.9003333333333,594.2228,601.8,559.0910518087602,553.9760863699174
2018-07-15 18:30:00,532.0453333333334,560.5068,569.60004,521.4822886250952,521.1331446431616
2018-07-15 18:45:00,493.818,523.4448,533.9,485.46094295488024,485.11179897294664
2018-07-15 19:00:00,452.309,483.2504,495.2,446.519997201329,446.1708532193954
2018-07-15 19:15:00,411.2673333333333,440.166,453.5,404.9578613094758,404.6087173275422
2018-07-15 19:30:00,367.0933333333333,394.47,409.2,361.1208275351711,360.7716835532375
2018-07-15 19:45:00,318.4313333333333,346.4976,362.9,311.6302442150478,315.06733413509176
2018-07-15 20:00:00,267.961,296.652,314.5,262.7990276419947,267.9870807730982
2018-07-15 20:15:00,218.242,245.4288,264.80002,205.6918557938218,219.1316236313462
2018-07-15 20:30:00,167.96166666666667,148.1488,214.1,130.21830536175574,171.3435361509403
2018-07-15 20:45:00,119.51733333333333,19.9872,163.2,18.63037749419432,115.47921534667235
2018-07-16 11:45:00,28.235333333333337,12.79,79.9,11.585476544479349,49.40413728056333
2018-07-16 12:00:00,36.428,23.11,103.9,51.77320727933915,61.49460467924149
2018-07-16 12:15:00,48.533,36.4036,127.3,81.43195523731649,61.70798673145711
2018-07-16 12:30:00,59.206,50.1452,147.5,64.14272452599414,93.43963004357227
2018-07-16 12:45:00,63.51466666666667,63.4368,163.1,91.8954975130315,106.74567146322681
2018-07-16 13:00:00,67.16966666666666,83.8228,176.8,117.42002512220716,145.63250375990248
2018-07-16 13:15:00,71.36166666666666,102.1956,185.8,130.7316796122339,139.39223259074953
2018-07-16 13:30:00,72.73266666666667,118.4076,194.5,145.6005141810702,136.96117091935145
2018-07-16 13:45:00,106.28866666666666,153.6904,198.0,185.11012849540106,167.3300381633698
2018-07-16 14:00:00,162.566,192.4752,218.0,221.74501971944642,137.56289081319642
2018-07-16 14:15:00,158.595,229.152,249.3,255.2397746492079,171.0576457429579
2018-07-16 14:30:00,186.138,260.786,265.1,285.3640456193107,192.6887831681388
2018-07-16 14:45:00,204.1233333333333,299.2224,279.2,311.91891192332207,202.31158160105645
2018-07-16 15:00:00,225.5073333333333,324.236,286.1,406.32584110721325,200.26318851932263
2018-07-16 15:15:00,187.49566666666664,343.0172,288.6,393.4768084084444,177.88992486352254
2018-07-16 15:30:00,196.35433333333333,353.258,293.6,368.60475595825983,192.82625254029108
2018-07-16 15:45:00,196.5076666666667,364.1888,289.0,379.45332773769655,211.6706739291028
2018-07-16 16:00:00,211.043,372.9008,297.6,386.149329794962,218.36667598636825
2018-07-16 16:15:00,189.80033333333333,383.0048,292.2,407.118295681511,200.3433017850266
2018-07-16 16:30:00,200.14766666666668,380.3228,304.7,405.41487602250027,211.17110160843777
2018-07-16 16:45:00,180.582,385.556,293.30002,426.9980100284822,213.2664884220369
2018-07-16 17:00:00,220.57766666666663,380.1512,303.7,431.8389924021134,195.2081177683243
2018-07-16 17:15:00,265.27566666666667,357.11,320.0,384.03144815282155,245.4043119223528
2018-07-16 17:30:00,289.0473333333333,320.4596,317.4,338.64078648701,249.40580113544752
2018-07-16 17:45:00,290.4303333333333,274.88,294.80002,282.8733148078578,227.31877989574843
2018-07-16 18:00:00,239.45,221.49,263.2,225.52061675575192,175.91966460731442
2018-07-16 18:15:00,205.204,163.0572,221.8,174.36881428302559,146.17478352130684
2018-07-16 18:30:00,173.48,107.4176,185.1,95.93609748498642,113.3047193111583
2018-07-16 18:45:00,163.69033333333334,58.6656,161.1,56.37994898515757,82.70490015703257
2018-07-16 19:00:00,154.68066666666667,35.8524,137.6,31.753212804700638,83.10984122266939
2018-07-16 19:15:00,150.96966666666668,32.8336,119.4,43.41119477879914,61.27175996434602
2018-07-16 19:30:00,155.88433333333333,30.3928,96.9,67.81228098846594,36.49614939666907
2018-07-16 19:45:00,130.922,27.8812,76.200005,82.88588132252448,13.39416684498542
2018-07-16 20:00:00,112.24733333333332,25.288,54.100002,53.613485558793855,10.73522017793448
2018-07-16 20:15:00,77.75733333333332,22.35,38.4,81.40568363636504,-7.9836596253537095
2018-07-16 20:30:00,52.121,19.3584,24.4,44.64159833778834,-27.399432546000725
2018-07-16 20:45:00,34.84,15.312,6.7000003,16.47171634349955,-50.245416224859824
2018-07-17 11:45:00,28.14933333333333,11.4148,66.200005,12.506480194149873,30.898089386044404
2018-07-17 12:00:00,35.15333333333333,15.6824,97.200005,58.19457683720918,30.80454692998262
2018-07-17 12:15:00,53.48166666666667,25.1304,123.4,53.38410428410265,62.90119412785265
2018-07-17 12:30:00,60.995666666666665,45.7176,141.6,67.23535935288356,84.57366196518825
2018-07-17 12:45:00,65.098,75.416,164.3,122.61059344567059,108.16454852379559
2018-07-17 13:00:00,73.059,100.0116,179.90001,148.14276543085407,143.86241569940876
2018-07-17 13:15:00,93.171,125.6832,205.2,163.3309900298567,170.23949833063796
2018-07-17 13:30:00,144.043,160.508,234.40001,208.16598052787833,185.69642181205802
2018-07-17 13:45:00,176.34766666666667,204.0328,254.2,245.1005664534212,204.0971942610384
2018-07-17 14:00:00,233.5123333333333,241.6056,306.2,281.8193806248174,259.5005329685674
2018-07-17 14:15:00,232.0363333333333,273.0848,315.80002,315.393315782963,274.3899435905802
2018-07-17 14:30:00,234.8213333333333,311.798,335.30002,345.5918645171938,278.7637395171938
2018-07-17 14:45:00,244.1493333333333,354.6028,376.4,401.4166889903647,331.21254165149753
2018-07-17 15:00:00,267.91266666666667,380.2912,356.5,424.29615747790524,288.69181787829586
2018-07-17 15:15:00,280.2283333333333,397.964,356.2,443.288440255797,329.1054568573595
2018-07-17 15:30:00,334.2303333333333,414.8476,396.6,458.27738474101375,339.57169626445125
2018-07-17 15:45:00,434.168,428.1872,371.9,469.1726202855116,297.60093449449596
2018-07-17 16:00:00,376.4763333333333,428.5212,417.80002,475.90912738440545,357.20343890784295
2018-07-17 16:15:00,426.527,422.2236,392.7,478.9091308437829,331.30344847073604
2018-07-17 16:30:00,347.371,416.7328,369.4,447.5703882965313,296.70634410707817
2018-07-17 16:45:00,400.87033333333335,408.7416,367.30002,441.6908215548523,304.432459738446
2018-07-17 17:00:00,375.885,391.13,363.80002,431.6423173421182,289.27140669758694
2018-07-17 17:15:00,366.073,360.4192,333.1,405.2448295145116,305.68576274205066
2018-07-17 17:30:00,320.92333333333335,340.7068,315.2,368.3238523116445,244.65777565148824
2018-07-17 17:45:00,286.2043333333333,330.1192,328.30002,379.8722655136362,268.57931202242526
2018-07-17 18:00:00,291.91533333333336,290.816,315.7,320.35873305964174,261.83322036432924
2018-07-17 18:15:00,303.9866666666667,241.144,281.7,263.6671958126409,229.02458717006277
2018-07-17 18:30:00,268.8533333333333,191.0188,251.3,203.57527387561572,211.44371259631885
2018-07-17 18:45:00,235.1133333333333,143.1364,228.6,180.2273667196706,189.2545883993581
2018-07-17 19:00:00,213.53,87.3,201.3,106.16672748987156,146.99924702112156
2018-07-17 19:15:00,153.364,36.58,169.7,45.665563357594976,105.32736755681373
2018-07-17 19:30:00,150.00633333333332,30.8288,138.6,69.99982065610232,102.072986549657
2018-07-17 19:45:00,126.15766666666669,28.196,124.1,70.09169462688845,89.24011686809939
2018-07-17 20:00:00,107.16566666666668,25.5528,102.5,48.210759584021815,59.992070619178065
2018-07-17 20:15:00,68.92433333333334,22.5392,77.8,83.31443808410828,22.426178196412963
2018-07-17 20:30:00,44.218,19.4676,48.8,46.418062314684704,-1.8475169089481085
2018-07-17 20:45:00,34.063,16.3008,28.9,18.079963388684035,-24.95034056639409
2018-07-18 11:45:00,24.558666666666667,13.7148,79.700005,13.499901009627408,56.337566567488736
2018-07-18 12:00:00,34.245999999999995,26.4556,105.8,53.9837588943939,63.705156294296245
2018-07-18 12:15:00,46.539,43.2384,131.0,85.87806143240894,64.17809500174488
2018-07-18 12:30:00,58.90533333333334,61.6568,156.6,122.97289704391088,98.78167389937963
2018-07-18 12:45:00,72.15333333333334,83.3528,174.7,126.07112894282074,110.18770609125824
2018-07-18 13:00:00,88.296,106.708,194.5,149.75723792311254,146.24904395338598
2018-07-18 13:15:00,109.92566666666669,121.3812,213.3,165.04513119223657,171.95363949301782
2018-07-18 13:30:00,145.62,134.1508,221.40001,149.122202336158,181.1953682297127
2018-07-18 13:45:00,142.97066666666666,180.1888,217.3,207.27506523482435,157.49366264693373
2018-07-18 14:00:00,184.07766666666663,244.3104,241.90001,283.80179073438256,190.9704003535232
2018-07-18 14:15:00,207.33666666666667,290.816,277.30002,372.90106083858427,224.62364079463896
2018-07-18 14:30:00,243.116,319.6252,312.6,377.39058355598297,258.22273687629547
2018-07-18 14:45:00,252.087,333.1708,327.30002,374.4203594058015,290.02808645658274
2018-07-18 15:00:00,266.58,338.3708,338.1,366.3834816966048,254.99197168683918
2018-07-18 15:15:00,232.77066666666667,357.9452,316.7,385.4330098587968,243.15951132364057
2018-07-18 15:30:00,272.08033333333333,364.1928,321.7,400.38830136568083,238.7924914291574
2018-07-18 15:45:00,239.0353333333333,394.2668,314.1,445.05642913195845,208.4255544981694
2018-07-18 16:00:00,285.124,428.6568,339.7,478.36873241376145,256.5078620524333
2018-07-18 16:15:00,337.9933333333333,443.9204,364.5,472.2972410149365,278.341064257124
2018-07-18 16:30:00,338.38666666666666,426.562,363.80002,467.10314253446074,276.6905143606326
2018-07-18 16:45:00,358.7376666666667,386.4284,353.4,413.2466432941935,276.42993186841227
2018-07-18 17:00:00,295.867,365.3564,320.0,415.8084029712212,241.52870936770557
2018-07-18 17:15:00,307.05400000000003,387.0772,296.6,420.0352807356827,186.0679955794327
2018-07-18 17:30:00,377.565,364.4764,314.5,401.85048730161486,234.054375241068
2018-07-18 17:45:00,354.8283333333333,312.602,316.6,348.6808297077189,237.37420434150795
2018-07-18 18:00:00,300.682,256.002,303.30002,268.4761916821062,245.2267715160906
2018-07-18 18:15:00,262.16633333333334,216.5188,243.0,246.47642203752832,176.92396232073145
2018-07-18 18:30:00,232.101,187.7108,234.6,213.54138833426822,173.4699466838776
2018-07-18 18:45:00,251.95766666666668,138.6836,209.7,144.46584702794974,179.30572129552786
2018-07-18 19:00:00,230.04266666666663,72.2836,199.1,87.64297692734402,149.36288659531277
2018-07-18 19:15:00,191.40666666666667,34.7592,159.0,47.96869452423499,107.63049872345374
2018-07-18 19:30:00,162.94666666666666,30.8684,122.6,97.34573366298872,63.593017598535596
2018-07-18 19:45:00,94.93733333333331,28.2908,85.4,72.24226379127839,43.478805539325265
2018-07-18 20:00:00,124.43166666666666,25.6804,70.9,66.32755118323237,12.41243582678706
2018-07-18 20:15:00,100.235,22.6924,53.100002,85.25714809348474,13.879721946023807
2018-07-18 20:30:00,60.58233333333333,20.2176,64.9,48.225076338067254,10.246072431817254
2018-07-18 20:45:00,38.964333333333336,17.6168,96.9,19.715743076958674,61.27256299273016
2018-07-19 11:45:00,16.021333333333335,12.0632,80.6,14.56635461664068,57.40402017450201
2018-07-19 12:00:00,15.826333333333334,16.2652,102.4,60.56335900299541,36.19089196197979
2018-07-19 12:15:00,44.292,18.058,115.5,76.08615418155031,59.37430115420656
2018-07-19 12:30:00,35.455666666666666,43.0016,88.8,77.58331093379684,53.080182882039026
2018-07-19 12:45:00,48.68333333333333,101.4908,114.700005,116.03819404851504,82.77198921453066
2018-07-19 13:00:00,48.15466666666666,95.0664,209.2,151.926245421795,157.6729037469903
2018-07-19 13:15:00,64.895,91.6364,219.6,108.66446730897837,173.76175734804087
2018-07-19 13:30:00,48.12033333333333,78.2984,190.7,144.08914950398986,142.3865738203961
2018-07-19 13:45:00,41.06333333333334,84.612,175.6,77.65800155427922,102.73093856599797
2018-07-19 14:00:00,48.596,113.3076,147.3,97.71889085996406,51.91313524472969
2018-07-19 14:15:00,71.02333333333333,135.6156,193.2,128.9914568419913,85.64569268183504
2018-07-19 14:30:00,88.546,164.5836,112.3,159.3378286417634,-33.143128389486606
2018-07-19 14:45:00,86.44566666666667,126.9088,248.3,151.08236334714013,142.75280402096826
2018-07-19 15:00:00,68.968,181.368,160.8,194.7964871058972,16.622262252381574
2018-07-19 15:15:00,62.87733333333333,178.4996,161.6,210.76264749472307,13.393049106051194
2018-07-19 15:30:00,39.67266666666667,151.9492,133.90001,165.24332445059542,-9.627433606045201
2018-07-19 15:45:00,43.473,173.2744,62.5,224.54558682310233,-73.0309817804133
2018-07-19 16:00:00,63.34366666666666,187.168,42.4,231.3573388496295,-71.06505494919861
2018-07-19 16:15:00,89.90933333333332,161.5468,170.6,177.74672406536024,10.76753705364149
2018-07-19 16:30:00,83.555,154.6564,42.600002,137.33208732170374,-70.09308357673376
2018-07-19 16:45:00,112.09166666666668,135.6824,66.200005,112.05542230336664,-71.09277105600836
2018-07-19 17:00:00,99.043,151.5832,19.2,150.7378842043538,-85.96737702611495
2018-07-19 17:15:00,82.79033333333334,188.3868,16.4,214.59309350964907,-100.11982763292906
2018-07-19 17:30:00,94.12933333333334,131.8668,152.6,184.11133832538212,21.367045112491496
2018-07-19 17:45:00,109.43733333333331,165.6132,49.9,190.1859620839058,-80.07453596296921
2018-07-19 18:00:00,100.52866666666668,158.9944,131.7,169.70557423304444,-12.546256821643055
2018-07-19 18:15:00,109.06033333333332,99.7176,185.0,149.96191767088442,92.93384149900942
2018-07-19 18:30:00,94.07333333333332,61.042,137.5,85.86058078380955,43.08442721935643
2018-07-19 18:45:00,75.91266666666667,38.2784,136.8,52.815659602617075,23.7766276201952
2018-07-19 19:00:00,75.13266666666667,35.5048,123.9,27.983852849668608,48.99883698052798
2018-07-19 19:15:00,61.962333333333326,33.636,102.8,38.65241657931381,39.55039631564193
2018-07-19 19:30:00,65.40766666666667,31.6032,86.1,54.82565825667757,48.304692680505696
2018-07-19 19:45:00,36.742333333333335,28.3264,53.600002,55.692936349391346,-2.8325763459211544
2018-07-19 20:00:00,40.20433333333334,25.738,41.5,68.41864435365653,-1.7855029852106554
2018-07-19 20:15:00,56.32266666666667,22.792,31.300001,77.01499739146956,-2.1570301964210614
2018-07-19 20:30:00,41.324333333333335,19.7936,21.9,50.061255339241654,-32.948327180289596
2018-07-19 20:45:00,33.412,16.6608,13.900001,20.701597060456336,-45.339311753020226
2018-07-20 11:45:00,23.958,15.608,92.0,15.706442738430454,53.52510347451444
2018-07-20 12:00:00,37.69433333333333,29.9684,119.9,56.51159670124147,81.04338838825319
2018-07-20 12:15:00,56.257333333333335,50.324,150.8,88.68398779470294,85.82737463552326
2018-07-20 12:30:00,81.97,78.3608,177.1,105.96563228797547,115.48272213172547
2018-07-20 12:45:00,90.963,101.0456,201.3,125.39168658030718,147.024697444565
2018-07-20 13:00:00,76.85333333333332,106.1032,208.2,153.26313676691603,179.3130787835176
2018-07-20 13:15:00,59.74766666666667,108.8168,213.40001,137.77563988421537,175.66354881976224
2018-07-20 13:30:00,47.76466666666667,113.0456,220.40001,125.83316508756997,170.2097367428434
2018-07-20 13:45:00,70.34133333333332,156.9176,218.6,192.89284125273264,161.57670966093576
2018-07-20 14:00:00,165.86366666666666,209.5304,240.40001,229.86582409572884,203.66233288479134
2018-07-20 14:15:00,347.1846666666667,240.2844,246.0,263.67759635854804,171.00233390737617
2018-07-20 14:30:00,303.85033333333337,254.0832,239.0,266.9061310189684,159.62597965178088
2018-07-20 14:45:00,211.131,255.5944,261.9,271.45346439277876,207.39935672676313
2018-07-20 15:00:00,139.08266666666665,283.7724,266.2,291.37111369746196,168.2125748791026
2018-07-20 15:15:00,77.78466666666667,318.2604,284.5,343.468847900108,187.3728701169049
2018-07-20 15:30:00,56.38133333333334,344.1124,298.2,378.2894873295173,202.51098391154858
2018-07-20 15:45:00,119.88133333333332,400.2372,305.2,450.16685915210803,213.53598451831897
2018-07-20 16:00:00,216.806,454.3956,345.6,504.20523638176235,261.6895045702389
2018-07-20 16:15:00,229.51533333333333,463.748,430.9,508.7838560686158,421.12128892994394
2018-07-20 16:30:00,792.7033333333333,441.4568,421.80002,484.57023594918326,365.86454747262076
2018-07-20 16:45:00,626.678,425.6056,416.80002,466.55285377394625,360.03207130324313
2018-07-20 17:00:00,358.7273333333333,410.2584,398.0,416.31971207761364,346.68241349362927
2018-07-20 17:15:00,445.545,396.896,394.4,451.536544608148,335.8544919958433
2018-07-20 17:30:00,288.22633333333334,388.828,359.30002,436.35935057445647,337.3201965217221
2018-07-20 17:45:00,245.08066666666667,384.4452,342.2,434.87741186728965,292.1903848897506
2018-07-20 18:00:00,252.0953333333333,366.8,349.7,410.89276656972413,292.2576042162085
2018-07-20 18:15:00,285.88433333333336,354.9436,350.4,374.455704037165,307.1954806484931
2018-07-20 18:30:00,292.02000000000004,355.5016,325.4,401.9746290496641,276.6940351775938
2018-07-20 18:45:00,328.924,348.6,317.5,383.8767496594623,267.17432656375917
2018-07-20 19:00:00,273.21933333333334,338.3416,300.4,344.6795798326191,245.5096884751972
2018-07-20 19:15:00,292.3473333333333,303.2108,292.2,305.2170719272084,230.19819680513808
2018-07-20 19:30:00,260.2146666666667,205.928,260.2,242.46495935925594,204.48595545300594
2018-07-20 19:45:00,211.188,82.3972,228.90001,109.45982666516875,175.73231812024687
2018-07-20 20:00:00,174.04333333333335,30.0616,167.5,70.54409518297462,110.81493868883399
2018-07-20 20:15:00,126.323,25.1736,99.4,73.00480749054196,53.576233882143526
2018-07-20 20:30:00,91.18166666666666,22.1044,63.0,51.92520077229375,3.7704003572546867
2018-07-20 20:45:00,63.056666666666665,35.2716,57.9,26.803104570916403,-1.3715627874820342
2018-07-21 11:45:00,76.64933333333333,22.8988,97.1,16.920750699860235,54.73941143594422
2018-07-21 12:00:00,85.82400000000001,60.544,132.0,64.03566177045386,101.85432250653784
2018-07-21 12:15:00,106.48433333333334,105.1004,170.40001,101.68346683157466,130.90555087698482
2018-07-21 12:30:00,186.05166666666668,178.6596,190.0,161.14313505809372,129.62205504100388
2018-07-21 12:45:00,226.412,183.6572,276.5,202.94372658902603,251.92157464200454
2018-07-21 13:00:00,226.76966666666667,234.4752,272.80002,249.56431936375571,211.70404409520103
2018-07-21 13:15:00,290.075,345.6324,328.4,353.3048027902209,268.98018731170527
2018-07-21 13:30:00,390.175,357.2776,444.2,343.0568512369759,413.7508152414925
2018-07-21 13:45:00,357.88866666666667,307.0988,410.9,338.4613772007598,351.49554925886525
2018-07-21 14:00:00,291.032,278.5584,406.1,319.52440576314393,349.61945276021424
2018-07-21 14:15:00,328.07733333333334,327.462,359.30002,374.07003785987877,299.50006105323814
2018-07-21 14:30:00,388.73,425.424,400.1,462.1575074306387,361.6153931728262
2018-07-21 14:45:00,564.2606666666667,522.0076,432.7,511.3524854682379,388.5098798774176
2018-07-21 15:00:00,684.6353333333334,607.932,487.7,592.120212953202,420.3463100601356
2018-07-21 15:15:00,549.9183333333333,543.318,666.0,549.2774475864674,624.3857945255543
2018-07-21 15:30:00,608.0436666666667,558.4888,498.2,564.4620845925923,459.20604211212355
2018-07-21 15:45:00,655.376,593.1292,527.10004,579.9410269846385,474.6309531320994
2018-07-21 16:00:00,458.2556666666667,567.0732,627.7,580.6796175906038,561.6626955935335
2018-07-21 16:15:00,625.4136666666667,589.8812,526.4,589.4722052257171,484.64151674915456
2018-07-21 16:30:00,598.221,608.3396,599.5,593.5889924830246,535.0551790064621
2018-07-21 16:45:00,734.9323333333334,557.3092,642.2,575.9202876481868,616.2801013383723
2018-07-21 17:00:00,681.2623333333333,498.5348,583.2,527.484728671201,532.985964633115
2018-07-21 17:15:00,567.8889999999999,421.0424,539.4,448.6888748206642,487.31450043101574
2018-07-21 17:30:00,412.5213333333333,422.3404,384.7,461.7228610815754,346.31072118899726
2018-07-21 17:45:00,392.527,329.5192,376.9,356.77893773794085,320.9302133727065
2018-07-21 18:00:00,499.524,262.06,323.6,269.9243957021947,284.28212275297597
2018-07-21 18:15:00,505.76366666666667,255.6276,263.6,273.99668392566844,189.81455501941844
2018-07-21 18:30:00,529.6493333333333,253.0544,303.30002,301.78971763740867,258.1227559674868
2018-07-21 18:45:00,481.5923333333333,249.2596,300.0,292.0392315950425,238.1241162385972
2018-07-21 19:00:00,322.16866666666664,245.892,301.0,272.60131346043494,248.02004514988806
2018-07-21 19:15:00,283.2876666666667,222.6232,278.2,265.6311098745924,223.1156527212721
2018-07-21 19:30:00,343.5563333333333,94.3288,261.30002,137.37150617386754,206.8431248262113
2018-07-21 19:45:00,272.10566666666665,80.5792,184.7,104.30381727795987,126.57429457288174
2018-07-21 20:00:00,234.76666666666668,31.3776,214.2,72.70228712621304,148.09552137914272
2018-07-21 20:15:00,181.85866666666664,24.1684,163.1,61.85203739998457,96.55253788826582
2018-07-21 20:30:00,115.28533333333333,21.06,109.700005,53.81550227270017,47.94132624730955
2018-07-21 20:45:00,76.49333333333334,17.86,75.4,24.09962694039676,32.09522477975223
2018-07-22 11:45:00,119.817,146.7412,139.2,108.1161567795612,80.75883504036442
2018-07-22 12:00:00,209.30866666666668,201.714,183.7,167.4722806338955,130.38692487522852
2018-07-22 12:15:00,260.6853333333333,242.8912,236.90001,204.0342807036884,183.62075702967718
2018-07-22 12:30:00,309.6816666666667,273.188,289.80002,232.6399739210611,237.6489251081949
2018-07-22 12:45:00,357.452,360.2272,341.30002,323.2289212939463,280.9935048815928
2018-07-22 13:00:00,404.6646666666667,412.3608,391.0,369.9625461667187,327.7271297543652
2018-07-22 13:15:00,449.3793333333333,460.314,438.80002,416.67287972518074,387.66577914305793
2018-07-22 13:30:00,492.1043333333334,505.5776,484.0,460.86459713681234,430.31964903576863
2018-07-22 13:45:00,533.4496666666666,547.8628,526.4,500.9160115567455,482.1434218732128
2018-07-22 14:00:00,573.0166666666667,586.9204,565.7,543.5244444515941,519.2866772320507
2018-07-22 14:15:00,607.4913333333333,622.5316,601.60004,577.4938825381614,552.5464271319725
2018-07-22 14:30:00,638.4503333333333,654.502,634.0,608.0585046166748,583.1110492104858
2018-07-22 14:45:00,665.5683333333333,682.6596,662.5,635.0184964395553,616.1788300729781
2018-07-22 15:00:00,688.073,706.8272,687.9,658.2029581805381,643.2623434802207
2018-07-22 15:15:00,706.8426666666667,726.8736,708.3,677.4684122098793,662.5277975095619
2018-07-22 15:30:00,722.0886666666667,742.7212,724.7,692.6978220199347,678.7715639327765
2018-07-22 15:45:00,733.1076666666667,754.2876,736.7,708.5959150168752,689.8736936423635
2018-07-22 16:00:00,739.8729999999999,761.5132,744.60004,715.5049188428951,696.7826974683834
2018-07-22 16:15:00,740.7479999999999,764.36,748.10004,718.1800889690002,699.4578675944884
2018-07-22 16:30:00,739.0889999999999,762.8128,747.3,716.6057170130646,697.8834956385529
2018-07-22 16:45:00,733.3086666666666,756.8768,742.3,710.79104397244,692.0688225979283
2018-07-22 17:00:00,723.8009999999999,746.5804,732.8,700.7702894445015,682.0480680699898
2018-07-22 17:15:00,709.287,731.974,719.3,681.8068022165543,667.8805441293961
2018-07-22 17:30:00,690.0916666666667,713.1284,701.60004,663.5771326921745,649.6508746050163
2018-07-22 17:45:00,667.2353333333334,690.138,679.8,641.3956170189366,627.4693589317784
2018-07-22 18:00:00,639.888,662.8984,654.2,615.3988023716727,601.4725442845145
2018-07-22 18:15:00,610.9493333333334,631.5656,624.3,585.7503629983266,571.8241049111684
2018-07-22 18:30:00,551.5426666666666,596.5312,590.60004,552.6424390874022,538.716181000244
2018-07-22 18:45:00,555.0966666666667,542.9412,553.8,507.48637958220695,502.3714141433642
2018-07-22 19:00:00,447.068,472.7612,513.60004,418.6346241033828,463.04605636961816
2018-07-22 19:15:00,411.1066666666667,431.2888,470.5,376.62333811535007,421.0347703815854
2018-07-22 19:30:00,332.972,371.16,424.80002,332.95970352788373,376.6781712402861
2018-07-22 19:45:00,281.19066666666663,351.5876,376.7,313.1209425054804,330.3749775015131
2018-07-22 20:00:00,258.14566666666667,320.4724,326.5,282.95142325601165,281.5879226609189
2018-07-22 20:15:00,228.53333333333333,248.0352,274.7,209.28153781583723,222.9297610967439
2018-07-22 20:30:00,193.42366666666663,141.1048,222.2,135.67323667018604,174.8800686022539
2018-07-22 20:45:00,135.36,59.4484,169.3,53.097163443212935,115.32389617407841
2018-07-23 11:45:00,36.13066666666667,21.2164,83.3,19.5742695030317,50.55808755723092
2018-07-23 12:00:00,47.24433333333333,36.6552,124.5,60.90488270802669,85.43667439503841
2018-07-23 12:15:00,58.98800000000001,57.342,150.7,93.52619521649248,87.65201919110186
2018-07-23 12:30:00,72.47066666666666,79.7732,179.90001,118.96306786668299,120.72551903855799
2018-07-23 12:45:00,90.64966666666666,101.5348,199.5,132.58555024628703,142.45781892304484
2018-07-23 13:00:00,119.591,120.4908,224.0,143.14935166088816,165.41982895581003
2018-07-23 13:15:00,133.34433333333334,138.8492,237.5,175.0186851235183,199.93911053855737
2018-07-23 13:30:00,155.878,143.5444,247.1,159.58270212603975,197.96551462603975
2018-07-23 13:45:00,179.85933333333332,191.2824,236.8,218.19127310268783,191.08665884487533
2018-07-23 14:00:00,196.01566666666668,253.3268,259.0,295.14306813089723,205.6381548008191
2018-07-23 14:15:00,233.55166666666668,297.3928,302.7,329.19072814538015,239.20037170006765
2018-07-23 14:30:00,264.901,347.8544,331.9,389.0275054850729,270.3218170085104
2018-07-23 14:45:00,276.35966666666667,364.844,364.4,423.9873135547407,323.24607209966257
2018-07-23 15:00:00,252.5433333333333,368.5328,358.80002,410.0930463749934,305.662046619134
2018-07-23 15:15:00,252.7506666666667,402.588,341.7,484.85476855993943,261.6126268363066
2018-07-23 15:30:00,247.5546666666667,421.964,389.4,446.59929558635156,326.73833367228906
2018-07-23 15:45:00,253.4243333333333,405.6788,445.0,458.48230142687123,388.99058694933217
2018-07-23 16:00:00,280.347,422.3096,377.0,462.7556587830029,289.7882515564404
2018-07-23 16:15:00,256.24100000000004,396.666,394.7,447.0707026149257,323.0801935817226
2018-07-23 16:30:00,280.2436666666666,399.0372,297.7,424.1657306416207,229.5024005634957
2018-07-23 16:45:00,298.603,361.3144,368.5,399.8904441165838,290.2831137943182
2018-07-23 17:00:00,321.78,353.7196,291.7,389.8664224846798,197.2113931878048
2018-07-23 17:15:00,310.27166666666665,368.2436,247.0,394.1529151575902,150.9706641810277
2018-07-23 17:30:00,271.86066666666665,281.6272,322.5,289.1375296294234,247.25590731497027
2018-07-23 17:45:00,311.0353333333333,242.9008,241.2,247.17877119163006,151.4963065920207
2018-07-23 18:00:00,290.2176666666667,196.9932,243.1,196.05173628155592,133.4188932639778
2018-07-23 18:15:00,304.491,171.9352,219.1,166.35950234831762,103.7266593307395
2018-07-23 18:30:00,274.12166666666667,154.128,201.90001,158.29409281534208,131.28097025674833
2018-07-23 18:45:00,250.16966666666667,128.604,218.2,141.63848660707708,159.49905179262396
2018-07-23 19:00:00,244.34966666666665,76.4932,189.3,74.49405299648834,135.90216456875396
2018-07-23 19:15:00,218.3643333333333,37.7544,169.40001,31.50074419986862,119.81538043033737
2018-07-23 19:30:00,203.971,33.774,158.90001,69.56585019195387,116.08255856597731
2018-07-23 19:45:00,205.27466666666663,31.1176,140.90001,56.071627483954614,102.70364652692336
2018-07-23 20:00:00,169.85833333333332,28.5648,142.2,77.11037955478128,83.31919608310159
2018-07-23 20:15:00,170.59266666666664,25.5792,102.4,39.30395802516324,43.611178484147615
2018-07-23 20:30:00,161.48100000000002,22.6472,58.0,57.66948357634877,21.311542902520642
2018-07-23 20:45:00,83.304,19.6168,12.8,25.861852386934743,-38.564035674588695
2018-07-24 11:45:00,110.189,93.1404,106.200005,78.65655057819826,72.28092878254397
2018-07-24 12:00:00,135.889,126.1812,131.2,126.31318016236986,81.95491142457689
2018-07-24 12:15:00,165.855,169.5224,164.3,169.8956277746742,121.19139651246718
2018-07-24 12:30:00,186.95066666666665,212.342,221.40001,219.45228609516766,185.04035982563641
2018-07-24 12:45:00,199.36066666666665,264.0204,269.30002,277.60924802741107,233.35379491766986
2018-07-24 13:00:00,208.98066666666668,305.0696,325.6,314.7300199483958,292.91030254116924
2018-07-24 13:15:00,245.381,366.81,373.2,364.68426734865545,349.8799269861066
2018-07-24 13:30:00,465.706,468.05,419.7,424.8034320363504,387.7131639012796
2018-07-24 13:45:00,501.3086666666667,551.7176,536.3,505.75124156652555,486.2689636963473
2018-07-24 14:00:00,550.0206666666667,570.3188,575.4,534.9523878277589,523.5820465267946
2018-07-24 14:15:00,590.1800000000001,552.8132,611.0,525.0100980963045,567.7142091955477
2018-07-24 14:30:00,603.5386666666667,580.1316,621.4,555.7166124797285,562.3146292186201
2018-07-24 14:45:00,605.6983333333334,588.5156,649.0,577.0044788566473,589.4023689475897
2018-07-24 15:00:00,616.1973333333333,616.3804,662.8,598.4961543345341,605.20931580304
2018-07-24 15:15:00,594.7843333333333,572.9032,660.7,562.024571397754,629.2769937305177
2018-07-24 15:30:00,637.9363333333333,524.7996,632.4,555.037432076122,595.7295326010243
2018-07-24 15:45:00,572.4156666666667,550.8872,589.4,582.3687185518304,543.2571615449945
2018-07-24 16:00:00,386.4573333333333,556.2496,526.10004,589.3312470766714,493.9327943178823
2018-07-24 16:15:00,367.9173333333334,549.5592,525.2,575.8841029155617,475.3419886577492
2018-07-24 16:30:00,396.473,542.444,492.7,574.3320139965492,444.5625437817055
2018-07-24 16:45:00,419.303,509.9824,461.0,537.3067014137185,420.06976293715604
2018-07-24 17:00:00,393.5463333333333,467.17,440.80002,500.46635486824687,384.21467640145
2018-07-24 17:15:00,427.23,460.5524,415.9,484.6882016211971,370.02146883311116
2018-07-24 17:30:00,450.7263333333333,437.6604,410.30002,468.0015952411495,351.74991677435264
2018-07-24 17:45:00,470.372,370.8688,410.30002,445.5706224521865,370.2227373203506
2018-07-24 18:00:00,448.45633333333336,329.282,362.30002,370.2669703598817,303.4388453598817
2018-07-24 18:15:00,420.8016666666666,288.4376,323.80002,343.191015165219,273.69930068767997
2018-07-24 18:30:00,368.8403333333334,231.1288,310.30002,249.1228638034048,266.30827334930325
2018-07-24 18:45:00,341.458,161.0064,280.0,198.20960999609076,229.83856202245795
2018-07-24 19:00:00,299.5826666666666,86.2872,243.1,102.82596984943564,205.25838867267782
2018-07-24 19:15:00,248.723,37.724,207.90001,34.962153327824694,163.08603943622313
2018-07-24 19:30:00,198.908,33.08,170.90001,43.08968134932246,136.4640099626037
2018-07-24 19:45:00,172.10366666666667,30.3632,129.0,55.73081560834248,73.2655598710378
2018-07-24 20:00:00,163.60533333333333,27.75,96.200005,84.99341753558275,57.064737115660876
2018-07-24 20:15:00,135.421,24.7268,70.3,49.08239388053494,25.499157186199
2018-07-24 20:30:00,89.68166666666666,21.6036,45.7,59.630299862788576,-12.410731021000487
2018-07-24 20:45:00,58.29766666666667,18.2704,28.4,27.63638245898629,-26.502930285154335
2018-07-25 11:45:00,66.21066666666667,14.4428,95.700005,25.662677940810582,60.34982317396488
2018-07-25 12:00:00,88.49366666666667,27.1372,126.4,69.5939176599698,88.77016430303621
2018-07-25 12:15:00,114.77466666666666,53.58,155.90001,115.62516611743735,91.30383127857016
2018-07-25 12:30:00,136.409,69.39,185.8,124.98836475129525,124.65848499055306
2018-07-25 12:45:00,159.89733333333334,106.8776,205.2,134.18180976202598,146.6452649622213
2018-07-25 13:00:00,181.001,130.1552,235.0,148.4331899708273,170.35471401867886
2018-07-25 13:15:00,212.213,180.7396,250.0,229.51065379911512,223.34775096708387
2018-07-25 13:30:00,252.83,228.694,288.1,279.90379362703317,247.52751188875192
2018-07-25 13:45:00,274.083,264.006,320.0,312.7900458351966,269.8429175392982
2018-07-25 14:00:00,323.558,286.1544,341.4,329.53271612399135,307.2404492782882
2018-07-25 14:15:00,315.6673333333334,345.884,377.4,386.3412880682358,341.44275901550145
2018-07-25 14:30:00,365.9963333333333,410.3048,347.7,441.54386666167534,298.48217537749565
2018-07-25 14:45:00,333.02466666666663,361.152,458.6,392.4600749465651,417.38050036160416
2018-07-25 15:00:00,300.7703333333333,389.9292,376.2,465.0446508127153,322.98099114474655
2018-07-25 15:15:00,388.706,453.2356,346.4,484.6469572378835,267.42729171053975
2018-07-25 15:30:00,346.5146666666667,370.3728,431.4,392.38697111237093,383.7476278506522
2018-07-25 15:45:00,417.7293333333334,358.1764,355.1,383.90654168677884,269.11775384498196
2018-07-25 16:00:00,387.4223333333333,434.0972,327.5,468.76352634705904,234.79624119080904
2018-07-25 16:15:00,436.12466666666666,476.214,395.80002,516.2720633545395,350.6281729736801
2018-07-25 16:30:00,381.2493333333333,447.1508,413.80002,471.8648960212845,352.003934107222
2018-07-25 16:45:00,522.2006666666667,546.2168,323.1,571.5878616492524,230.16995393440868
2018-07-25 17:00:00,379.486,518.2972,517.0,561.5481303779035,479.0179332343488
2018-07-25 17:15:00,577.725,538.588,470.30002,563.4975955400109,414.99437593551875
2018-07-25 17:30:00,501.5626666666666,520.7064,500.30002,545.2001477414044,446.03025638398253
2018-07-25 17:45:00,526.5416666666666,487.3628,425.6,522.926284914829,379.5093842800634
2018-07-25 18:00:00,468.909,484.8032,383.1,496.81242471893097,347.08587747772003
2018-07-25 18:15:00,425.22833333333335,405.5744,424.30002,448.8857504182221,359.0303427033783
2018-07-25 18:30:00,360.186,301.6664,363.80002,330.6955179496997,317.0446085258716
2018-07-25 18:45:00,342.6036666666667,271.034,300.0,354.34667631540316,253.79261442575472
2018-07-25 19:00:00,401.1543333333333,277.5924,311.6,318.0422578481706,258.4950929311784
2018-07-25 19:15:00,387.8186666666667,277.6568,307.9,320.7623882172823,251.0917339204073
2018-07-25 19:30:00,290.46566666666666,226.0652,325.9,254.61335863942537,280.49506487721834
2018-07-25 19:45:00,241.59333333333333,207.0692,252.8,224.16085223507406,186.30057696651937
2018-07-25 20:00:00,243.48466666666667,38.0652,239.90001,81.62982125061603,200.57176918762775
2018-07-25 20:15:00,206.6793333333333,25.608,182.8,52.40387851353819,136.71389896031553
2018-07-25 20:30:00,145.25533333333334,22.4864,153.3,61.61174915375176,121.73090122284356
2018-07-25 20:45:00,116.89466666666668,19.2556,93.700005,29.429518177961853,53.96130986497357
2018-07-26 11:45:00,152.866,138.3788,142.40001,89.79299559867609,89.01152243888605
2018-07-26 12:00:00,235.1183333333333,161.516,193.7,135.6092900449402,138.12101642433473
2018-07-26 12:15:00,249.72,208.0236,246.1,184.8735181944071,196.18981858655798
2018-07-26 12:30:00,284.3383333333333,264.448,299.30002,234.1982611137801,242.62355122150714
2018-07-26 12:45:00,362.3326666666666,315.072,360.4,282.7697758243714,316.17673440438847
2018-07-26 13:00:00,398.9696666666667,378.9332,410.4,332.19647734368914,363.37690394128435
2018-07-26 13:15:00,451.827,462.6856,457.9,424.13611180894276,407.9999490510692
2018-07-26 13:30:00,494.99533333333335,509.94,502.6,467.1882628458851,451.05210008801157
2018-07-26 13:45:00,537.4063333333332,552.4568,538.4,509.4157415431033,492.1809993784915
2018-07-26 14:00:00,584.2206666666666,575.0156,583.5,540.3231643628637,538.959663767771
2018-07-26 14:15:00,513.4853333333334,574.0464,619.0,527.9715260202444,573.2381733591116
2018-07-26 14:30:00,648.8953333333334,627.5912,648.0,587.8429947746705,604.082673157544
2018-07-26 14:45:00,658.888,671.5368,656.4,632.6566200653057,595.1870251098613
2018-07-26 15:00:00,640.6996666666666,686.67,700.0,652.2755232695546,654.6982565764393
2018-07-26 15:15:00,723.1496666666667,708.228,703.8,675.5176886706553,653.0846771388254
2018-07-26 15:30:00,686.747,661.9684,737.4,639.2332778629855,690.5577960667208
2018-07-26 15:45:00,645.4726666666667,683.278,681.3,658.0702366108202,649.4782928699755
2018-07-26 16:00:00,787.2773333333333,722.2204,601.10004,684.1256073553446,541.355185731161
2018-07-26 16:15:00,625.6236666666666,668.9732,761.60004,662.017367044431,711.5357081088841
2018-07-26 16:30:00,704.546,711.2284,520.9,672.5836189897129,479.9917849214146
2018-07-26 16:45:00,650.6313333333333,595.7812,756.10004,597.0207656887571,704.1811126736204
2018-07-26 17:00:00,580.7886666666667,632.0048,496.6,639.7720491034491,464.12590805120306
2018-07-26 17:15:00,695.3943333333334,673.7792,684.9,636.1786770277625,643.4307617598182
2018-07-26 17:30:00,743.1363333333334,636.4612,656.8,619.4308825619662,625.1040869839633
2018-07-26 17:45:00,614.1990000000001,554.5648,641.7,533.034667150505,602.7926417751388
2018-07-26 18:00:00,637.8393333333333,480.2452,422.7,499.7986913314478,383.0962682357447
2018-07-26 18:15:00,532.7673333333333,378.48,524.10004,426.40730384415633,479.6753931385899
2018-07-26 18:30:00,500.23766666666666,470.9376,357.4,448.38571688691343,319.91377779999937
2018-07-26 18:45:00,576.5703333333333,393.5988,471.9,400.0073577641428,267.78036801804905
2018-07-26 19:00:00,512.8423333333334,448.4236,327.30002,431.5436719462637,272.1813901469473
2018-07-26 19:15:00,368.0236666666667,341.1228,447.1,324.1755337227576,393.66832203757696
2018-07-26 19:30:00,476.9926666666667,295.9028,349.80002,279.4433576007873,317.2620183368713
2018-07-26 19:45:00,389.9386666666667,364.8988,330.80002,325.42696392961636,299.97316372820035
2018-07-26 20:00:00,331.27566666666667,293.9748,336.5,254.22675088053194,290.623512774758
2018-07-26 20:15:00,267.768,229.8992,284.9,198.73403769153265,241.4381487907758
2018-07-26 20:30:00,224.714,190.7632,232.2,146.79222456199963,182.05203119499524
2018-07-26 20:45:00,126.37866666666667,163.3748,179.2,120.71947071613596,134.22896889509485
2018-07-27 11:45:00,199.7983333333333,114.2604,138.8,89.237117362101,96.48920209415667
2018-07-27 12:00:00,162.683,145.9388,153.7,131.67990954993195,111.85656436560578
2018-07-27 12:15:00,233.53066666666663,206.0068,200.90001,188.49031804901364,161.2882192025781
2018-07-27 12:30:00,243.87733333333333,237.9448,288.6,230.5828538850069,245.88442954571246
2018-07-27 12:45:00,342.6836666666667,288.7796,308.5,279.28583315810425,276.4937627693103
2018-07-27 13:00:00,421.5073333333333,330.0336,370.2,326.60552407850105,339.6574821626075
2018-07-27 13:15:00,402.4993333333333,380.0044,417.30002,372.0476100854403,385.0995681695467
2018-07-27 13:30:00,454.63433333333336,447.3932,467.9,420.9998396698226,428.2519244018783
2018-07-27 13:45:00,526.2086666666667,505.5148,525.3,467.81804010863846,472.82699129577225
2018-07-27 14:00:00,563.8156666666667,540.7968,555.9,496.51305904249216,498.18270625928903
2018-07-27 14:15:00,611.5406666666667,575.1112,555.4,530.8668674488932,521.2539085408122
2018-07-27 14:30:00,651.2180000000001,628.5788,586.7,590.8055938894358,543.1139463598338
2018-07-27 14:45:00,669.231,669.7668,659.10004,635.6784265201427,598.2088315646984
2018-07-27 15:00:00,693.2153333333333,721.0184,688.10004,672.7117897603208,636.7016641232664
2018-07-27 15:15:00,713.0696666666666,737.0732,708.3,692.2106748220081,656.2005491849536
2018-07-27 15:30:00,732.5476666666667,745.3676,724.4,702.1694744612571,671.6245263602134
2018-07-27 15:45:00,735.3566666666667,756.1524,736.3,711.8889660980183,682.8818655158955
2018-07-27 16:00:00,748.2773333333333,746.2556,743.8,712.3392773801841,689.9062658483542
2018-07-27 16:15:00,746.4233333333334,776.5476,747.4,728.6667463624575,699.8039877259829
2018-07-27 16:30:00,743.5453333333334,775.902,746.7,727.1270143569741,698.2642557204995
2018-07-27 16:45:00,739.5453333333334,769.56,741.7,721.3061722748171,697.0684050552736
2018-07-27 17:00:00,725.377,758.8668,732.3,711.2382412119932,687.0004739924498
2018-07-27 17:15:00,709.7103333333333,743.8788,718.7,696.9823906257561,672.7446234062127
2018-07-27 17:30:00,691.5509999999999,724.6744,701.0,678.6231400644011,654.3853728448577
2018-07-27 17:45:00,667.509,701.3544,679.3,656.2706957267945,632.0329285072511
2018-07-27 18:00:00,636.675,673.838,652.9,630.0614822481455,605.823715028602
2018-07-27 18:15:00,605.496,642.2804,623.4,600.1589632931937,575.9211960736502
2018-07-27 18:30:00,569.0363333333333,607.0608,590.2,561.289717113833,542.5171274303003
2018-07-27 18:45:00,528.3003333333334,568.3712,553.3,524.606055080071,505.8334653965382
2018-07-27 19:00:00,473.013,526.4312,513.60004,483.3600253647822,466.1252832001704
2018-07-27 19:15:00,451.2240000000001,481.48,470.5,439.11174497992,423.68527040869196
2018-07-27 19:30:00,399.9793333333333,433.796,424.80002,394.2772617098505,378.8507871386225
2018-07-27 19:45:00,359.51800000000003,350.2964,376.80002,300.83476268978075,332.01518928737596
2018-07-27 20:00:00,298.9386666666667,220.4364,326.9,213.07789144384628,279.0216284738756
2018-07-27 20:15:00,224.53766666666667,142.9824,275.30002,137.47177103582317,222.5482504707902
2018-07-27 20:30:00,195.38333333333333,74.0124,223.0,81.79109061607906,173.0077525461633
2018-07-27 20:45:00,120.725,48.3852,163.0,39.206542644206976,97.04479185074995
2018-07-28 11:45:00,155.60866666666666,151.1064,138.2,110.03444084199253,98.2374784615833
2018-07-28 12:00:00,208.40233333333333,173.344,198.1,139.43203246577912,141.94375884517365
2018-07-28 12:15:00,257.298,220.8232,251.7,189.03404543169623,200.3503458238471
2018-07-28 12:30:00,304.4943333333333,271.9768,304.80002,238.65395038109727,245.25196711998888
2018-07-28 12:45:00,350.5006666666667,322.6532,356.5,287.4897978952028,294.0878146340944
2018-07-28 13:00:00,396.2433333333333,388.4968,406.2,334.2369064959622,345.56313845244415
2018-07-28 13:15:00,441.3593333333334,476.4696,453.9,432.6612565986202,402.1163084975765
2018-07-28 13:30:00,483.748,523.9164,498.9,481.3789879021536,445.36886226509915
2018-07-28 13:45:00,528.5603333333333,566.4156,541.2,521.9811065308056,493.118347894331
2018-07-28 14:00:00,566.2433333333333,605.6412,580.4,559.6286974345954,535.390930215052
2018-07-28 14:15:00,600.4193333333333,641.3812,616.2,594.0567913071417,569.8190240875982
2018-07-28 14:30:00,632.6519999999999,673.4456,648.9,625.03450782541,600.7967406058665
2018-07-28 14:45:00,661.3143333333334,701.6648,677.60004,652.3618044789262,627.4143490727372
2018-07-28 15:00:00,685.13,725.7604,704.4,675.8673536972566,660.9267389969392
2018-07-28 15:15:00,705.0043333333334,745.6032,724.7,695.4071499286475,680.4665352283301
2018-07-28 15:30:00,724.4913333333333,761.2188,741.0,715.6595600031555,695.9229820154846
2018-07-28 15:45:00,734.7226666666667,772.5264,753.10004,726.9408765195311,707.2042985318602
2018-07-28 16:00:00,738.122,779.4712,760.9,732.721109860437,714.2441410951782
2018-07-28 16:15:00,744.3833333333333,782.016,764.4,731.9419865363244,718.0157284491662
2018-07-28 16:30:00,749.7296666666666,780.1468,763.4,730.4005466401969,716.4742885530387
2018-07-28 16:45:00,709.274,773.8736,758.3,724.5694101936385,710.6431521064803
2018-07-28 17:00:00,730.6826666666667,763.228,748.8,714.4826097494847,700.5563516623265
2018-07-28 17:15:00,712.5516666666666,748.2644,735.2,700.199338544615,686.2730804574568
2018-07-28 17:30:00,700.2776666666666,729.0592,717.4,681.8041488218665,667.8778907347083
2018-07-28 17:45:00,680.0466666666667,705.7116,695.5,659.407283056028,645.4810249688697
2018-07-28 18:00:00,645.9703333333333,678.4444,669.9,633.1451978564842,619.218939769326
2018-07-28 18:15:00,611.3503333333334,647.398,640.60004,603.1813731154754,589.2551150283172
2018-07-28 18:30:00,567.7686666666667,612.6324,607.5,569.7075484528625,555.7812903657043
2018-07-28 18:45:00,537.0996666666666,574.3328,571.0,527.480429504607,519.0193489534595
2018-07-28 19:00:00,495.241,530.228,531.2,486.14742989783423,479.22419686560767
2018-07-28 19:15:00,433.5273333333333,482.2944,488.2,441.80317028532795,436.6882048464852
2018-07-28 19:30:00,315.6306666666667,398.7496,442.4,350.25623380872196,391.7481695387024
2018-07-28 19:45:00,365.7386666666667,265.106,394.30002,243.26546846083454,344.7964819496041
2018-07-28 20:00:00,265.9166666666667,232.8724,344.0,241.94282852844538,296.2996400518829
2018-07-28 20:15:00,248.74066666666667,146.4824,292.4,139.66997259797014,245.81596296967425
2018-07-28 20:30:00,189.80566666666667,26.7572,239.6,67.66548496305268,196.1119666677646
2018-07-28 20:45:00,146.30566666666667,18.866,142.8,34.907439498838386,111.74158599847217
2018-07-29 11:45:00,153.6326666666667,77.35,121.9,92.01682642632078,79.73385409050535
2018-07-29 12:00:00,68.25,176.5424,151.40001,141.46611300385985,115.84289446748289
2018-07-29 12:15:00,215.69666666666663,221.5132,254.6,191.24120120384325,202.55750159599413
2018-07-29 12:30:00,327.8893333333333,249.0116,308.80002,235.21173561677438,247.60962570771676
2018-07-29 12:45:00,303.3103333333333,266.1672,361.7,278.38406285584944,311.6161666804649
2018-07-29 13:00:00,176.03766666666667,370.13,336.1,337.54273397753303,315.3155115349061
2018-07-29 13:15:00,397.7053333333333,471.8584,461.6,432.03801518883967,416.61154061761164
2018-07-29 13:30:00,495.8656666666666,504.9708,507.6,470.6248062064004,459.9641530920816
2018-07-29 13:45:00,538.099,496.252,550.8,467.25008359617874,499.9473539895503
2018-07-29 14:00:00,503.7266666666666,499.1324,590.7,499.17966400509977,547.6836484563937
2018-07-29 14:15:00,289.02000000000004,551.2856,488.7,531.8747415389311,432.03845499413126
2018-07-29 14:30:00,526.8656666666667,646.3284,619.4,610.8044418004926,577.7751487401898
2018-07-29 14:45:00,629.7413333333333,674.4156,688.2,641.9739526253659,641.6248086434323
2018-07-29 15:00:00,637.89,663.7704,712.60004,618.8967503844245,665.1777543364509
2018-07-29 15:15:00,552.0490000000001,730.7092,612.2,689.8713000842921,549.4213203021876
2018-07-29 15:30:00,584.9466666666667,749.616,738.3,707.1661504088854,689.2217200576281
2018-07-29 15:45:00,723.4343333333333,736.9816,761.7,697.0915632558698,711.5456877065534
2018-07-29 16:00:00,734.6923333333333,738.7912,746.5,701.3442407526072,696.5144081987437
2018-07-29 16:15:00,616.546,746.1072,765.8,706.9054047278173,720.3451725653417
2018-07-29 16:30:00,559.809,702.8884,772.2,676.094921060671,719.8133887730734
2018-07-29 16:45:00,664.0653333333333,699.8812,634.7,670.2503754231941,575.2874161336433
2018-07-29 17:00:00,551.439,542.1332,757.4,574.3991154946108,711.9751214302797
2018-07-29 17:15:00,469.28333333333336,553.2336,395.6,576.2454262127376,334.6917457928157
2018-07-29 17:30:00,467.412,573.2292,535.8,563.9511049726334,464.8258303144303
2018-07-29 17:45:00,533.718,598.1624,617.5,599.1483989545945,579.3250537702684
2018-07-29 18:00:00,587.7463333333333,589.07,640.0,571.0238094069463,589.9461602904302
2018-07-29 18:15:00,570.3199999999999,594.2224,645.2,554.908612096816,592.3197306042013
2018-07-29 18:30:00,443.319,564.2676,611.2,517.2807572638832,558.7726929938636
2018-07-29 18:45:00,423.89433333333335,475.5096,573.7,472.4107054066611,521.9290464711142
2018-07-29 19:00:00,499.77400000000006,444.3472,512.7,432.52521216609694,459.9596856806538
2018-07-29 19:15:00,433.2513333333333,395.8932,489.4,389.8899499339591,439.4082909984122
2018-07-29 19:30:00,421.7153333333333,347.9,429.5,344.84118180828585,384.0480137403537
2018-07-29 19:45:00,305.1406666666666,319.3548,387.4,305.1491245570167,336.2675146403297
2018-07-29 20:00:00,281.3016666666666,247.3176,341.9,249.142419860928,297.64640431222193
2018-07-29 20:15:00,269.876,194.3672,290.9,194.17066493979044,248.03120914450236
2018-07-29 20:30:00,198.6266666666667,121.356,237.40001,114.86530341396889,188.15470637569985
2018-07-29 20:45:00,161.47533333333334,31.5004,183.5,36.76187545993851,135.12590439060256
2018-07-30 11:45:00,173.718,127.8792,145.5,94.71617376309872,101.96825849515439
2018-07-30 12:00:00,177.29566666666668,198.1016,193.3,155.04910078330187,150.83413591666368
2018-07-30 12:15:00,269.6963333333333,213.876,246.90001,195.1115944988708,194.97777301144404
2018-07-30 12:30:00,322.053,253.0876,299.9,237.65545504081763,242.56243937004126
2018-07-30 12:45:00,365.2416666666667,304.0984,352.0,284.9544239374183,298.6113834711097
2018-07-30 13:00:00,341.7736666666667,379.0948,394.4,340.2432986534547,341.68835747608654
2018-07-30 13:15:00,308.21566666666666,460.5608,450.30002,426.2966553961255,394.44056771149417
2018-07-30 13:30:00,280.47533333333337,488.2896,495.80002,448.5167260365839,436.0656956630106
2018-07-30 13:45:00,504.9493333333333,544.3176,538.3,510.5320956360356,476.8487345825688
2018-07-30 14:00:00,490.9803333333333,591.636,577.8,556.8945271287944,514.6591107164409
2018-07-30 14:15:00,548.1020000000001,606.1868,613.60004,569.0987073646837,553.267542050963
2018-07-30 14:30:00,481.396,625.8064,645.9,579.2485243035488,595.3741952134304
2018-07-30 14:45:00,578.6733333333334,678.4336,674.3,645.2447045315704,622.8116929997406
2018-07-30 15:00:00,680.45,715.5512,696.2,673.6088748356121,635.408709087016
2018-07-30 15:15:00,698.7806666666667,735.9332,717.0,693.2240295952107,666.0251966064717
2018-07-30 15:30:00,713.9313333333333,751.5096,733.7,708.7383394772438,681.5395064885048
2018-07-30 15:45:00,726.0376666666667,762.768,746.10004,720.0599725950212,692.8611396062822
2018-07-30 16:00:00,733.8476666666667,769.6528,754.2,727.1225497651741,699.9237167764351
2018-07-30 16:15:00,736.6956666666666,772.13,757.9,729.8849212123878,709.8334552242286
2018-07-30 16:30:00,734.7666666666667,770.1872,757.0,728.3310444898959,708.2795785017368
2018-07-30 16:45:00,732.418,763.8356,751.9,722.4699401410526,707.0434655698245
2018-07-30 17:00:00,722.1333333333333,753.1068,742.4,712.3357164093032,696.9092418380752
2018-07-30 17:15:00,710.2313333333333,738.0564,728.60004,697.9876678535184,682.5611932822903
2018-07-30 17:30:00,695.2293333333333,718.786,710.60004,679.5104669612253,664.0839923899973
2018-07-30 17:45:00,676.4756666666667,695.3812,688.60004,657.0144848480905,641.5880102768625
2018-07-30 18:00:00,664.41,667.9816,659.3,630.6362996086349,610.5848336204757
2018-07-30 18:15:00,542.596,619.6896,629.5,580.9703930317465,585.1130083500449
2018-07-30 18:30:00,564.1916666666667,553.6672,595.8,518.0823706148451,551.4893291948622
2018-07-30 18:45:00,570.171,533.346,558.7,486.6625601733182,514.5605895007108
2018-07-30 19:00:00,512.146,480.5448,518.4,441.17447236649883,469.95643952958477
2018-07-30 19:15:00,470.27133333333336,411.4544,475.30002,390.8306550995697,427.21867275398864
2018-07-30 19:30:00,358.0056666666667,355.4824,429.4,347.47621691269956,374.91069042725644
2018-07-30 19:45:00,211.61266666666668,302.9028,381.0,300.28332551495504,327.7177990295119
2018-07-30 20:00:00,96.85233333333332,249.1028,330.80002,251.5215155899122,278.9559891044691
2018-07-30 20:15:00,176.45733333333334,155.5756,279.0,144.11597249139564,218.1911191665055
2018-07-30 20:30:00,190.64533333333333,38.3268,226.5,71.77809554287333,164.11848288723368
2018-07-30 20:45:00,117.70166666666668,55.5552,154.90001,44.76854419678759,115.46250820130419
2018-07-31 11:45:00,42.27733333333333,33.4244,92.6,33.25736650566836,67.47699770073672
2018-07-31 12:00:00,60.81133333333333,63.598,133.90001,76.19776196160836,100.72955364862008
2018-07-31 12:15:00,84.44866666666667,96.7892,175.40001,126.32627912548531,112.44760938671578
2018-07-31 12:30:00,112.33266666666668,124.0752,210.7,160.24230895729409,151.02172027321205
2018-07-31 12:45:00,113.89566666666666,139.5988,241.5,198.33078643692744,188.86484405411494
2018-07-31 13:00:00,110.81433333333332,161.3124,252.0,201.64486549544023,180.46366737532304
2018-07-31 13:15:00,119.15133333333333,174.7456,262.5,232.85605755627148,220.64034405529492
2018-07-31 13:30:00,120.65733333333333,173.9584,279.0,199.54819752158613,246.18021656455488
2018-07-31 13:45:00,141.51466666666664,228.4384,252.0,282.80774292337685,190.63924011575966
2018-07-31 14:00:00,159.85966666666667,266.7228,292.80002,320.69798519353867,254.4292931769371
2018-07-31 14:15:00,188.308,316.4008,311.6,352.6781588111278,259.8467684302684
2018-07-31 14:30:00,229.62466666666663,356.9496,353.4,413.5078521345238,294.3400054548363
2018-07-31 14:45:00,266.73133333333334,382.5456,381.4,430.47888725038695,321.8298699164026
2018-07-31 15:00:00,252.6723333333333,376.9744,359.30002,403.99705370063964,314.1128373920459
2018-07-31 15:15:00,255.465,389.9352,365.5,414.90238296818814,286.82978164982876
2018-07-31 15:30:00,256.90333333333336,424.6724,355.2,472.82903881500636,277.50535412262354
2018-07-31 15:45:00,220.47366666666667,447.5048,394.2,481.503289418092,313.7071773575451
2018-07-31 16:00:00,313.00866666666667,444.006,348.2,491.23663206996366,254.6057574361746
2018-07-31 16:15:00,320.437,435.6996,330.5,479.09366489982483,254.1345737133014
2018-07-31 16:30:00,334.9363333333333,420.31,305.5,471.38848825062405,206.86312814320218
2018-07-31 16:45:00,305.15833333333336,400.5,308.80002,425.69926399285634,270.5872949987157
2018-07-31 17:00:00,267.5883333333333,364.1532,301.0,401.09289501852174,213.541686522428
2018-07-31 17:15:00,254.72066666666663,324.7436,269.1,332.8498535510288,176.43402103149754
2018-07-31 17:30:00,223.8623333333333,297.5836,238.3,302.66015498046784,143.8113695800772
2018-07-31 17:45:00,190.2086666666667,260.7464,223.0,273.2069558434007,140.7827615074632
2018-07-31 18:00:00,167.439,208.6084,222.0,201.20291266418474,171.806489324341
2018-07-31 18:15:00,150.78400000000002,167.5096,195.5,174.92226850510497,127.26913129807372
2018-07-31 18:30:00,131.811,117.6152,181.8,135.78813070617343,101.98081869445468
2018-07-31 18:45:00,118.42533333333331,62.8512,175.90001,113.99586496615075,98.274978735682
2018-07-31 19:00:00,102.646,40.2152,142.6,58.69485228571506,58.19888060602756
2018-07-31 19:15:00,95.20633333333332,37.058,112.1,68.37942100990784,38.40899254311097
2018-07-31 19:30:00,84.199,34.4428,93.4,39.37356611812663,20.369110551720382
2018-07-31 19:45:00,67.32133333333334,31.6108,70.5,57.233388769463545,39.453298437432295
2018-07-31 20:00:00,55.55,28.8012,47.2,66.52384024219043,-0.3042847578095689
2018-07-31 20:15:00,50.12533333333333,25.7224,23.4,68.4166297367708,-24.393779809127636
2018-07-31 20:30:00,41.214333333333336,22.2032,3.5,51.59839651193391,-58.311805514433274
2018-07-31 20:45:00,31.089333333333336,18.292,0.0,40.50559919572663,-67.48611528181243
2018-08-01 11:45:00,45.49466666666667,51.0316,130.6,35.31919153372607,102.57161386648974
2018-08-01 12:00:00,74.12633333333333,66.9576,155.0,78.47729331555823,122.4361365467594
2018-08-01 12:15:00,119.30766666666666,92.1512,165.8,134.14126666402032,106.75123675679376
2018-08-01 12:30:00,144.35966666666667,128.3552,196.90001,162.85680687043998,132.32982933137748
2018-08-01 12:45:00,206.0703333333333,159.11,238.6,189.98014564664862,184.37028236539862
2018-08-01 13:00:00,211.193,186.094,266.2,254.86784947835457,203.70558751546395
2018-08-01 13:15:00,197.97466666666665,221.8104,285.6,269.6402883912134,234.11314300547122
2018-08-01 13:30:00,234.6906666666667,247.592,321.4,287.1344720396101,266.7952386411726
2018-08-01 13:45:00,297.4803333333333,270.8488,338.1,312.51595960070756,290.22369275500444
2018-08-01 14:00:00,247.7146666666667,300.1528,343.0,358.42026104794274,298.9652744756771
2018-08-01 14:15:00,256.771,349.7052,371.80002,376.5564345879816,329.88140101864565
2018-08-01 14:30:00,246.464,409.2868,387.2,436.24581590953994,346.22013536754775
2018-08-01 14:45:00,198.65766666666667,409.764,404.1,428.7658822482514,347.9356667941498
2018-08-01 15:00:00,191.3693333333333,421.9884,403.1,467.6473940564106,348.9417055798481
2018-08-01 15:15:00,158.63333333333333,430.314,387.30002,487.79090869560935,311.86647021904685
2018-08-01 15:30:00,146.23799999999997,432.5532,394.6,473.6902253684393,326.26645827859556
2018-08-01 15:45:00,156.14333333333337,430.3016,396.7,472.8016406747379,317.2454425546207
2018-08-01 16:00:00,164.87300000000002,431.5332,386.7,461.1362162284221,336.2841959647502
2018-08-01 16:15:00,175.96566666666666,429.9124,359.9,455.14780849278054,260.90403407871804
2018-08-01 16:30:00,179.22833333333335,430.7176,349.7,456.8326221063935,259.325419957956
2018-08-01 16:45:00,237.562,432.804,348.2,475.1489979002365,253.4216266844162
2018-08-01 17:00:00,307.70700000000005,414.5184,360.30002,440.7341117149516,305.4794425254985
2018-08-01 17:15:00,287.68433333333337,378.8728,338.1,404.5792404453599,228.80073702739116
2018-08-01 17:30:00,254.84466666666668,345.6236,328.1,358.8153169617642,272.48050861215484
2018-08-01 17:45:00,211.983,300.3824,299.7,307.5888660888371,187.61920056149336
2018-08-01 18:00:00,181.0423333333333,252.6388,262.2,280.9366584731853,161.11118850248215
2018-08-01 18:15:00,158.812,204.7072,240.8,219.77609915729363,130.86768240924675
2018-08-01 18:30:00,139.03566666666666,151.4732,216.1,140.42632734930487,138.38775313055487
2018-08-01 18:45:00,137.27533333333335,88.9648,195.0,101.77480013460752,120.68602449984189
2018-08-01 19:00:00,132.915,42.2748,172.3,61.59854089277019,106.33889733808269
2018-08-01 19:15:00,107.55066666666669,35.542,150.0,31.047394116575447,68.43951447790357
2018-08-01 19:30:00,96.40366666666668,32.8936,125.8,33.98513406351543,72.58565896585918
2018-08-01 19:45:00,98.11066666666667,30.1424,97.8,59.78265911032378,51.14331584860503
2018-08-01 20:00:00,78.36200000000001,27.3932,80.6,68.93401853036727,42.818402685640706
2018-08-01 20:15:00,63.69166666666667,24.4016,64.200005,76.16349785237082,25.77529899983176
2018-08-01 20:30:00,44.15166666666666,21.1584,58.4,53.684083234039434,3.8978130924378718
2018-08-01 20:45:00,32.23466666666666,17.7328,46.2,42.39229874059359,-11.747014003547037
2018-08-02 11:45:00,47.88,14.518,87.1,31.319745761550706,41.04114316145305
2018-08-02 12:00:00,36.406,24.6296,97.0,64.67814451415833,44.05943113525208
2018-08-02 12:15:00,69.33766666666666,55.6812,141.8,83.9512606500769,87.30369290105347
2018-08-02 12:30:00,83.16433333333333,83.5732,187.40001,98.27999979088116,127.57690530845929
2018-08-02 12:45:00,107.98866666666666,97.238,201.6,120.75993430477939,143.03041159970127
2018-08-02 13:00:00,166.65966666666665,135.772,203.2,184.87126124085552,162.5789943951524
2018-08-02 13:15:00,132.97166666666666,187.0008,219.5,230.97296000796229,175.65656901675135
2018-08-02 13:30:00,135.33566666666667,188.0392,280.1,214.5416291668298,220.8066895916345
2018-08-02 13:45:00,198.3153333333333,208.9456,337.1,228.38078811369314,293.47807815275564
2018-08-02 14:00:00,234.7753333333333,266.738,310.5,293.63651853890474,257.78779417367036
2018-08-02 14:15:00,241.79533333333333,330.8428,323.6,378.54049328731844,269.89147595333407
2018-08-02 14:30:00,269.78633333333335,368.524,374.30002,427.8169427814589,323.8526788654433
2018-08-02 14:45:00,251.0063333333333,396.0688,374.5,455.4056094144423,342.3005984281142
2018-08-02 15:00:00,266.624,457.1196,380.80002,491.41475804825154,299.6202939369234
2018-08-02 15:15:00,360.3233333333334,539.0808,413.2,569.1526580152336,353.07267144296793
2018-08-02 15:30:00,420.03,624.4232,469.1,607.0354752961681,410.45623640456654
2018-08-02 15:45:00,465.426,669.1252,541.8,670.6829630831901,495.5549113253776
2018-08-02 16:00:00,481.2573333333333,706.7076,594.7,690.4937301902419,531.6454712180739
2018-08-02 16:15:00,573.6610000000001,703.3832,646.3,684.0566269654398,584.22034042064
2018-08-02 16:30:00,610.1666666666666,749.2896,641.2,709.1160387784511,582.6246546298534
2018-08-02 16:45:00,669.7080000000001,753.0912,686.8,713.4013582356514,663.532801259333
2018-08-02 17:00:00,716.6716666666667,697.7836,729.60004,673.9071032829359,673.0142142601087
2018-08-02 17:15:00,649.1723333333333,668.878,719.3,653.6369660380296,665.4877484324388
2018-08-02 17:30:00,748.818,688.7012,685.3,643.0377467888894,648.0632995385232
2018-08-02 17:45:00,595.1856666666666,699.4304,659.2,662.2085467300165,625.3930197677362
2018-08-02 18:00:00,661.38,673.668,667.3,635.6305168622762,613.1975053304463
2018-08-02 18:15:00,507.739,632.9212,637.5,599.7713981757981,582.8755837570054
2018-08-02 18:30:00,273.89366666666666,561.158,604.0,527.367138147609,556.149105310695
2018-08-02 18:45:00,284.9803333333333,443.1144,567.3,426.7213327007648,518.9451791363117
2018-08-02 19:00:00,230.3623333333333,258.9152,448.1,306.54626909244007,427.65640321719593
2018-08-02 19:15:00,182.56966666666668,123.518,332.0,155.43776975844224,272.9223736402782
2018-08-02 19:30:00,140.11700000000002,61.58,223.5,90.24109943554475,175.02091510937288
2018-08-02 19:45:00,113.88,31.7344,182.0,62.347542471229644,145.45674962454996
2018-08-02 20:00:00,83.41766666666668,27.9716,151.5,71.35732930223077,95.79836934129327
2018-08-02 20:15:00,70.09966666666666,25.0416,109.8,70.9905889367368,56.5445440148618
2018-08-02 20:30:00,50.62133333333334,21.8424,119.5,53.86469588940574,56.333796841554175
2018-08-02 20:45:00,29.115666666666662,18.4732,78.4,44.28718350473599,18.906285982763336
2018-08-03 11:45:00,103.78966666666666,122.9752,125.1,104.70043922157076,90.94606376380709
2018-08-03 12:00:00,163.064,167.5468,158.1,145.25706639480384,127.2398983497599
2018-08-03 12:15:00,233.10066666666663,198.2588,247.7,197.73676787292246,210.7887259570289
2018-08-03 12:30:00,263.9406666666667,234.8724,278.9,243.44304180502513,241.00359630941966
2018-08-03 12:45:00,261.5896666666667,272.4472,302.30002,263.14263664250853,281.50754676824096
2018-08-03 13:00:00,264.6816666666667,294.8024,374.6,288.4649591080701,330.6796235672986
2018-08-03 13:15:00,274.67466666666667,337.3496,366.2,334.6758774231413,306.50121006474285
2018-08-03 13:30:00,371.65066666666667,389.9912,402.6,378.52213173740165,340.5334690176751
2018-08-03 13:45:00,448.81666666666666,392.6688,495.6,413.516937487357,457.47578071855816
2018-08-03 14:00:00,420.97766666666666,411.7484,505.4,456.99484835339547,461.3607007093525
2018-08-03 14:15:00,403.626,454.5896,450.1,486.4856890034629,398.2843492817832
2018-08-03 14:30:00,460.9933333333333,486.9384,513.2,517.826124832583,458.98300044293455
2018-08-03 14:45:00,453.1336666666666,471.5024,537.3,498.0836833249731,481.1459391843481
2018-08-03 15:00:00,446.1853333333333,502.5936,486.80002,563.1751402387296,452.51693711372957
2018-08-03 15:15:00,671.5026666666668,557.838,493.9,588.957150646635,445.5402500118694
2018-08-03 15:30:00,495.1546666666666,529.8184,580.0,557.1795047957332,516.8695530135067
2018-08-03 15:45:00,578.9273333333333,525.4988,503.4,594.4722013912129,466.200243993752
2018-08-03 16:00:00,544.3603333333333,504.2068,458.0,544.1700133270953,406.5583495087359
2018-08-03 16:15:00,528.5376666666666,498.8724,434.0,554.22358246224,359.7557022132165
2018-08-03 16:30:00,488.4286666666667,533.8004,393.2,602.6670202105792,307.850583443001
2018-08-03 16:45:00,547.1236666666666,480.8768,412.4,523.7520379915644,347.1274957552363
2018-08-03 17:00:00,454.96066666666667,417.3864,408.7,453.2185547920433,363.4192231270042
2018-08-03 17:15:00,467.1313333333334,423.5836,324.5,472.42871535848076,243.7936903340667
2018-08-03 17:30:00,522.1786666666667,373.286,386.30002,392.89447360745885,308.71234470120885
2018-08-03 17:45:00,365.42033333333336,289.4788,365.9,301.8581540954085,285.977172650096
2018-08-03 18:00:00,404.817,282.6428,227.0,290.88791614841045,198.5975719101292
2018-08-03 18:15:00,387.127,234.6356,283.0,244.80305741798145,203.49687455665332
2018-08-03 18:30:00,425.126,233.5808,228.0,259.4578236498528,144.66903580805592
2018-08-03 18:45:00,432.8946666666667,224.9036,272.5,241.8382142432439,364.77655347664233
2018-08-03 19:00:00,423.69233333333335,183.5764,265.6,201.45219335327482,218.63760289917326
2018-08-03 19:15:00,300.2153333333333,155.8636,265.6,185.48267005340944,223.3705789889563
2018-08-03 19:30:00,365.89166666666665,158.6608,232.8,200.02510654469228,195.74475681324697
2018-08-03 19:45:00,290.53933333333333,97.9704,258.2,146.80693029913806,202.70114111456775
2018-08-03 20:00:00,289.8943333333333,30.2704,199.40001,73.79218716699006,143.2638058193338
2018-08-03 20:15:00,164.32933333333332,24.6472,127.6,73.26822941526297,79.26114933713797
2018-08-03 20:30:00,140.91133333333337,21.3412,112.0,48.91948296654135,59.517825862049165
2018-08-03 20:45:00,118.45933333333332,17.8964,57.3,46.188991579325915,2.16405871799779
2018-08-04 11:45:00,69.192,57.0516,101.4,41.97848996834013,76.19812116340849
2018-08-04 12:00:00,94.79933333333334,121.3892,118.700005,114.79478183771045,60.42395511651904
2018-08-04 12:15:00,125.03333333333332,139.67,169.2,142.80329346294204,117.71298431987563
2018-08-04 12:30:00,134.83733333333333,132.1412,209.3,171.20546330067185,149.5054968700078
2018-08-04 12:45:00,139.51000000000002,154.806,244.6,197.53453013347814,198.0456995670719
2018-08-04 13:00:00,199.042,185.5492,243.2,209.67921622555627,177.45982535641565
2018-08-04 13:15:00,180.88933333333333,220.8196,276.6,259.9672104430026,218.99278417347136
2018-08-04 13:30:00,173.39533333333335,249.3296,286.6,304.19989100176923,227.3885811873161
2018-08-04 13:45:00,215.20533333333333,255.4128,307.30002,293.32313385657113,267.20751801184457
2018-08-04 14:00:00,229.578,223.7284,300.5,253.6487041343098,242.01509817727856
2018-08-04 14:15:00,218.3823333333333,253.13,307.4,262.23386578725604,224.0596409337404
2018-08-04 14:30:00,247.714,257.5468,275.30002,271.3350833847412,163.85772742770996
2018-08-04 14:45:00,239.759,251.144,260.80002,245.74095126643442,175.6209256316688
2018-08-04 15:00:00,244.611,257.7644,304.6,255.17540179767798,215.32917987384985
2018-08-04 15:15:00,245.9163333333333,273.8604,194.0,282.3249272564375,78.49375049862499
2018-08-04 15:30:00,274.95,267.2096,275.7,279.7447466473229,183.92336603208855
2018-08-04 15:45:00,317.96200000000005,307.9024,209.40001,305.4263945864808,52.5002471255433
2018-08-04 16:00:00,352.3736666666666,335.1664,228.1,331.78277070021045,112.55233246778857
2018-08-04 16:15:00,365.325,348.8196,232.8,360.7811475604416,115.27513559755096
2018-08-04 16:30:00,352.5523333333333,324.8732,209.40001,313.5791089627204,60.6529615017829
2018-08-04 16:45:00,402.62933333333336,346.9836,181.2,343.96899954368325,54.660833039777
2018-08-04 17:00:00,516.2883333333333,304.8012,317.30002,297.27672119780357,263.3201171938973
2018-08-04 17:15:00,379.48066666666665,304.444,208.5,301.99527661732066,75.97089307239878
2018-08-04 17:30:00,344.49466666666666,286.3364,197.5,283.2537863108539,49.150972590150786
2018-08-04 17:45:00,353.1363333333333,281.5044,199.8,285.5450177412139,43.07361271191701
2018-08-04 18:00:00,323.545,250.6684,234.40001,259.9977677696136,180.4785111778167
2018-08-04 18:15:00,300.77900000000005,216.3784,289.4,229.5090343004971,201.60049548213772
2018-08-04 18:30:00,271.053,197.314,227.2,202.35445572460844,147.85070206249907
2018-08-04 18:45:00,260.815,134.1588,226.7,131.77285671144296,152.2432546606617
2018-08-04 19:00:00,249.095,96.944,199.7,91.2773550943312,120.24088658847182
2018-08-04 19:15:00,252.33066666666667,88.0392,164.7,78.32965330284964,96.56958250206839
2018-08-04 19:30:00,221.28266666666664,35.3584,242.90001,47.06114667057142,237.9816483795558
2018-08-04 19:45:00,356.79833333333335,30.4992,138.5,67.51745309589592,99.5906189894506
2018-08-04 20:00:00,366.616,27.7308,151.5,78.90061454750037,101.92960624671912
2018-08-04 20:15:00,294.189,24.7916,117.700005,80.067585756901,61.10783844244787
2018-08-04 20:30:00,231.45033333333333,21.564,100.6,51.02875868636471,44.26681105452877
2018-08-04 20:45:00,169.01899999999998,18.1396,104.0,48.09647853132492,57.81787593122726
2018-08-05 11:45:00,77.58133333333333,146.8984,142.6,107.79822125757889,111.60876431788162
2018-08-05 12:00:00,132.013,167.4552,194.5,152.19172719444026,163.44731286491145
2018-08-05 12:15:00,182.257,205.1924,247.6,203.23587569763976,216.2878337817462
2018-08-05 12:30:00,219.286,249.1892,290.4,248.74046939414956,263.70744555992104
2018-08-05 12:45:00,263.49466666666666,320.538,328.4,302.2205221154333,291.4665567376257
2018-08-05 13:00:00,327.7513333333333,383.4568,403.0,358.24273196085414,365.4948166929098
2018-08-05 13:15:00,480.8733333333333,416.3712,444.1,397.0641829614269,411.9223181848156
2018-08-05 13:30:00,373.9676666666667,449.598,496.9,442.9085613846409,455.96051946874735
2018-08-05 13:45:00,422.447,475.1496,497.0,489.21771424370684,464.3893126781551
2018-08-05 14:00:00,522.2446666666667,468.9496,549.3,464.84042927007545,516.1068133948313
2018-08-05 14:15:00,378.2126666666666,491.3124,590.5,495.3988804729695,550.1773533733601
2018-08-05 14:30:00,666.236,530.5356,500.80002,531.2596626359967,437.4321632463483
2018-08-05 14:45:00,679.0693333333334,638.37,555.0,624.0011444061247,498.70088958434735
2018-08-05 15:00:00,701.3176666666666,704.8936,681.2,665.2954837817333,650.0569797295711
2018-08-05 15:15:00,712.5973333333333,753.2132,725.0,714.8637607511959,672.0812366423091
2018-08-05 15:30:00,728.784,771.1576,741.9,730.4899780392159,687.7074539303292
2018-08-05 15:45:00,744.101,783.5184,754.8,741.8669537673961,704.3498210083019
2018-08-05 16:00:00,751.9686666666665,791.4288,763.2,748.928618522257,711.4114857631628
2018-08-05 16:15:00,758.772,794.8552,767.2,751.634204771024,711.2260617275059
2018-08-05 16:30:00,758.6919999999999,793.786,766.60004,749.9681405564916,707.732724144138
2018-08-05 16:45:00,750.954,788.2324,761.8,745.7482793927527,701.7045953870154
2018-08-05 17:00:00,741.0343333333333,778.226,752.60004,735.3928529105949,691.3491689048576
2018-08-05 17:15:00,725.2610000000001,763.8224,739.0,720.7701649852469,676.7264809795096
2018-08-05 17:30:00,707.2306666666666,745.098,721.2,701.9656937029079,657.9220096971706
2018-08-05 17:45:00,686.6556666666667,722.1516,699.2,679.0906492680381,635.0469652623008
2018-08-05 18:00:00,661.3306666666666,695.0588,677.9,652.282437563856,623.2753369817332
2018-08-05 18:15:00,632.0656666666667,663.9488,647.9,621.7053821488611,599.8456485673181
2018-08-05 18:30:00,599.0973333333334,629.0228,614.4,585.743567135905,565.6921011477458
2018-08-05 18:45:00,561.586,590.468,577.2,548.2356067870061,532.809132215778
2018-08-05 19:00:00,520.1533333333333,548.4952,536.7,507.6276425674476,492.20116799621957
2018-08-05 19:15:00,475.1863333333333,503.3452,492.80002,464.2104278396262,444.15896185146704
2018-08-05 19:30:00,429.2843333333333,455.2916,446.2,418.3173366132657,398.2658706251065
2018-08-05 19:45:00,381.3463333333333,404.6532,397.30002,370.33438543662476,343.13555244788574
2018-08-05 20:00:00,332.7513333333334,351.81,346.2,315.9509015388145,293.51789000698466
2018-08-05 20:15:00,281.84566666666666,297.2284,293.6,265.25107520001563,242.81806366818577
2018-08-05 20:30:00,232.07566666666668,241.5032,240.1,208.63304011670596,176.70064227429873
2018-08-05 20:45:00,179.03133333333332,142.6388,186.3,119.5904817153602,126.1884984542518
2018-08-06 11:45:00,181.61666666666667,171.6052,167.1,129.3040805020008,109.36214436670875
2018-08-06 12:00:00,231.37766666666667,207.4004,225.0,166.984154167786,169.10209507049595
2018-08-06 12:15:00,279.82866666666666,295.4212,280.1,260.74120746803726,218.50579105568374
2018-08-06 12:30:00,329.0066666666667,352.9792,334.4,311.7612399306553,273.5610741820591
2018-08-06 12:45:00,375.763,394.1448,387.1,357.0631940836022,334.63018255177235
2018-08-06 13:00:00,420.967,424.852,438.1,387.99756448425074,390.31509893096705
2018-08-06 13:15:00,466.8316666666667,506.8432,486.80002,460.2472739284817,441.474684244949
2018-08-06 13:30:00,509.1933333333333,555.014,532.8,509.84494073888357,485.6071735193401
2018-08-06 13:45:00,550.5669999999999,598.3832,575.9,551.2314667918004,526.2840113856114
2018-08-06 14:00:00,589.116,638.36,615.7,589.5724264092347,564.6249710030457
2018-08-06 14:15:00,624.3603333333334,674.7324,652.10004,624.6055976964477,605.7659313298706
2018-08-06 14:30:00,655.5453333333334,707.3104,685.0,660.8977233249876,641.1611453373167
2018-08-06 14:45:00,682.9639999999999,735.926,714.10004,688.6578246665853,668.9212466789144
2018-08-06 15:00:00,706.0543333333334,760.42,739.8,712.511134539981,693.7889131654692
2018-08-06 15:15:00,726.0286666666667,780.6836,760.8,732.3140373852152,713.5918160107035
2018-08-06 15:30:00,743.5643333333334,796.6168,777.60004,747.9492473560749,729.2270259815632
2018-08-06 15:45:00,756.0326666666666,808.1388,790.2,759.3253029389717,740.60308156446
2018-08-06 16:00:00,765.063,815.194,798.5,766.3762485840213,747.6540272095095
2018-08-06 16:15:00,770.0926666666667,817.7472,802.4,769.0614428243839,750.3392214498722
2018-08-06 16:30:00,769.9156666666667,815.7876,802.0,767.365454799175,756.7584010424612
2018-08-06 16:45:00,765.7236666666666,809.3252,797.2,761.2980277985935,754.2946823090915
2018-08-06 17:00:00,757.0503333333332,798.3924,787.9,750.8941021033266,743.8907566138247
2018-08-06 17:15:00,744.3603333333333,783.0456,774.10004,736.2139019734021,729.2105564839002
2018-08-06 17:30:00,727.3196666666666,763.3616,756.0,717.3431048951637,710.3397594056618
2018-08-06 17:45:00,704.2586666666666,739.4408,733.8,689.5971637213669,688.480968042656
2018-08-06 18:00:00,677.9973333333332,711.1416,707.2,662.705616200973,661.5894205222621
2018-08-06 18:15:00,649.3403333333333,678.6212,676.9,632.0370169468807,630.9208212681698
2018-08-06 18:30:00,615.0736666666667,642.3184,642.60004,597.7838862707645,596.6676905920535
2018-08-06 18:45:00,579.1913333333334,602.4256,604.9,560.1684246083138,559.0522289296028
2018-08-06 19:00:00,537.9046666666667,559.1576,563.9,513.979905589333,518.3288874466328
2018-08-06 19:15:00,495.07166666666666,512.758,519.7,468.90150389501446,473.69714674779766
2018-08-06 19:30:00,448.1903333333333,463.5036,472.7,421.0685507733993,427.6724612195663
2018-08-06 19:45:00,399.4153333333333,411.7172,423.1,372.9451215557617,379.5490320019287
2018-08-06 20:00:00,350.45733333333334,357.7856,371.4,323.1769050884594,326.1771072674145
2018-08-06 20:15:00,300.678,302.1812,317.9,267.5484484668057,267.19930448487213
2018-08-06 20:30:00,249.937,245.5036,263.30002,212.50229589318698,215.93938581323093
2018-08-06 20:45:00,196.237,188.5516,208.1,142.53505062735826,164.2097868291214
2018-08-07 11:45:00,195.74666666666664,183.6136,143.1,149.1409912696352,116.60120016245747
2018-08-07 12:00:00,138.6353333333333,240.4132,183.7,207.50970382482322,136.3164016702822
2018-08-07 12:15:00,213.86466666666664,297.0168,226.2,258.9282000506686,189.23736981995572
2018-08-07 12:30:00,300.7296666666667,352.6056,325.9,314.87313173044595,272.09060762155923
2018-08-07 12:45:00,355.80833333333334,387.7384,350.2,354.7757500886257,320.05587856762963
2018-08-07 13:00:00,429.677,408.7668,412.2,344.7364133445524,372.1557267753385
2018-08-07 13:15:00,476.7883333333333,505.5672,478.6,462.1860513019399,418.1423672962026
2018-08-07 13:30:00,520.3873333333333,554.6292,525.3,507.9493890178615,462.3678574932033
2018-08-07 13:45:00,564.015,598.232,569.0,554.8819556620798,518.8718300250254
2018-08-07 14:00:00,602.5343333333333,638.5264,609.7,593.2922773815828,557.2821517445284
2018-08-07 14:15:00,639.013,675.294,646.60004,628.3837349759857,592.3736093389313
2018-08-07 14:30:00,676.448,708.3368,680.0,659.9274000666055,635.6896328470621
2018-08-07 14:45:00,703.6033333333332,737.4796,709.4,687.7244305595549,663.4866633400114
2018-08-07 15:00:00,723.423,762.4044,735.10004,716.4002204428064,687.3664899359094
2018-08-07 15:15:00,741.106,782.9776,756.3,736.2193626005384,706.4759439069959
2018-08-07 15:30:00,757.0840000000001,799.252,773.10004,751.8606588751394,722.1172401815969
2018-08-07 15:45:00,769.9979999999999,811.1428,785.7,763.2327722447427,739.597142590812
2018-08-07 16:00:00,777.1083333333333,818.586,793.8,770.2698790494154,750.5333010617445
2018-08-07 16:15:00,781.4913333333333,821.542,797.7,772.9314819174546,753.1949039297837
2018-08-07 16:30:00,780.5436666666666,819.9928,797.10004,771.2023091587225,751.4657311710516
2018-08-07 16:45:00,777.1546666666667,813.9428,792.0,765.0922795811581,745.3557015934872
2018-08-07 17:00:00,767.6133333333332,803.4184,782.7,754.6365251728386,735.9143037983268
2018-08-07 17:15:00,753.6553333333334,788.4696,768.60004,739.8954765351918,721.1732551606801
2018-08-07 17:30:00,735.2453333333334,769.1684,750.3,720.9550290685432,702.2328076940315
2018-08-07 17:45:00,711.4963333333333,745.6092,727.8,697.9268235633957,679.204602188884
2018-08-07 18:00:00,683.9503333333334,717.5932,700.2,670.9486954832759,652.2264741087641
2018-08-07 18:15:00,651.7819999999999,685.268,669.7,635.3894131996965,621.4631551125383
2018-08-07 18:30:00,617.9426666666666,649.1156,635.4,601.0336122594488,587.1073541722906
2018-08-07 18:45:00,581.27,609.32,597.5,563.3076722204937,549.3814141333355
2018-08-07 19:00:00,539.7316666666667,566.088,556.3,522.4661089818003,508.53985089464214
2018-08-07 19:15:00,494.5493333333333,519.6524,512.2,473.3343510746504,464.8732705235029
2018-08-07 19:30:00,446.0646666666667,470.2792,465.0,425.63772410655383,418.71449107432727
2018-08-07 19:45:00,395.645,418.2812,415.5,375.5632733277907,369.43395127578873
2018-08-07 20:00:00,343.8833333333333,364.0332,363.6,325.6424999116185,319.5131778596165
2018-08-07 20:15:00,291.88533333333334,307.9984,309.9,269.84957778357114,258.4792364826068
2018-08-07 20:30:00,239.4073333333333,250.7628,255.0,218.40938956116713,207.74873644684828
2018-08-07 20:45:00,184.01966666666667,193.1124,199.90001,152.687288784069,152.2049126854362
2018-08-08 11:45:00,13.956,14.0804,84.3,45.82281261053015,23.7883277472489
2018-08-08 12:00:00,16.226666666666667,17.3804,95.4,57.08217126650061,44.800844972555296
2018-08-08 12:15:00,27.57133333333333,22.8116,117.700005,79.06981107763642,60.11006376318329
2018-08-08 12:30:00,37.16366666666666,35.9368,143.5,76.0386719735385,100.95909738857756
2018-08-08 12:45:00,37.99633333333333,51.536,162.90001,68.19298156525457,101.66742309357488
2018-08-08 13:00:00,40.376,65.3248,179.90001,102.52772464824398,134.15667667461116
2018-08-08 13:15:00,43.25333333333333,96.0216,191.2,114.24511814315014,132.400849344322
2018-08-08 13:30:00,66.70133333333334,148.9412,195.90001,155.41410040776907,123.85193610112844
2018-08-08 13:45:00,109.61266666666668,195.5104,210.90001,206.1949903133733,157.0633985164983
2018-08-08 14:00:00,183.32166666666663,216.4064,249.8,251.25695177374507,195.5411619788232
2018-08-08 14:15:00,193.3263333333333,232.0832,260.0,226.25202691385914,147.4275029880779
2018-08-08 14:30:00,170.79866666666666,261.5916,271.4,258.7441114908861,179.0163282877611
2018-08-08 14:45:00,137.23833333333332,301.2092,283.6,314.3251204979307,189.9712386619932
2018-08-08 15:00:00,156.16033333333334,310.7132,326.1,319.6598394071133,230.7514226590664
2018-08-08 15:15:00,155.744,335.5376,316.1,329.4084996168069,264.53331651133817
2018-08-08 15:30:00,172.21166666666667,347.8488,290.0,345.9561880847957,212.5972708484676
2018-08-08 15:45:00,195.801,352.4324,307.5,366.5019325840376,210.81116720317823
2018-08-08 16:00:00,196.64866666666663,355.02,297.6,391.06263997927294,190.45006063356982
2018-08-08 16:15:00,219.58,351.5464,287.6,349.88126973008434,138.11323384141247
2018-08-08 16:30:00,221.561,350.774,280.6,348.11564000009787,136.347604111426
2018-08-08 16:45:00,229.4033333333333,355.09,263.80002,368.2352748730291,130.19166525388846
2018-08-08 17:00:00,216.11466666666664,343.4356,272.4,357.72436879132465,146.66098378155903
2018-08-08 17:15:00,235.5076666666667,318.6636,271.4,316.643576997771,159.84715976144287
2018-08-08 17:30:00,246.22466666666665,297.1152,244.0,302.53948044790354,99.97908616079417
2018-08-08 17:45:00,193.2083333333333,269.6888,259.2,266.091895306198,162.9491645933074
2018-08-08 18:00:00,168.11033333333336,231.1104,250.1,228.1654931922941,198.76906985245034
2018-08-08 18:15:00,184.284,176.432,224.3,195.7617255791704,134.82648387995164
2018-08-08 18:30:00,161.34133333333332,116.1588,198.5,145.39669110021646,102.62053753576333
2018-08-08 18:45:00,128.616,63.5908,167.6,89.98729279693464,89.65358308013776
2018-08-08 19:00:00,113.11466666666666,39.9744,146.90001,66.59480480444518,40.6951771188983
2018-08-08 19:15:00,98.54933333333334,37.0052,124.6,27.878601933935727,38.20715418002948
2018-08-08 19:30:00,96.199,34.508,101.700005,38.3321871818348,37.14819670331917
2018-08-08 19:45:00,94.60933333333334,31.756,79.9,58.289537257228744,18.21809560683812
2018-08-08 20:00:00,105.63333333333334,28.8924,57.100002,55.10621058316002,-3.4193021121524794
2018-08-08 20:15:00,97.01933333333334,25.9636,34.7,55.45191101432616,-6.11087890266603
2018-08-08 20:30:00,76.124,22.6572,12.5,72.41985017502648,-36.53501432692664
2018-08-08 20:45:00,59.91266666666666,19.3136,0.0,61.114625059525,-42.93142596586563
2018-08-08 21:00:00,44.59766666666667,14.9048,0.0,12.642367477991385,-57.81292427005549
2018-08-09 11:45:00,173.499,174.8652,154.90001,137.14644244892906,125.34948006851982
2018-08-09 12:00:00,225.575,192.36,221.5,169.2108356045599,178.71253791321467
2018-08-09 12:15:00,275.38433333333336,243.1868,276.80002,222.58449234929253,220.1127230164068
2018-08-09 12:30:00,324.245,296.0764,331.6,272.50272813629874,278.55363717865714
2018-08-09 12:45:00,373.501,348.9776,385.2,322.98270579694355,334.2990061890944
2018-08-09 13:00:00,419.56166666666667,401.434,437.2,371.88004878663656,380.3053388943636
2018-08-09 13:15:00,468.11966666666666,467.9468,486.6,420.9560610597225,425.32754581619224
2018-08-09 13:30:00,511.9256666666667,558.156,533.5,513.7783830531309,469.7346990473937
2018-08-09 13:45:00,554.3653333333333,603.6312,577.5,556.9402099922005,526.3952618911568
2018-08-09 14:00:00,593.5573333333334,643.6428,618.10004,600.9485750179946,564.9384493809401
2018-08-09 14:15:00,627.6886666666667,680.0536,655.2,636.1500914861699,607.2873328496953
2018-08-09 14:30:00,658.0116666666667,712.672,688.4,667.7816555236147,643.5438883040713
2018-08-09 14:45:00,687.2293333333333,741.3288,717.8,695.6449041878946,671.4071369683511
2018-08-09 15:00:00,710.0496666666666,765.8972,745.0,719.5696475993599,694.6221921931709
2018-08-09 15:15:00,732.3653333333333,786.2524,766.10004,739.4127309662871,714.4652755600981
2018-08-09 15:30:00,748.5193333333333,802.2708,782.9,755.0572965312538,740.1166818309364
2018-08-09 15:45:00,760.975,813.8728,795.4,766.4123106858711,751.4716959855538
2018-08-09 16:00:00,769.0653333333333,821.0024,803.3,773.4122677743395,758.4716530740221
2018-08-09 16:15:00,773.5253333333334,823.6248,806.9,776.0170127967197,761.0763980964023
2018-08-09 16:30:00,772.8076666666667,821.7284,806.10004,774.2116466481122,759.2710319477948
2018-08-09 16:45:00,767.129,815.3248,800.7,768.0064935478529,754.0802354606947
2018-08-09 17:00:00,759.342,804.4464,791.0,757.4371234622373,743.5108653750791
2018-08-09 17:15:00,745.6656666666667,789.1496,776.60004,742.5644344876946,728.6381764005364
2018-08-09 17:30:00,728.587,769.5124,758.10004,723.4748130036339,709.5485549164757
2018-08-09 17:45:00,707.8196666666666,745.6364,735.4,700.2804047396271,686.3541466524689
2018-08-09 18:00:00,683.2313333333333,717.6688,708.60004,673.1195501099485,659.1932920227903
2018-08-09 18:15:00,653.5846666666667,685.754,677.8,642.1574658022606,628.2312077151024
2018-08-09 18:30:00,619.3086666666667,650.0356,643.10004,607.5872974189009,593.6610393317427
2018-08-09 18:45:00,582.6583333333333,610.7028,605.0,564.1665572623582,555.7054767112107
2018-08-09 19:00:00,541.8863333333334,567.9688,563.5,523.0803125491242,514.6192319979767
2018-08-09 19:15:00,496.508,522.0696,518.7,477.61609644627873,470.69286341405217
2018-08-09 19:30:00,452.696,473.2716,471.2,429.37371459696544,424.25874915812267
2018-08-09 19:45:00,405.0933333333333,421.8828,421.30002,380.8155732991083,374.6862512471063
2018-08-09 20:00:00,355.97100000000006,368.2676,369.0,330.5840781590069,324.4547561070049
2018-08-09 20:15:00,305.41700000000003,312.8704,315.4,274.45767551806136,269.1951232567088
2018-08-09 20:30:00,251.7753333333333,213.5588,260.4,178.58620294989007,211.28347334326165
2018-08-09 20:45:00,198.0656666666667,65.1732,205.1,63.817265860775734,160.66610371325376
2018-08-09 21:00:00,142.87,17.3136,149.7,14.319422076026527,99.39590151099357
2018-08-10 11:45:00,186.60466666666667,201.6484,176.2,164.93546769617805,119.97496697901497
2018-08-10 12:00:00,237.821,242.1576,234.5,201.47742192788826,183.5293790583204
2018-08-10 12:15:00,290.2776666666667,249.8552,290.6,224.196167485557,230.7941842244486
2018-08-10 12:30:00,339.691,318.7052,345.80002,273.28930658922104,282.44985956773667
2018-08-10 12:45:00,386.787,423.5816,399.5,378.6475277231141,348.1025796220704
2018-08-10 13:00:00,433.4333333333333,477.8332,451.2,433.12804264578324,397.1179170087288
2018-08-10 13:15:00,478.231,526.9764,500.5,480.079923399476,455.84215617993254
2018-08-10 13:30:00,522.3629999999999,573.2272,547.3,524.5755059345038,500.3377387149603
2018-08-10 13:45:00,563.937,616.3264,590.9,566.2750011188803,541.3275457126913
2018-08-10 14:00:00,601.7136666666667,656.0436,631.2,609.6774638524679,579.9340451589254
2018-08-10 14:15:00,635.2383333333333,692.1688,668.10004,644.930580057968,625.1940020702971
2018-08-10 14:30:00,667.197,724.512,701.4,676.6023858432994,656.8658078556285
2018-08-10 14:45:00,692.1083333333333,752.9032,730.8,704.4947872003081,684.7582092126372
2018-08-10 15:00:00,716.2393333333333,777.2056,754.8,728.4378123909014,708.7012344032305
2018-08-10 15:15:00,737.8763333333334,797.2936,776.0,748.2884973293774,729.5662759548657
2018-08-10 15:30:00,754.1693333333334,813.0528,792.8,763.930163560867,745.2079421863552
2018-08-10 15:45:00,766.09,824.404,805.3,775.2719564254435,756.5497350509318
2018-08-10 16:00:00,773.798,831.2892,813.4,782.2485563971753,763.5263350226636
2018-08-10 16:15:00,777.3009999999999,833.6736,816.9,784.8200067420454,766.0977853675337
2018-08-10 16:30:00,773.1963333333333,831.5456,815.8,782.9716217214626,764.2494003469509
2018-08-10 16:45:00,771.1103333333334,824.9156,810.4,776.7139553547727,757.991733980261
2018-08-10 17:00:00,761.4583333333334,813.8168,800.4,766.082823734301,747.3606023597893
2018-08-10 17:15:00,747.592,798.3044,786.0,751.1393859101595,740.5323321534456
2018-08-10 17:30:00,729.8373333333333,778.4576,767.5,731.9703010691622,724.9669555796603
2018-08-10 17:45:00,709.162,754.3772,744.60004,708.6879949123708,701.6846494228688
2018-08-10 18:00:00,684.8056666666666,726.1504,715.5,676.6351248504212,662.708866763263
2018-08-10 18:15:00,654.7536666666667,693.9256,684.7,645.5691049766431,631.6428468894849
2018-08-10 18:30:00,621.4576666666667,657.9104,650.0,610.8873650738644,596.9611069867062
2018-08-10 18:45:00,582.1403333333333,618.2948,611.8,572.812798996495,558.8865409093368
2018-08-10 19:00:00,540.866,575.2884,570.10004,531.6002497614255,517.6739916742673
2018-08-10 19:15:00,492.64900000000006,529.1236,525.4,482.07511054312675,473.6140299919793
2018-08-10 19:30:00,439.486,480.0616,477.6,435.49993719476,427.0388566436125
2018-08-10 19:45:00,388.70133333333337,428.4032,427.5,385.25493786120455,378.331704828978
2018-08-10 20:00:00,346.614,374.5084,375.2,333.05721441384594,327.94224897500317
2018-08-10 20:15:00,296.47099999999995,318.8176,321.1,281.52783054689775,275.3985084948958
2018-08-10 20:30:00,242.364,261.8704,265.80002,224.77496168797072,219.51240942661818
2018-08-10 20:45:00,185.878,156.7324,210.0,129.17586849156748,162.58282707158457
2018-08-10 21:00:00,131.395,21.0748,151.0,15.996186309327626,101.07266574429467
2018-08-11 11:45:00,185.661,194.19,161.3,160.06615040020864,130.96790096478384
2018-08-11 12:00:00,235.32433333333333,236.3024,231.3,194.34202192767435,174.4000857923823
2018-08-11 12:15:00,285.5776666666667,250.6712,286.9,227.46420098620058,233.51511002855898
2018-08-11 12:30:00,335.2493333333333,303.834,341.4,279.27789726638,290.5941976585309
2018-08-11 12:45:00,382.272,372.8672,394.5,327.466772125274,338.4545984726251
2018-08-11 13:00:00,428.14433333333335,467.858,445.6,427.9948711334711,385.7594547211176
2018-08-11 13:15:00,472.8113333333333,519.2036,494.4,476.85592921315083,432.8122452074135
2018-08-11 13:30:00,515.9256666666666,565.5652,540.4,521.4381887841103,477.39450477837295
2018-08-11 13:45:00,556.7393333333333,608.7732,583.7,564.7490581350432,523.2027772741424
2018-08-11 14:00:00,595.2013333333333,648.5872,623.5,603.4166662923727,572.871718191329
2018-08-11 14:15:00,628.7043333333334,684.7932,660.0,638.718986080122,608.1740379790783
2018-08-11 14:30:00,659.0923333333334,717.2,693.0,670.4284646792369,639.8835165781932
2018-08-11 14:45:00,684.2276666666668,745.6388,721.9,698.3472963831713,667.8023482821276
2018-08-11 15:00:00,707.461,770.0072,747.8,727.7709239781939,703.5331567586504
2018-08-11 15:15:00,727.8233333333334,790.1816,768.9,747.6262375142883,723.3884702947448
2018-08-11 15:30:00,743.1203333333334,806.018,785.7,763.2619336548022,739.0241664352587
2018-08-11 15:45:00,756.8963333333334,817.4372,798.2,774.5873548294849,750.3495876099414
2018-08-11 16:00:00,765.4979999999999,824.3836,806.4,781.5373856995988,756.5899302934098
2018-08-11 16:15:00,769.496,826.8224,810.10004,784.072285804397,759.124830398208
2018-08-11 16:30:00,768.27,824.7428,809.4,782.1776007492128,763.3379343826357
2018-08-11 16:45:00,764.215,818.156,804.2,775.8641323139439,760.9235176136265
2018-08-11 17:00:00,756.5953333333333,807.0964,794.60004,765.1679606712408,750.2273459709235
2018-08-11 17:15:00,740.3793333333334,791.6196,780.7,744.6853462519815,735.2099090876749
2018-08-11 17:30:00,722.457,771.8056,762.4,725.4335941206538,715.9581569563471
2018-08-11 17:45:00,701.2696666666667,747.756,739.9,702.0602504941021,693.5991699429546
2018-08-11 18:00:00,677.0573333333334,719.4376,713.4,674.7042345968272,666.2431540456797
2018-08-11 18:15:00,651.8823333333333,687.0048,682.7,643.5313233171061,635.0702427659586
2018-08-11 18:30:00,619.89,650.7892,648.3,607.1973287255464,600.2740956933199
2018-08-11 18:45:00,582.828,610.9856,610.3,567.192796051683,562.0778306128402
2018-08-11 19:00:00,541.4206666666666,567.812,569.10004,525.8514082001959,520.7364427613531
2018-08-11 19:15:00,495.3616666666667,521.5116,524.4,481.6555044981435,476.5405390593007
2018-08-11 19:30:00,446.9116666666667,472.3608,477.0,434.9371360032689,429.82217056442613
2018-08-11 19:45:00,398.7573333333333,420.6776,427.1,386.07908497322114,380.96411953437837
2018-08-11 20:00:00,352.1243333333333,366.8384,374.80002,330.76425212282555,329.4007515277328
2018-08-11 20:15:00,300.0183333333333,311.2992,321.2,279.0648335308099,277.7013329357171
2018-08-11 20:30:00,250.68066666666667,254.6244,266.1,221.3566468173403,215.52350262941306
2018-08-11 20:45:00,196.4983333333333,151.572,210.40001,132.6691396919298,164.49721796188828
2018-08-11 21:00:00,141.15533333333332,20.1056,153.6,17.671695549077725,102.74817498404477
2018-08-12 11:30:00,141.395,137.8208,124.200005,95.81536796611992,84.01840558571068
2018-08-12 11:45:00,190.663,193.7548,178.5,147.67013271467653,133.89284254925218
2018-08-12 12:00:00,241.01766666666663,235.8564,218.8,197.49878393618042,185.70182155577118
2018-08-12 12:15:00,288.46200000000005,250.858,273.4,232.38759187643453,238.0607962984316
2018-08-12 12:30:00,336.927,317.5168,327.2,282.7797116262918,290.0317963583475
2018-08-12 12:45:00,383.2133333333333,395.1228,379.9,352.7144050840422,340.91744270363296
2018-08-12 13:00:00,429.236,419.9944,430.80002,382.91294104949657,390.16502578155223
2018-08-12 13:15:00,473.374,512.0392,479.6,474.132640240946,437.3171132786657
2018-08-12 13:30:00,515.3876666666666,559.9988,525.7,523.5655365566325,481.9841881374431
2018-08-12 13:45:00,556.1683333333333,602.6632,569.0,565.4099976666653,526.078266824075
2018-08-12 14:00:00,592.9103333333334,641.982,609.0,604.1364234731261,556.7480491445128
2018-08-12 14:15:00,627.132,677.738,645.60004,639.4854728215587,592.0970984929454
2018-08-12 14:30:00,658.24,709.7384,678.60004,671.2299870877417,621.5036649136695
2018-08-12 14:45:00,684.0263333333334,737.8128,707.8,699.1724680559348,649.4461458818625
2018-08-12 15:00:00,707.793,761.802,729.8,723.1434367048146,673.4171145307423
2018-08-12 15:15:00,728.3726666666666,781.5832,750.9,743.0003657992964,693.2740436252242
2018-08-12 15:30:00,744.1903333333333,797.0664,767.60004,758.6269902810343,712.3052835091837
2018-08-12 15:45:00,756.289,808.172,780.0,769.9328677672084,727.1503436583217
2018-08-12 16:00:00,764.4446666666666,814.8428,788.10004,776.8531051136778,734.070581004791
2018-08-12 16:15:00,770.6806666666668,817.0448,791.60004,779.3481960763629,741.8310633172687
2018-08-12 16:30:00,768.2983333333334,814.7664,790.7,777.4039354986805,739.8868027395863
2018-08-12 16:45:00,765.244,808.0184,785.5,771.0313907746821,733.5142580155879
2018-08-12 17:00:00,754.5586666666666,796.8336,775.7,760.2669239783389,719.8587809348209
2018-08-12 17:15:00,739.2036666666667,781.2684,761.60004,745.1722697946573,704.7641267511392
2018-08-12 17:30:00,720.6116666666666,761.4008,743.10004,725.8346868282697,683.5992704159162
2018-08-12 17:45:00,700.7656666666667,737.332,720.3,702.3672147412187,660.1317983288652
2018-08-12 18:00:00,674.7213333333333,709.0332,693.9,670.1432678152441,632.6736728597998
2018-08-12 18:15:00,644.3083333333333,676.65,663.0,638.8605734721385,601.3909785166942
2018-08-12 18:30:00,612.341,640.4996,628.5,603.9472550913499,566.4776601359056
2018-08-12 18:45:00,577.1223333333332,600.7828,590.3,565.6266739407231,528.1570789852788
2018-08-12 19:00:00,535.7073333333333,557.7404,548.8,524.1539984171811,486.6844034617368
2018-08-12 19:15:00,491.96133333333336,511.62,504.2,476.03366100687276,442.35029995340597
2018-08-12 19:30:00,444.6996666666666,462.674,456.7,429.17005799905155,395.48669694558475
2018-08-12 19:45:00,394.37233333333336,411.2332,407.0,378.40835741459364,346.4759595721864
2018-08-12 20:00:00,346.002,357.6892,355.4,318.43222989309055,295.7659033702634
2018-08-12 20:15:00,295.7703333333333,302.5216,302.2,263.7617421758175,245.72259956717494
2018-08-12 20:30:00,242.53,246.3404,248.0,203.99077753019554,196.25803080988152
2018-08-12 20:45:00,191.157,145.8116,193.90001,125.39525167918686,144.31760256267074
2018-08-12 21:00:00,138.82066666666665,19.16,140.90001,19.345020011889858,85.29862566374533
2018-08-13 11:30:00,134.14766666666665,94.474,103.4,71.85835021520194,66.38661139989432
2018-08-13 11:45:00,182.20966666666664,137.7316,153.1,123.84220939130893,121.05013900251498
2018-08-13 12:00:00,231.66566666666668,183.862,214.90001,175.88262947199647,185.49304588434998
2018-08-13 12:15:00,279.647,249.4928,268.80002,226.62257651448766,238.0391700661234
2018-08-13 12:30:00,328.418,347.4204,322.5,305.4050847619156,290.9403090804199
2018-08-13 12:45:00,374.08366666666666,384.0924,374.9,343.6820771974522,344.6268127244908
2018-08-13 13:00:00,422.26166666666666,404.8952,425.30002,388.31517223678617,393.98837665878324
2018-08-13 13:15:00,468.97766666666666,499.2044,473.6,460.45037737052235,441.2380293862084
2018-08-13 13:30:00,511.822,547.136,519.4,508.0002099623993,485.9879514327362
2018-08-13 13:45:00,551.9726666666667,589.7048,562.5,549.9139280592873,527.9016695296242
2018-08-13 14:00:00,588.936,628.9776,602.10004,588.6967961656261,566.684537635963
2018-08-13 14:15:00,622.6453333333334,664.7284,638.5,624.0900269014334,602.0777683717703
2018-08-13 14:30:00,652.7636666666666,696.76,671.2,662.95286626482,633.8546168293952
2018-08-13 14:45:00,677.9590000000001,724.8988,700.2,690.9161607114457,661.8179112760209
2018-08-13 15:00:00,699.5026666666668,748.9932,727.60004,714.89669646698,685.7984470315552
2018-08-13 15:15:00,717.9916666666667,768.9176,748.60004,734.7521922863643,705.6539428509395
2018-08-13 15:30:00,734.3009999999999,784.5696,765.5,750.3666170877698,721.268367652345
2018-08-13 15:45:00,747.7423333333334,795.8684,778.10004,761.6497617071569,734.8011298483312
2018-08-13 16:00:00,754.1603333333334,802.7536,786.3,768.5369731290759,733.6316977842273
2018-08-13 16:15:00,756.62,805.1884,789.9,770.9889971818144,733.7457739915068
2018-08-13 16:30:00,757.9713333333333,803.158,789.3,768.9918957335227,731.7486725432151
2018-08-13 16:45:00,752.9276666666666,795.0088,784.10004,755.4710286089876,728.7184117266634
2018-08-13 17:00:00,744.7166666666667,781.7432,774.60004,741.835128712783,721.4216050387718
2018-08-13 17:15:00,730.984,770.2884,760.2,729.4599857930343,706.246551573674
2018-08-13 17:30:00,714.7876666666667,750.8764,741.60004,710.0334530200444,692.0854101504765
2018-08-13 17:45:00,693.0296666666667,727.084,718.7,686.4688141191875,668.5207712496197
2018-08-13 18:00:00,668.6153333333333,699.0688,688.4,658.9056390494055,632.1530221670813
2018-08-13 18:15:00,640.0703333333333,666.9836,657.60004,627.5103378724901,604.2969036531298
2018-08-13 18:30:00,606.4266666666666,631.1396,623.10004,592.4771590464488,569.2637248270885
2018-08-13 18:45:00,569.2090000000001,591.7308,584.8,545.7947581164369,530.8162922613153
2018-08-13 19:00:00,526.3363333333333,548.98,543.60004,509.6234916859324,494.47535936171363
2018-08-13 19:15:00,482.679,503.1432,499.2,465.1490243644913,450.00089204027256
2018-08-13 19:30:00,436.00933333333336,454.5164,451.9,418.138246446593,397.72472277258174
2018-08-13 19:45:00,389.3863333333333,403.4444,402.4,361.5577534318104,348.5596153617039
2018-08-13 20:00:00,337.53633333333335,350.336,350.9,310.6852700822892,297.6871320121827
2018-08-13 20:15:00,283.60433333333333,295.692,298.0,260.20597330295885,242.10519871675814
2018-08-13 20:30:00,238.3703333333333,240.1576,244.1,190.4081136944319,186.15987608456862
2018-08-13 20:45:00,186.06833333333333,184.632,190.40001,137.13455221032987,134.01513120508085
2018-08-13 21:00:00,134.57466666666667,130.4556,130.7,90.7644955273161,91.70923105435467
2018-08-14 11:30:00,42.74433333333333,10.0676,59.8,14.382749318679075,-6.359972238938113
2018-08-14 11:45:00,52.97933333333334,20.4,79.6,46.97674104548065,26.3580276665744
2018-08-14 12:00:00,72.40833333333333,43.2676,121.9,75.07889720955768,76.29671642342487
2018-08-14 12:15:00,128.04066666666665,47.54,175.3,94.38544652103786,129.0291843140066
2018-08-14 12:30:00,122.694,49.5592,177.3,99.47615450475632,112.43178194616257
2018-08-14 12:45:00,35.04866666666667,37.9928,200.7,38.56613897279493,154.87146734193556
2018-08-14 13:00:00,56.35066666666667,63.3976,193.8,70.94697119384864,130.6087753930674
2018-08-14 13:15:00,56.092,96.2612,205.6,89.63950942190331,151.9508802715127
2018-08-14 13:30:00,156.60666666666663,198.3512,202.8,231.42418701598638,116.2162097210645
2018-08-14 13:45:00,256.6766666666667,231.9216,265.5,328.98846078397446,189.22275949002915
2018-08-14 14:00:00,209.12466666666663,233.5396,295.9,243.94059540057526,233.17216278338776
2018-08-14 14:15:00,213.147,233.3532,291.4,217.70378872761364,213.20522305378552
2018-08-14 14:30:00,167.06,256.0876,287.9,247.05021814719748,211.70030359641623
2018-08-14 14:45:00,170.4006666666667,274.206,295.4,271.5318975179912,241.07483575041306
2018-08-14 15:00:00,215.12466666666663,296.4816,312.0,286.65142375543394,203.9936478765277
2018-08-14 15:15:00,278.36233333333337,298.2252,312.80002,317.32692998846915,232.00799077948477
2018-08-14 15:30:00,234.1616666666667,294.698,290.1,358.1564433340154,141.98765060940605
2018-08-14 15:45:00,141.654,298.8208,275.7,328.2796810817008,168.72062956802893
2018-08-14 16:00:00,161.647,292.236,241.8,317.5605623910325,99.65061976407935
2018-08-14 16:15:00,133.985,286.5804,240.90001,325.2458084731985,102.05632483062038
2018-08-14 16:30:00,161.73133333333334,275.1528,245.6,323.19261548542863,100.00313184285051
2018-08-14 16:45:00,175.293,268.1796,217.2,316.6921760770506,93.50269243447246
2018-08-14 17:00:00,228.25966666666667,265.696,212.90001,305.78146893144924,82.59198528887111
2018-08-14 17:15:00,224.424,247.1016,216.40001,290.5228748024721,67.33339115989395
2018-08-14 17:30:00,169.33800000000002,229.458,210.6,271.0043220455618,80.01021193813995
2018-08-14 17:45:00,97.04633333333332,233.238,192.6,259.63006203705504,77.13283913666442
2018-08-14 18:00:00,87.312,202.9104,208.6,231.9589616671468,62.285835446443684
2018-08-14 18:15:00,112.65633333333334,145.6824,216.3,188.15777414261208,125.61019723831521
2018-08-14 18:30:00,150.87533333333334,90.0956,178.2,96.01286641199044,95.87724629480294
2018-08-14 18:45:00,113.23966666666666,47.4396,171.40001,58.21509322443785,81.68420943537535
2018-08-14 19:00:00,124.819,38.6392,142.0,72.68314677544873,31.579570115292483
2018-08-14 19:15:00,102.31433333333332,36.2036,118.4,56.26030931594613,14.457147694852381
2018-08-14 19:30:00,70.365,33.69,129.0,29.930198711626304,55.00313572334505
2018-08-14 19:45:00,58.34733333333334,30.9128,117.700005,37.9459653467224,62.43867164555053
2018-08-14 20:00:00,60.742333333333335,27.9568,154.5,42.71861867609033,107.81590871515283
2018-08-14 20:15:00,53.763333333333335,25.062,59.9,65.70744032216277,22.575955336811205
2018-08-14 20:30:00,35.323,21.7876,67.3,36.140018713534374,21.65788675552656
2018-08-14 20:45:00,31.79733333333333,18.44,46.3,51.067107400351716,-6.587357321327971
2018-08-14 21:00:00,21.456000000000003,14.0724,31.7,18.267200406982752,-20.237621370360998
2018-08-15 11:30:00,56.34866666666667,13.7056,83.3,24.77936061436924,62.862501941273536
2018-08-15 11:45:00,80.85733333333333,28.3712,110.700005,71.64456574589948,44.25453583867292
2018-08-15 12:00:00,94.87766666666668,58.5124,140.6,100.65385108529185,80.92988257943247
2018-08-15 12:15:00,120.27400000000002,85.2712,179.40001,144.3948813812155,132.59640420836394
2018-08-15 12:30:00,145.218,106.4108,227.5,157.8306008807943,170.00551237981773
2018-08-15 12:45:00,173.04333333333335,132.7672,247.1,181.0152803557424,187.2240968840627
2018-08-15 13:00:00,200.099,170.1992,264.2,201.39909292810808,226.31951834314714
2018-08-15 13:15:00,224.71833333333333,205.3476,289.30002,248.83822044572992,255.74672874651117
2018-08-15 13:30:00,280.68666666666667,248.4332,326.2,296.4111134210293,286.59656874329494
2018-08-15 13:45:00,296.6193333333333,318.0376,338.9,364.99362231925454,294.78947498038735
2018-08-15 14:00:00,347.4903333333333,412.4256,410.9,470.9790068826875,349.96681511022655
2018-08-15 14:15:00,403.5423333333334,498.0176,489.4,533.7657586038745,434.5958672464526
2018-08-15 14:30:00,425.16766666666666,571.5708,544.10004,571.7391164879725,472.6138418297694
2018-08-15 14:45:00,510.5196666666667,670.656,599.10004,657.3773386280675,539.4558374683995
2018-08-15 15:00:00,500.85766666666666,732.0312,700.4,693.4752174659291,661.544649724535
2018-08-15 15:15:00,597.7083333333334,756.5028,763.5,709.237761901618,706.118340896369
2018-08-15 15:30:00,753.1296666666666,757.344,781.5,722.5917879211203,728.6426969634787
2018-08-15 15:45:00,700.5626666666667,781.1808,794.10004,740.127202458454,739.8707622957953
2018-08-15 16:00:00,691.6686666666666,805.8224,802.3,767.0957392658856,751.9476069416669
2018-08-15 16:15:00,796.3366666666667,819.6588,806.0,787.0550625735531,754.303751271368
2018-08-15 16:30:00,794.853,825.4912,805.10004,789.7083681203733,749.3002250768552
2018-08-15 16:45:00,779.5360000000001,823.854,799.60004,783.13916189382,742.7310188503019
2018-08-15 17:00:00,774.0266666666666,821.974,789.7,775.4966934647746,729.9151619401164
2018-08-15 17:15:00,755.8983333333333,806.824,775.4,760.1514622651957,714.5699307405375
2018-08-15 17:30:00,729.4626666666667,786.864,756.8,740.53787239195,694.9563408672918
2018-08-15 17:45:00,707.2846666666667,762.6012,733.7,716.7700157650296,671.1884842403714
2018-08-15 18:00:00,670.4616666666666,734.172,713.3,688.9881826456448,665.5906015451809
2018-08-15 18:15:00,630.6803333333334,701.7188,682.10004,657.3594866070029,633.961905506539
2018-08-15 18:30:00,594.5943333333333,665.3956,647.0,622.0788369232286,598.6812558227647
2018-08-15 18:45:00,544.5366666666666,625.3936,608.2,581.8325910207977,559.9728574392548
2018-08-15 19:00:00,499.273,581.9292,565.9,538.1439852878639,518.0925192997047
2018-08-15 19:15:00,466.3763333333334,535.2436,520.4,493.3826865256648,466.18385353692577
2018-08-15 19:30:00,432.817,485.6112,472.0,446.07214471662064,418.8733117278816
2018-08-15 19:45:00,389.49300000000005,433.3468,421.2,396.59366901966473,369.3948360309257
2018-08-15 20:00:00,341.25266666666664,344.5836,368.1,298.7857176013853,318.1937857814695
2018-08-15 20:15:00,290.8426666666667,206.542,313.4,181.66359323539405,250.76749986686377
2018-08-15 20:30:00,246.71866666666668,116.1332,257.80002,121.67527582133224,197.85535432780196
2018-08-15 20:45:00,199.49033333333333,35.3492,202.1,69.12272125602513,150.02108341575413
2018-08-15 21:00:00,146.797,17.4984,152.6,20.60499779799946,96.21032635787495
2018-08-16 11:30:00,151.89966666666666,115.1708,130.90001,88.01601497947404,95.2680997115297
2018-08-16 11:45:00,203.428,164.6168,185.8,139.0971492480043,146.34923398005998
2018-08-16 12:00:00,252.071,231.7392,257.4,191.82706423193338,198.42508097082498
2018-08-16 12:15:00,300.3256666666667,327.4156,313.80002,288.9966084530011,251.52701349755677
2018-08-16 12:30:00,348.15933333333334,386.1916,369.4,346.35200111852527,319.15316812978625
2018-08-16 12:45:00,394.24966666666666,441.1592,423.2,397.76120143177445,370.56236844303544
2018-08-16 13:00:00,439.5706666666667,493.816,474.9,449.2628478864775,420.2557473043547
2018-08-16 13:15:00,485.0956666666667,543.7992,524.10004,498.3315108708085,479.55892118727576
2018-08-16 13:30:00,528.3373333333333,590.7988,570.7,548.7823307982881,524.5445635787446
2018-08-16 13:45:00,568.545,634.5444,614.2,590.8898305583508,566.6520633388074
2018-08-16 14:00:00,606.2856666666667,674.8012,654.4,629.826986985709,604.8795315795201
2018-08-16 14:15:00,642.1403333333333,711.3724,691.2,665.3367902806771,640.3893348744881
2018-08-16 14:30:00,672.393,744.0536,724.10004,697.1938504572041,672.2463950510152
2018-08-16 14:45:00,701.0020000000001,772.6736,753.4,725.2020869379843,710.2614722376669
2018-08-16 15:00:00,720.276,796.9912,777.8,749.1932281674476,734.2526134671302
2018-08-16 15:15:00,747.671,816.8836,798.8,769.025839749852,754.0852250495346
2018-08-16 15:30:00,763.5266666666666,832.3484,815.7,784.5847004709767,769.6440857706593
2018-08-16 15:45:00,733.274,843.31,828.0,795.7804080014132,781.854149914255
2018-08-16 16:00:00,742.2326666666667,849.7168,836.0,802.5491362301923,788.6228781430341
2018-08-16 16:15:00,791.5703333333333,851.534,839.3,804.8524931012531,790.9262350140949
2018-08-16 16:30:00,787.149,848.752,838.2,802.677446838674,788.7511887515158
2018-08-16 16:45:00,780.9386666666667,841.3848,832.7,796.0363028371484,782.1100447499902
2018-08-16 17:00:00,770.975,829.468,822.60004,784.966725457943,771.0404673707848
2018-08-16 17:15:00,756.5146666666666,813.0608,808.10004,769.531810165707,755.6055520785488
2018-08-16 17:30:00,737.3366666666666,792.2444,789.4,749.8202233617,744.0091328923396
2018-08-16 17:45:00,715.6793333333334,767.122,766.3,720.4812640270432,723.7390593609055
2018-08-16 18:00:00,689.2103333333333,737.716,738.10004,692.5859628837396,695.8437582176019
2018-08-16 18:15:00,660.5813333333333,704.1776,707.0,660.8366331606908,664.0944284945531
2018-08-16 18:30:00,629.7943333333334,666.7828,672.10004,623.8906929624312,628.6863358152144
2018-08-16 18:45:00,591.7016666666666,625.7272,633.4,583.2400921381252,589.8440025842922
2018-08-16 19:00:00,553.24,581.2336,591.2,541.2195794840308,547.8234899301978
2018-08-16 19:15:00,507.845,533.5532,545.8,496.3120136533227,502.9159240994897
2018-08-16 19:30:00,460.9046666666666,482.9752,497.4,444.0832704873351,451.84929412319934
2018-08-16 19:45:00,411.9926666666667,429.8352,446.5,394.44601243829845,394.09686845636486
2018-08-16 20:00:00,363.3416666666666,374.53,393.30002,339.2928089849234,342.72989890496734
2018-08-16 20:15:00,311.7816666666667,317.5456,338.4,284.97758655977395,290.16563969087747
2018-08-16 20:30:00,258.43566666666663,259.5,282.1,219.813366321943,236.05304470481653
2018-08-16 20:45:00,204.0353333333333,159.8324,225.3,142.17196806632407,179.39814718924887
2018-08-16 21:00:00,150.09566666666666,32.0292,168.0,25.999219434430373,122.8480572869084
2018-08-17 11:30:00,155.8203333333333,121.1792,140.6,91.01726238946637,98.26934712152203
2018-08-17 11:45:00,207.33766666666668,169.3584,196.2,142.396381179163,143.84144000179484
2018-08-17 12:00:00,258.56466666666665,221.1476,259.0,195.353699041672,206.66999943382288
2018-08-17 12:15:00,306.5926666666667,274.8236,315.0,248.6383610438022,255.2363777826938
2018-08-17 12:30:00,353.95633333333336,342.9616,370.2,298.8165398934439,307.97709287195954
2018-08-17 12:45:00,401.72,423.6404,423.7,389.2654320508115,359.51311462222264
2018-08-17 13:00:00,448.32233333333335,450.4868,475.2,409.02264133964695,424.34989229713597
2018-08-17 13:15:00,494.496,540.462,524.3,499.169054078025,471.970221089286
2018-08-17 13:30:00,537.6083333333333,588.476,570.5,546.0369444687858,517.029843886663
2018-08-17 13:45:00,578.4896666666666,631.2736,613.7,588.20409556405,559.1969949819272
2018-08-17 14:00:00,617.303,670.6904,653.8,627.1874263012918,605.3276927197488
2018-08-17 14:15:00,653.0686666666667,706.5124,690.3,662.7305563987045,645.4958142340927
2018-08-17 14:30:00,684.7199999999999,738.5468,723.2,694.6085842430434,677.3738420784316
2018-08-17 14:45:00,711.7139999999999,766.622,752.10004,722.6258293735972,705.3910872089854
2018-08-17 15:00:00,736.1346666666667,790.6028,776.9,746.6143673515927,729.3796251869809
2018-08-17 15:15:00,755.8713333333333,810.3648,797.9,766.4330818494047,748.4886514981474
2018-08-17 15:30:00,770.9646666666666,825.7928,814.60004,781.9670571310203,764.022626779763
2018-08-17 15:45:00,784.3453333333333,836.8068,827.0,793.1271950858267,775.1827647345693
2018-08-17 16:00:00,793.1533333333333,843.3512,834.9,799.8499802635829,791.9123906181972
2018-08-17 16:15:00,797.8073333333334,845.392,838.5,802.0973427476486,794.1597531022628
2018-08-17 16:30:00,797.7336666666666,842.9184,837.4,799.8565873737352,791.9189977283495
2018-08-17 16:45:00,791.4419999999999,835.942,832.0,793.1403719603701,785.2027823149843
2018-08-17 17:00:00,774.932,824.4968,822.0,781.9867290130634,775.0634959808368
2018-08-17 17:15:00,749.9506666666667,808.6396,807.60004,764.6508688303381,759.5359033914954
2018-08-17 17:30:00,728.9456666666666,788.4504,788.7,744.8383868870682,739.7234214482254
2018-08-17 17:45:00,696.313,764.0324,765.7,720.8558930635547,715.740927624712
2018-08-17 18:00:00,667.9873333333333,735.4108,737.60004,692.8444647187422,687.7294992798994
2018-08-17 18:15:00,650.1360000000001,702.7396,706.3,660.9719862122128,655.85702077337
2018-08-17 18:30:00,625.886,666.2964,671.2,625.4340962021636,620.3191307633208
2018-08-17 18:45:00,593.042,626.2768,632.5,586.4556518422736,581.3406864034308
2018-08-17 19:00:00,553.0473333333333,582.8976,590.5,544.2929848589919,539.1780194201491
2018-08-17 19:15:00,509.254,536.3976,545.10004,499.2373889995794,494.12242356073665
2018-08-17 19:30:00,463.27,487.044,496.9,451.62056507557134,446.50559963672856
2018-08-17 19:45:00,414.061,435.1428,446.30002,397.0574512329264,396.7083072509928
2018-08-17 20:00:00,363.0026666666666,381.0604,393.7,345.523620860863,345.1744768789294
2018-08-17 20:15:00,315.923,325.2332,339.2,292.78423332663715,292.43508934470356
2018-08-17 20:30:00,262.92133333333334,268.1992,283.4,233.96260080043496,238.1362973183793
2018-08-17 20:45:00,209.81733333333327,161.1864,227.1,144.0524717280143,175.17086181132728
2018-08-17 21:00:00,157.14666666666665,22.1992,168.1,23.910888249429533,119.87289386466391
2018-08-18 11:30:00,153.43133333333333,107.9408,137.7,86.48669759106794,101.34483281445661
2018-08-18 11:45:00,203.19566666666665,151.3764,192.7,139.96788847031678,153.01984655442322
2018-08-18 12:00:00,252.2813333333333,200.7244,246.8,193.15100204763584,206.2029601317423
2018-08-18 12:15:00,301.3306666666667,268.6892,302.5,253.99555913496175,259.6687635569588
2018-08-18 12:30:00,347.5023333333333,370.7368,357.4,331.7712493683761,314.8085189606613
2018-08-18 12:45:00,394.2553333333333,407.2424,410.7,359.1942895664618,358.41281640667177
2018-08-18 13:00:00,442.4603333333333,426.9312,462.0,408.4515550998933,405.97978576700757
2018-08-18 13:15:00,488.375,525.1324,510.9,490.93057505184646,453.68735186153884
2018-08-18 13:30:00,531.554,573.8492,557.3,539.9927754289664,498.81850861378086
2018-08-18 13:45:00,573.4856666666667,616.9436,600.60004,582.2169769450645,544.4473255321006
2018-08-18 14:00:00,614.004,656.6388,640.5,621.2437437524642,587.0132750024642
2018-08-18 14:15:00,647.7776666666667,692.7152,677.0,660.6035765851198,627.8522652829347
2018-08-18 14:30:00,680.8796666666666,724.9788,709.9,692.4996121351402,659.7483008329551
2018-08-18 14:45:00,709.0226666666666,753.2588,738.8,720.5228216976569,687.7715103954719
2018-08-18 15:00:00,733.0593333333333,777.3996,763.5,744.5056456268045,711.7543343246194
2018-08-18 15:15:00,752.798,797.2756,784.5,764.3073032484622,728.6649816618533
2018-08-18 15:30:00,769.6133333333333,812.7968,801.0,779.8132017816131,744.1708801950042
2018-08-18 15:45:00,781.3743333333333,823.8864,813.4,790.9345646874897,753.4649697320453
2018-08-18 16:00:00,788.2353333333334,830.4876,821.2,797.6082043902076,760.1386094347632
2018-08-18 16:15:00,787.1983333333334,826.1292,824.5,792.079112643296,762.3267952147071
2018-08-18 16:30:00,793.2293333333332,814.4588,823.5,772.468215777973,760.0171854043997
2018-08-18 16:45:00,788.4226666666667,822.45,818.0,786.9061679983467,757.2580576086373
2018-08-18 17:00:00,773.6926666666666,811.6956,808.0,779.4516719446773,757.0186604128475
2018-08-18 17:15:00,745.664,795.8164,793.60004,763.8284671203334,741.3954555885035
2018-08-18 17:30:00,720.198,775.5908,774.9,740.1260238281502,721.4792461982979
2018-08-18 17:45:00,686.563,751.1212,751.9,716.0321042864139,697.3853266565616
2018-08-18 18:00:00,693.397,722.344,724.0,687.9019695708964,676.402558941624
2018-08-18 18:15:00,665.107,689.414,692.9,655.9039135907442,644.4045029614717
2018-08-18 18:30:00,641.2716666666668,652.696,658.0,618.4830010233644,613.3595450220827
2018-08-18 18:45:00,603.3626666666667,612.3876,619.4,579.3663669448682,574.2429109435865
2018-08-18 19:00:00,561.6026666666666,568.7148,577.3,534.8795878703061,531.9362122828427
2018-08-18 19:15:00,515.6176666666667,521.9348,532.0,482.5883146803539,486.73092999865224
2018-08-18 19:30:00,467.8543333333334,472.342,483.80002,432.0162655530257,438.95879141667314
2018-08-18 19:45:00,419.1763333333334,420.2784,433.30002,382.0577990577805,389.000324921428
2018-08-18 20:00:00,367.475,366.146,380.7,317.11043669196596,332.67381407233705
2018-08-18 20:15:00,316.64000000000004,310.4296,326.30002,270.0259190722143,272.6114721222555
2018-08-18 20:30:00,266.04066666666665,253.7436,270.7,218.11874495615064,219.1408441530615
2018-08-18 20:45:00,212.18166666666667,196.9212,214.90001,149.85447088724044,150.94355837350753
2018-08-18 21:00:00,155.84133333333332,141.7936,158.1,94.96037590723598,101.15913403254116
2018-08-19 11:30:00,4.953333333333333,13.3712,52.9,27.659593421089838,-10.20068184746485
2018-08-19 11:45:00,7.837333333333333,16.9196,77.200005,61.49181999624639,27.724074024566704
2018-08-19 12:00:00,23.688333333333333,20.1516,105.3,61.23130989837935,44.83386421966841
2018-08-19 12:15:00,35.24666666666667,23.4868,134.5,63.06944623235643,88.76202740911424
2018-08-19 12:30:00,33.227333333333334,32.062,136.2,57.91835061849457,89.99151651204926
2018-08-19 12:45:00,34.82833333333333,50.1948,176.3,57.08221312558226,126.88758727109007
2018-08-19 13:00:00,40.47533333333333,56.5308,170.40001,72.83952613262784,133.5061215916122
2018-08-19 13:15:00,45.147666666666666,67.5424,199.8,78.95712097684208,123.31991394559208
2018-08-19 13:30:00,47.122,77.5076,196.0,102.82332759247413,118.2308898483335
2018-08-19 13:45:00,51.59066666666667,78.6984,196.40001,132.8113798558253,102.32575363512217
2018-08-19 14:00:00,54.086666666666666,121.8044,170.3,171.8787846550789,64.10611009453203
2018-08-19 14:15:00,60.008,157.8012,179.0,207.4799456388887,44.73565242599807
2018-08-19 14:30:00,73.77866666666667,186.4924,184.40001,239.39099075234572,149.7765803519551
2018-08-19 14:45:00,84.32566666666666,212.7584,203.3,267.4170926776595,44.2276090350814
2018-08-19 15:00:00,77.39433333333334,243.7012,235.40001,291.3910739921124,201.77666359172179
2018-08-19 15:15:00,80.25066666666666,277.1236,192.5,311.17250704461605,84.09569430047543
2018-08-19 15:30:00,89.27600000000001,293.3696,215.3,326.6471392819176,84.58070251433946
2018-08-19 15:45:00,90.49366666666668,309.4436,218.90001,332.4469918695255,155.06286711366613
2018-08-19 16:00:00,95.73666666666666,302.4508,222.90001,344.34784515132094,76.02884490718031
2018-08-19 16:15:00,90.706,303.8944,212.2,346.4737013836533,78.15470113951267
2018-08-19 16:30:00,91.13466666666666,320.1724,185.40001,344.7531407855871,87.00774893988398
2018-08-19 16:45:00,98.96066666666668,313.634,231.0,337.87755435673023,227.8662933704021
2018-08-19 17:00:00,111.33466666666666,299.738,224.0,320.60621907960126,102.69627645264814
2018-08-19 17:15:00,109.49533333333332,276.6764,218.7,310.16407082116564,86.97458717858751
2018-08-19 17:30:00,107.29266666666666,263.0068,206.6,284.8618308552668,66.95188822831369
2018-08-19 17:45:00,112.47766666666666,244.5292,215.3,264.97526030058407,95.72669462675594
2018-08-19 18:00:00,126.893,217.5468,217.2,302.6442730680402,74.93776061686833
2018-08-19 18:15:00,132.992,180.3576,213.2,206.21709249233925,124.69167134976112
2018-08-19 18:30:00,110.56133333333334,123.7064,211.5,169.75190674291207,104.46366821752144
2018-08-19 18:45:00,126.85,60.4084,199.40001,74.28480851734787,89.391528488051
2018-08-19 19:00:00,116.23333333333332,41.3,163.6,88.042602708088,74.43350236629112
2018-08-19 19:15:00,88.85300000000001,38.3408,126.9,51.051107347346374,29.076986253596374
2018-08-19 19:30:00,73.135,35.8824,109.1,24.49399664330349,77.89988043236599
2018-08-19 19:45:00,77.69800000000001,33.0992,97.8,24.00934693447539,22.623940440334763
2018-08-19 20:00:00,59.522666666666666,30.1132,90.700005,54.936147025087905,46.296803763369155
2018-08-19 20:15:00,47.23033333333333,27.1304,70.6,60.03402039288807,33.918404548161504
2018-08-19 20:30:00,35.91866666666667,23.8784,47.0,55.80086647732793,13.285821311312304
2018-08-19 20:45:00,26.128666666666668,20.4224,28.6,60.465865394489924,-21.292175987346013
2018-08-19 21:00:00,19.61833333333333,16.7768,7.2000003,24.787160876362222,-38.188104626567466
2018-08-20 11:30:00,44.029,17.97,92.5,30.881006257852732,55.41279794486445
2018-08-20 11:45:00,57.55233333333333,39.1936,125.700005,66.98010144940739,61.10592542401676
2018-08-20 12:00:00,75.10133333333333,63.8584,141.3,96.44002529042092,82.63008876698342
2018-08-20 12:15:00,97.92833333333331,79.0196,174.2,118.78810264935134,127.6167311893904
2018-08-20 12:30:00,87.43299999999999,96.864,193.40001,122.08248951835435,145.85685780448716
2018-08-20 12:45:00,103.14366666666666,127.4432,216.5,174.73241993751003,178.97733876075222
2018-08-20 13:00:00,141.43400000000003,171.0492,244.2,224.8400593729956,199.85762223920653
2018-08-20 13:15:00,186.61266666666668,204.7368,276.0,230.3277867310283,229.047925280833
2018-08-20 13:30:00,212.97433333333336,218.9232,310.80002,257.1290702418645,248.48972698014575
2018-08-20 13:45:00,235.85466666666665,261.6584,322.5,299.45928863489917,268.1431570431023
2018-08-20 14:00:00,284.9386666666667,331.8704,341.2,357.0297490613924,278.8105107801424
2018-08-20 14:15:00,333.3433333333333,397.456,385.30002,432.3790319164044,347.98675896718566
2018-08-20 14:30:00,365.884,438.8812,448.1,513.5343243239306,397.47393003682123
2018-08-20 14:45:00,348.54133333333334,469.9632,485.4,529.4640931690483,425.49982925303266
2018-08-20 15:00:00,366.53133333333335,526.53,488.80002,568.0969888843791,429.0460550464885
2018-08-20 15:15:00,384.2126666666666,555.8684,497.2,582.88035631843,429.64442492194564
2018-08-20 15:30:00,388.9506666666667,588.6616,512.5,647.786024069275,445.08460805364996
2018-08-20 15:45:00,483.9626666666667,605.8428,545.3,646.5106237031215,495.6942937470668
2018-08-20 16:00:00,542.9276666666667,600.4532,556.60004,655.1687829143508,502.2601220256789
2018-08-20 16:15:00,476.317,586.0064,542.5,620.5722087055153,481.6437419086403
2018-08-20 16:30:00,392.018,570.7512,504.0,618.5476949272796,426.3211476860687
2018-08-20 16:45:00,339.76166666666666,555.0872,459.4,582.291688170698,388.4793712761667
2018-08-20 17:00:00,314.43266666666665,532.8984,443.9,579.5093014421043,357.64843108077616
2018-08-20 17:15:00,332.21066666666667,497.0112,437.6,534.4855475360374,383.77952336611554
2018-08-20 17:30:00,333.9836666666667,454.9704,418.0,483.37427075642563,363.6476472212694
2018-08-20 17:45:00,311.77666666666664,416.4524,388.4,431.8402907459142,316.7761733142736
2018-08-20 18:00:00,295.963,360.9104,371.7,383.78281962099913,293.85801493349913
2018-08-20 18:15:00,256.6186666666666,307.202,344.6,326.6764057402802,269.0680073027802
2018-08-20 18:30:00,256.043,265.2848,298.80002,270.0910708954493,223.85098910833995
2018-08-20 18:45:00,227.9753333333333,199.2876,292.7,208.99981450167888,211.68777226535076
2018-08-20 19:00:00,186.09566666666663,113.8876,254.3,124.72500894865118,193.51596353849493
2018-08-20 19:15:00,151.76266666666666,42.106,211.5,53.956362517746754,143.20395162907488
2018-08-20 19:30:00,124.862,36.736,162.0,27.241449987712713,99.92022196036896
2018-08-20 19:45:00,113.09666666666666,44.2668,111.1,59.91854926215649,49.63644476996899
2018-08-20 20:00:00,94.185,54.2436,80.9,84.56086960084713,26.035356905534627
2018-08-20 20:15:00,71.92,29.5736,142.2,62.27319606356491,86.71423610262741
2018-08-20 20:30:00,56.25533333333333,25.2172,108.3,57.85418446690889,44.35424550206514
2018-08-20 20:45:00,35.06266666666667,21.5408,80.0,62.318652903836636,24.339648997586636
2018-08-20 21:00:00,29.51066666666667,17.7388,63.3,26.41442340547691,4.37993854219566
2018-08-21 11:30:00,91.918,124.7924,105.5,105.33485218242997,71.29791065410966
2018-08-21 11:45:00,169.76866666666666,235.5984,183.0,200.3709481068511,143.22554710587454
2018-08-21 12:00:00,237.171,298.6844,257.0,258.98541550686434,217.4040670876749
2018-08-21 12:15:00,360.8633333333333,358.0932,319.80002,314.7915791210116,263.2569893535555
2018-08-21 12:30:00,399.59133333333335,395.0892,376.5,361.5440597278229,323.5273570758454
2018-08-21 12:45:00,451.4993333333333,396.7528,431.30002,369.4994471999043,380.8157475920552
2018-08-21 13:00:00,500.9123333333334,470.988,484.4,421.9314054209039,428.1301635462091
2018-08-21 13:15:00,545.854,573.5936,535.0,525.3042692397719,474.25756017910294
2018-08-21 13:30:00,587.275,623.7044,582.9,575.430496399837,519.5878240518146
2018-08-21 13:45:00,627.747,668.0216,627.7,617.8095518674376,577.0034629430296
2018-08-21 14:00:00,665.7816666666666,708.7836,669.0,656.9496219589067,616.1435330344988
2018-08-21 14:15:00,702.519,745.7772,706.60004,692.5970149053609,658.9382929815328
2018-08-21 14:30:00,736.347,778.812,740.10004,724.5289559230403,695.4952254161433
2018-08-21 14:45:00,766.4233333333334,807.7188,769.8,752.551539289001,723.517808782104
2018-08-21 15:00:00,791.2946666666667,832.2292,796.60004,776.4984032394227,746.7549845458802
2018-08-21 15:15:00,810.5333333333333,852.2196,817.5,796.2298773103153,766.4864586167728
2018-08-21 15:30:00,826.7273333333334,867.7116,833.8,811.6324402956106,781.8890216020682
2018-08-21 15:45:00,835.285,878.6296,845.7,822.6183823255009,802.88180433783
2018-08-21 16:00:00,822.662,884.9212,853.0,829.1256004600766,809.3890224724057
2018-08-21 16:15:00,667.6113333333334,886.5556,856.10004,831.1174814787109,811.38090349104
2018-08-21 16:30:00,847.2710000000001,883.526,854.60004,828.5828428618258,808.8462648741549
2018-08-21 16:45:00,843.1533333333333,875.8468,848.4,821.5359162060075,801.7993382183366
2018-08-21 17:00:00,833.58,863.556,837.8,810.0163684467374,791.2941470722257
2018-08-21 17:15:00,819.1243333333333,846.7144,822.4,794.0893667907081,775.3671454161964
2018-08-21 17:30:00,801.0756666666667,825.4052,802.7,773.8457045612083,755.1234831866966
2018-08-21 17:45:00,775.952,799.734,778.5,749.402018776227,730.6797974017153
2018-08-21 18:00:00,746.1566666666666,769.7392,748.5,720.9011482530984,702.1789268785867
2018-08-21 18:15:00,713.9023333333333,735.576,716.0,688.5127064205423,669.7904850460305
2018-08-21 18:30:00,678.618,697.5124,679.60004,647.6380174574457,633.7117593702875
2018-08-21 18:45:00,638.4689999999999,655.7444,639.5,608.0953658150329,593.1547511147155
2018-08-21 19:00:00,594.6650000000001,610.4908,596.0,565.3463740715997,550.4057593712823
2018-08-21 19:15:00,533.6243333333333,561.9944,549.10004,519.6831958507689,504.7425811504515
2018-08-21 19:30:00,176.84533333333331,510.5264,499.30002,465.9725900618804,456.49715289757376
2018-08-21 19:45:00,190.601,427.8448,447.1,389.8097929684098,396.04263064541175
2018-08-21 20:00:00,300.47166666666664,288.096,392.9,311.47406984254917,343.8342239944657
2018-08-21 20:15:00,277.114,203.3536,336.9,194.2517160779788,291.10055393045684
2018-08-21 20:30:00,92.19866666666668,145.484,280.0,140.2236235421178,227.47234657220812
2018-08-21 20:45:00,83.06866666666666,26.5728,218.6,64.16093526073837,156.50132260509872
2018-08-21 21:00:00,57.16066666666666,18.32,151.7,28.033043437651358,99.06016402786132
2018-08-22 11:30:00,186.82166666666663,136.9724,145.8,107.11925299398207,114.37133772603774
2018-08-22 11:45:00,238.6123333333333,202.0588,202.0,157.38888263699667,167.20350360867636
2018-08-22 12:00:00,291.09433333333334,282.1128,272.7,243.28160159039703,216.5289847080728
2018-08-22 12:15:00,345.1433333333333,315.3712,330.6,274.4955177787457,279.5044689658795
2018-08-22 12:30:00,399.577,397.8824,387.5,365.72340262705177,328.25380767160743
2018-08-22 12:45:00,453.67333333333335,428.6236,442.6,385.2618863768147,380.39285351701244
2018-08-22 13:00:00,503.8876666666667,522.898,496.0,476.275081037822,445.7301329367783
2018-08-22 13:15:00,547.4616666666666,575.3212,546.3,529.7721317642058,493.7620061271513
2018-08-22 13:30:00,591.1346666666667,622.608,593.7,575.1633499581322,539.1532243210778
2018-08-22 13:45:00,635.463,666.5892,637.9,617.5883830717622,593.3506158522188
2018-08-22 14:00:00,676.0903333333333,707.0308,678.7,656.7603840262042,632.5226168066607
2018-08-22 14:15:00,714.4603333333333,743.7208,716.10004,697.2223362967914,668.1886057898944
2018-08-22 14:30:00,747.7620000000001,776.4684,749.7,729.1601114961607,699.4166928026182
2018-08-22 14:45:00,778.7396666666666,805.1052,779.2,757.1762528108765,727.432834117334
2018-08-22 15:00:00,806.1903333333333,829.3748,801.60004,781.1048313272075,751.361412633665
2018-08-22 15:15:00,827.101,849.1528,822.60004,800.8065802099121,771.0631615163696
2018-08-22 15:30:00,843.0003333333334,864.45,839.2,816.1683688541292,796.4317908664583
2018-08-22 15:45:00,857.3913333333333,875.1908,851.3,827.1028760946045,807.3662981069336
2018-08-22 16:00:00,865.737,881.3224,858.8,833.5483933338347,813.8118153461638
2018-08-22 16:15:00,870.9013333333334,882.8152,861.7,835.4687122214303,815.7321342337594
2018-08-22 16:30:00,869.8173333333333,879.6612,860.0,832.853068501126,813.1164905134551
2018-08-22 16:45:00,864.4193333333333,871.876,853.5,825.7161266615403,806.9939052870286
2018-08-22 17:00:00,852.9353333333333,859.4968,842.60004,809.302037710108,795.3757796229498
2018-08-22 17:15:00,837.2046666666666,842.5852,827.0,793.2683557987319,779.3420977115737
2018-08-22 17:30:00,817.9256666666666,821.224,807.10004,772.9103815775408,758.9841234903826
2018-08-22 17:45:00,792.1533333333333,795.5192,782.8,748.3452286976468,734.4189706104886
2018-08-22 18:00:00,763.1853333333333,765.5224,751.5,719.7162126371726,704.7755979368552
2018-08-22 18:15:00,728.4466666666667,731.3868,718.9,687.1934152127769,672.2528005124595
2018-08-22 18:30:00,692.9846666666667,693.3652,682.60004,650.974572491709,636.0339577913916
2018-08-22 18:45:00,651.686,651.6552,642.5,605.821277404171,596.3458402398644
2018-08-22 19:00:00,607.948,606.4768,598.9,562.9218240190224,553.4463868547158
2018-08-22 19:15:00,564.006,558.0756,552.2,515.5655995770355,507.62800993164984
2018-08-22 19:30:00,516.5986666666666,506.7292,502.80002,465.35207789257674,459.2227558405748
2018-08-22 19:45:00,464.268,452.7552,450.6,414.7398165377376,404.7114428194759
2018-08-22 20:00:00,411.9003333333333,396.5276,396.4,357.5957409080658,346.22539960710145
2018-08-22 20:15:00,354.8756666666667,338.498,340.30002,303.97609482114876,293.3154417068299
2018-08-22 20:30:00,297.8943333333333,279.228,283.30002,245.97667943486363,239.10226022252232
2018-08-22 20:45:00,239.25233333333333,219.46,225.6,180.9988819189034,173.36913881969076
2018-08-22 21:00:00,182.08633333333333,124.6488,166.90001,99.22460900297617,105.82262574186777
2018-08-23 11:30:00,189.1323333333333,182.4332,154.5,149.08211348493046,117.8037836356873
2018-08-23 11:45:00,243.979,242.1812,211.5,207.7328819234685,170.91735496118824
2018-08-23 12:00:00,297.706,285.5988,274.1,247.20999137127927,217.05275908673337
2018-08-23 12:15:00,353.5113333333333,299.3296,332.1,272.2871261102576,278.338035152616
2018-08-23 12:30:00,406.9796666666667,354.0812,389.0,325.8933620384719,337.20966243062276
2018-08-23 12:45:00,460.1193333333333,426.3556,444.4,380.37247547194113,384.74396022841086
2018-08-23 13:00:00,511.20866666666666,525.43,497.7,480.71884567410444,435.13731414944624
2018-08-23 13:15:00,558.4240000000001,578.222,548.4,534.2903809079739,498.28025527091944
2018-08-23 13:30:00,601.6546666666667,625.7908,596.10004,579.7397327307822,543.7296070937277
2018-08-23 13:45:00,645.5353333333334,670.0816,641.0,622.2078311452149,593.3450725087403
2018-08-23 14:00:00,685.5716666666667,710.8544,682.3,661.4087722173019,637.1710049977585
2018-08-23 14:15:00,723.763,747.8916,720.4,701.8862661842718,672.8525356773748
2018-08-23 14:30:00,757.2710000000001,780.9976,754.60004,733.8267732684619,704.0833545749194
2018-08-23 14:45:00,787.74,809.9996,784.9,761.8333383471657,742.0967603594949
2018-08-23 15:00:00,813.9116666666666,834.7464,811.8,785.7404816161568,766.0039036284859
2018-08-23 15:15:00,835.0066666666667,855.1316,833.10004,805.4093561682128,786.687134793701
2018-08-23 15:30:00,850.2313333333333,871.038,849.9,820.7272382363391,802.0050168618274
2018-08-23 15:45:00,862.0173333333333,882.3772,862.2,831.6072114589715,812.8849900844598
2018-08-23 16:00:00,869.899,889.0924,870.0,837.9879774842544,819.2657561097427
2018-08-23 16:15:00,873.0636666666667,891.1492,873.0,839.8337484920215,821.1115271175098
2018-08-23 16:30:00,870.6519999999999,888.536,871.4,837.1341938673249,818.4119724928132
2018-08-23 16:45:00,864.0556666666666,881.2628,865.2,829.9044260563948,822.9010805668928
2018-08-23 17:00:00,850.9413333333334,869.3632,854.3,818.1850214453341,811.1816759558321
2018-08-23 17:15:00,834.0733333333334,852.8932,838.7,802.0420823707811,795.0387368812792
2018-08-23 17:30:00,813.066,831.9316,818.7,781.567357436283,774.5640119467811
2018-08-23 17:45:00,790.004,806.5804,794.3,756.8784506684256,749.8751051789236
2018-08-23 18:00:00,762.9246666666667,776.5632,766.10004,728.1191676972591,721.1158222077571
2018-08-23 18:15:00,731.5833333333334,742.0588,733.10004,695.4600720707348,688.4567265812328
2018-08-23 18:30:00,693.0756666666667,703.6592,696.3,654.3033985365568,652.0960163344083
2018-08-23 18:45:00,651.425,661.5652,655.8,614.4682703917563,612.2608881896078
2018-08-23 19:00:00,610.0939999999999,615.9988,611.9,571.4170308869242,569.2096486847757
2018-08-23 19:15:00,565.3813333333333,567.2068,564.8,519.9771893293317,519.6312763959821
2018-08-23 19:30:00,513.5173333333333,515.4832,514.60004,471.4112756299156,462.95019507876816
2018-08-23 19:45:00,464.53633333333335,461.1228,461.9,417.2877635013815,412.17279806253873
2018-08-23 20:00:00,408.3133333333333,404.4816,407.2,364.73941566923355,359.6244502303908
2018-08-23 20:15:00,346.98266666666666,346.0052,350.4,310.9435928557474,304.81427080374544
2018-08-23 20:30:00,289.4796666666667,286.248,292.30002,251.78004758974967,240.40970628878532
2018-08-23 20:45:00,232.59933333333336,225.9288,233.7,192.08464697162702,186.96119097034529
2018-08-23 21:00:00,175.24366666666668,166.406,171.5,127.28900915982588,107.42259318234785
2018-08-24 11:30:00,162.04333333333335,125.58,154.90001,106.44594837286641,121.30408359625508
2018-08-24 11:45:00,205.801,170.7212,211.5,161.64348183868628,174.69543992279273
2018-08-24 12:00:00,247.89366666666663,218.9776,269.2,216.13555733649187,229.18751542059832
2018-08-24 12:15:00,289.78633333333335,269.222,326.30002,270.6450030435749,283.69696112768133
2018-08-24 12:30:00,333.526,341.5392,382.4,322.58110815781214,339.68886095779993
2018-08-24 12:45:00,375.763,447.9568,436.7,409.0150899319948,383.995716038257
2018-08-24 13:00:00,422.7043333333333,503.1264,489.2,462.29831054866054,432.14107826411464
2018-08-24 13:15:00,470.5633333333333,553.1724,538.8,519.7424307596607,480.31912715553466
2018-08-24 13:30:00,512.2143333333333,600.2972,585.60004,566.9979979258022,532.7675291758022
2018-08-24 14:00:00,588.8506666666667,684.6512,669.4,652.5192896520409,619.7679783498559
2018-08-24 14:15:00,624.298,721.4008,705.9,688.2132831808836,655.4619718786986
2018-08-24 14:30:00,655.2173333333334,754.2612,738.4,720.1534063641532,687.4020950619681
2018-08-24 14:45:00,685.0536666666667,783.06,767.0,748.1472581715309,715.3959468693458
2018-08-24 15:00:00,712.158,807.2612,785.2,772.0298238293965,727.0693231122334
2018-08-24 15:15:00,730.5326666666666,801.886,805.60004,759.0621302438651,750.1068070245658
2018-08-24 15:30:00,750.0673333333333,730.6684,821.5,722.2738184334615,765.3776773812154
2018-08-24 15:45:00,717.744,643.7344,804.9,685.9699588972472,777.4988704878234
2018-08-24 16:00:00,806.0243333333333,533.166,698.4,574.5684302829864,645.993387558377
2018-08-24 16:15:00,464.148,437.2004,514.10004,434.3371337841903,451.31827392090906
2018-08-24 16:30:00,305.60266666666666,383.9936,370.2,393.62620330155085,257.6594674617071
2018-08-24 16:45:00,242.008,350.2608,294.6,401.52578360845666,134.9173241358004
2018-08-24 17:00:00,167.99566666666666,319.2828,257.7,341.0039599593264,123.09401733237326
2018-08-24 17:15:00,149.76933333333332,289.1016,227.0,330.02881264195946,106.83932899938134
2018-08-24 17:30:00,146.99566666666666,261.0608,214.8,309.4349896148775,86.24550597229938
2018-08-24 17:45:00,167.44133333333332,230.5508,202.2,284.6201395192545,61.43065587667638
2018-08-24 18:00:00,95.442,204.1696,193.90001,255.728571074068,32.53908743148986
2018-08-24 18:15:00,66.942,178.736,188.90001,222.93134230892133,73.9681770257182
2018-08-24 18:30:00,51.86233333333334,133.192,182.0,186.42712595613887,37.79977610262324
2018-08-24 18:45:00,47.96866666666666,86.806,176.6,173.05903648572087,83.89598106579899
2018-08-24 19:00:00,53.304,66.9212,163.2,103.23932608182895,86.39850576932895
2018-08-24 19:15:00,65.049,39.372,162.5,69.39793405210946,84.80549630796884
2018-08-24 19:30:00,66.65166666666667,36.6764,177.1,34.617242302148384,124.30730577871088
2018-08-24 19:45:00,48.283,33.7304,136.40001,49.24730318428897,84.96394747139834
2018-08-24 20:00:00,41.617333333333335,30.23,130.40001,66.88798755828913,84.07339710418756
2018-08-24 20:15:00,36.957,26.35,99.6,73.76858548601871,51.299026770198395
2018-08-24 20:30:00,37.094,23.2612,137.0,68.33042167643319,95.95871757487069
2018-08-24 20:45:00,37.861,19.9052,72.5,67.64358486368275,21.354003564854622
2018-08-24 21:00:00,36.39533333333333,15.1356,41.3,32.83258014778602,-17.074951590495232
2018-08-25 11:30:00,50.54633333333334,17.4376,102.8,48.0366828521305,57.75808025203284
2018-08-25 11:45:00,71.49533333333333,32.4392,135.6,63.286921706960186,76.32109376506565
2018-08-25 12:00:00,97.893,57.6488,175.0,77.73319043431528,118.54247082982309
2018-08-25 12:15:00,121.65433333333334,87.48,210.3,137.32211750193255,156.93809955759662
2018-08-25 12:30:00,143.10866666666666,126.0608,243.40001,170.54289482576576,171.96795891267982
2018-08-25 12:45:00,177.892,164.9088,278.2,212.95791860322998,249.06453176240967
2018-08-25 13:00:00,204.07,205.6084,307.4,244.38429408114843,269.3047194961875
2018-08-25 13:15:00,233.6726666666667,243.722,335.4,295.2947606283119,299.5396794515541
2018-08-25 13:30:00,259.243,293.9564,359.5,340.8516793635664,315.86924222977734
2018-08-25 13:45:00,307.5286666666667,365.2376,383.6,409.9341699524074,339.7300226135402
2018-08-25 14:00:00,367.8056666666667,461.26,430.80002,503.97130998066905,393.8674891798878
2018-08-25 14:15:00,400.814,571.3464,495.9,579.297394551381,462.59497145567786
2018-08-25 14:30:00,441.483,663.872,544.2,670.1777276662914,494.5315866140453
2018-08-25 14:45:00,514.2706666666667,756.674,634.60004,715.101424513132,580.3688891508883
2018-08-25 15:00:00,579.2083333333334,808.9948,740.7,776.7165453277149,707.025715097002
2018-08-25 15:15:00,638.3686666666667,848.7136,797.9,804.4222352701966,759.4947717387024
2018-08-25 15:30:00,724.9573333333334,864.8436,851.60004,819.6430210359537,800.1607431657754
2018-08-25 15:45:00,764.3576666666667,875.5384,863.2,830.404779440218,817.0302906096516
2018-08-25 16:00:00,842.2706666666667,881.6196,870.2,836.6470789820498,827.1716418177432
2018-08-25 16:15:00,858.06,883.0576,873.0,838.3350184571349,828.8595812928282
2018-08-25 16:30:00,853.957,879.842,871.10004,835.4591791526245,825.9837419883179
2018-08-25 16:45:00,845.7273333333334,871.9876,864.5,828.035613010749,818.5601758464423
2018-08-25 17:00:00,833.548,859.532,853.4,816.1058630702937,806.6304259059871
2018-08-25 17:15:00,816.203,842.5372,837.7,798.1991749916189,791.2759419593923
2018-08-25 17:30:00,790.3226666666667,821.086,817.60004,777.4840019371126,770.560768904886
2018-08-25 17:45:00,766.723,795.2852,793.10004,752.5411202945277,745.6178872623011
2018-08-25 18:00:00,736.787,758.8348,764.5,721.7070866389477,716.5921212001049
2018-08-25 18:15:00,705.0436666666667,710.6612,731.7,676.2869018198004,683.6550353647223
2018-08-25 18:30:00,667.478,676.614,695.0,643.5686993355331,647.005789255577
2018-08-25 18:45:00,626.5823333333334,642.9592,654.60004,607.2216143038695,606.8724703219359
2018-08-25 19:00:00,584.3333333333334,600.362,610.9,563.8633043405545,563.5141603586209
2018-08-25 19:15:00,539.1296666666666,544.85,564.2,512.0360863774763,517.2241395085798
2018-08-25 19:30:00,490.9396666666667,476.936,514.3,430.1253527678669,468.33489122764473
2018-08-25 19:45:00,438.0766666666667,354.3676,462.1,362.8692283577451,416.2116832680234
2018-08-25 20:00:00,383.95,286.0068,407.5,280.02664302686475,363.3228866944673
2018-08-25 20:15:00,328.6723333333333,218.4548,351.2,203.0295141511299,305.2764528565742
2018-08-25 20:30:00,269.54366666666664,148.8404,293.7,148.2647765224332,244.40392618826573
2018-08-25 20:45:00,214.58133333333336,71.9332,235.7,87.57526280435525,190.56428315195046
2018-08-25 21:00:00,157.59666666666666,18.124,175.40001,34.41243329727331,114.62776246750036
2018-08-26 11:30:00,189.31466666666665,142.9148,163.7,122.82931166216036,128.50251608415743
2018-08-26 11:45:00,241.7,191.76,221.2,176.7645388279302,182.43774324992728
2018-08-26 12:00:00,293.7796666666666,243.4828,278.80002,222.48585466725595,237.34398989064462
2018-08-26 12:15:00,348.5806666666667,296.4608,336.5,277.3228535453254,292.1809887687141
2018-08-26 12:30:00,402.2846666666667,373.272,393.2,338.9350926543505,340.38015147698235
2018-08-26 12:45:00,454.8403333333333,484.3668,448.2,442.1538669163523,390.61927714889623
2018-08-26 13:00:00,503.064,540.5308,501.30002,494.3464967202474,448.217857499056
2018-08-26 13:15:00,550.6669999999999,591.204,551.8,548.1244518268802,501.7960264194706
2018-08-26 13:30:00,594.5886666666667,638.786,599.2,593.7306971790529,547.4022717716432
2018-08-26 13:45:00,636.75,683.0144,643.60004,636.3100623453319,587.0906266534984
2018-08-26 14:00:00,677.1196666666667,723.6516,684.60004,675.5795448676429,624.5328358069739
2018-08-26 14:15:00,713.4303333333334,760.4856,722.2,711.2891551166626,660.2424460559937
2018-08-26 14:30:00,745.505,793.3248,755.9,743.2191349868684,692.1724259261995
2018-08-26 14:45:00,774.5573333333334,822.002,785.7,775.9741269711857,735.1680380467777
2018-08-26 15:00:00,798.3093333333333,846.3604,808.2,799.7981661042231,747.990744419958
2018-08-26 15:15:00,818.44,866.2792,829.4,819.349723063655,778.543634139247
2018-08-26 15:30:00,834.7810000000001,881.672,846.0,834.5173887775225,793.7112998531145
2018-08-26 15:45:00,850.1073333333334,892.462,858.10004,845.2155545918617,804.4094656674538
2018-08-26 16:00:00,859.633,898.5972,865.60004,851.3842448792294,817.7255229554013
2018-08-26 16:15:00,863.522,900.0468,868.4,852.9890237511539,823.955293244257
2018-08-26 16:30:00,863.4186666666667,896.8032,866.4,850.0209499404708,820.9872194335738
2018-08-26 16:45:00,858.934,888.8828,859.8,842.4965660620595,813.4628355551625
2018-08-26 17:00:00,846.8493333333333,876.3236,848.7,830.457918795651,801.4241882887541
2018-08-26 17:15:00,832.4953333333334,859.1872,833.10004,809.1766531379398,784.9388859183963
2018-08-26 17:30:00,811.713,837.5584,812.9,788.3379776034434,763.3905221972544
2018-08-26 17:45:00,788.5533333333333,811.544,788.5,763.2650812114819,738.3176258052929
2018-08-26 18:00:00,760.5893333333333,781.2288,754.5,734.1033153424414,709.865548122898
2018-08-26 18:15:00,725.509,746.7696,721.8,701.0247627580013,676.7869955384579
2018-08-26 18:30:00,688.713,708.39,685.2,664.2290811133594,639.9913138938159
2018-08-26 18:45:00,647.9806666666666,666.29,644.8,623.9448208806575,599.7070536611141
2018-08-26 19:00:00,605.0409999999999,620.6936,601.0,574.9662924495593,556.1937027660266
2018-08-26 19:15:00,557.6533333333333,571.8488,554.0,528.5174480157611,509.7448583322285
2018-08-26 19:30:00,508.057,520.0324,504.0,476.1196564923042,456.06819050414504
2018-08-26 19:45:00,458.615,465.5604,451.5,424.8447315532119,397.6458985644729
2018-08-26 20:00:00,404.32,408.7984,396.7,371.7858200425605,344.5869870538215
2018-08-26 20:15:00,347.23066666666665,350.1848,340.1,312.6974645744774,279.2631202827904
2018-08-26 20:30:00,289.2563333333334,290.2596,282.6,257.75047001203865,220.2808750565943
2018-08-26 20:45:00,230.97333333333333,229.7208,224.8,195.29036018023788,165.53804275164902
2018-08-26 21:00:00,175.72566666666663,170.0956,161.90001,132.0283141047143,104.67099236551753
2018-08-27 11:30:00,200.10666666666663,199.5972,162.90001,165.22683664938688,132.19754358908415
2018-08-27 11:45:00,253.531,243.742,220.3,205.6108154244131,186.39846744009913
2018-08-27 12:00:00,307.2633333333333,274.4548,294.30002,231.69223664029377,240.3056819222762
2018-08-27 12:15:00,360.515,359.4568,352.80002,325.60141682930293,300.56738305397334
2018-08-27 12:30:00,412.176,370.9844,410.1,343.3849033877765,349.9829201266681
2018-08-27 12:45:00,464.2623333333333,443.854,465.6,402.3717953544275,402.662462888302
2018-08-27 13:00:00,514.7156666666666,544.3424,518.9,498.9801382337769,468.4351901327332
2018-08-27 13:15:00,559.6346666666667,596.9488,569.7,552.8210066399657,516.8108810029113
2018-08-27 13:30:00,602.7323333333334,644.1728,617.3,598.4735447645987,569.6107861281241
2018-08-27 13:45:00,643.4366666666666,688.0276,662.0,641.0838960719633,616.8461288524198
2018-08-27 14:00:00,685.0830000000001,728.2768,703.0,680.3700468343707,656.1322796148272
2018-08-27 14:15:00,721.9639999999999,764.708,740.4,716.0827876998391,691.1353322936501
2018-08-27 14:30:00,755.557,797.13,774.0,748.0030071165495,723.0555517103605
2018-08-27 14:45:00,785.5946666666666,825.376,803.4,775.9399463156357,757.1002799490585
2018-08-27 15:00:00,812.0146666666667,849.3188,829.7,799.7300774946059,784.7894627942885
2018-08-27 15:15:00,832.073,868.8384,850.60004,819.2363897885072,804.2957750881898
2018-08-27 15:30:00,850.6953333333333,883.8208,867.10004,834.347942566005,820.4216844788468
2018-08-27 15:45:00,863.4906666666667,894.1916,879.10004,844.979592965085,831.0533348779268
2018-08-27 16:00:00,869.3446666666666,899.9,886.4,851.0718356720691,837.1455775849109
2018-08-27 16:15:00,873.8106666666666,900.9168,889.10004,852.5907142353556,838.6644561481974
2018-08-27 16:30:00,874.1813333333333,897.2376,887.2,849.5277785819399,835.6015204947817
2018-08-27 16:45:00,860.1066666666667,888.8796,880.8,841.9000753341779,827.9738172470197
2018-08-27 17:00:00,817.746,875.884,869.60004,829.7501677047229,823.9390772353626
2018-08-27 17:15:00,830.8893333333333,858.314,853.7,813.14619151534,810.9388093131915
2018-08-27 17:30:00,821.9273333333333,836.2564,833.4,792.1819644946222,789.9745822924738
2018-08-27 17:45:00,798.9403333333333,809.8208,808.7,766.977178883446,764.7697966812975
2018-08-27 18:00:00,773.1460000000001,778.95,777.2,732.2125468813181,731.8666339479685
2018-08-27 18:15:00,733.1393333333333,743.8572,744.0,698.9910352780496,698.6451223447
2018-08-27 18:30:00,693.5229999999999,704.9136,706.8,660.5097855164572,661.7017201020285
2018-08-27 18:45:00,660.3770000000001,662.2752,666.10004,620.0735169016644,613.1502838694379
2018-08-27 19:00:00,613.0526666666667,616.1716,621.7,574.5960196200473,569.4810541812045
2018-08-27 19:15:00,569.5533333333333,566.8596,574.10004,527.9877552980352,522.8727898591924
2018-08-27 19:30:00,521.5003333333333,514.6292,523.60004,478.77331047188636,473.6583450330436
2018-08-27 19:45:00,466.4786666666667,459.814,470.5,422.56642458622645,422.21728060429285
2018-08-27 20:00:00,411.683,402.8016,415.1,369.3376321034055,368.9884881214719
2018-08-27 20:15:00,353.972,344.0564,357.80002,311.0542848737865,313.4770181806713
2018-08-27 20:30:00,294.0403333333333,284.154,299.30002,244.90897444950778,248.3419015811606
2018-08-27 20:45:00,238.9813333333333,223.8524,240.3,187.1742281662872,194.11675402993467
2018-08-27 21:00:00,179.21,164.7216,176.0,126.17164978298909,113.72061940941579
2018-08-28 11:15:00,139.6796666666667,136.1324,106.1,95.62382609787376,80.38532204571159
2018-08-28 11:30:00,189.837,194.3608,159.7,155.1665656486989,132.512675992632
2018-08-28 11:45:00,245.0063333333333,237.1712,216.1,182.4713898478823,186.97489746201805
2018-08-28 12:00:00,296.039,248.3948,278.30002,232.67151404052993,245.72347212463637
2018-08-28 12:15:00,349.644,318.9212,335.80002,293.6238591167351,300.87594384879077
2018-08-28 12:30:00,402.764,406.424,392.4,366.93133619401215,355.1343738136029
2018-08-28 12:45:00,455.251,432.4768,447.4,400.6613056433723,407.913390375428
2018-08-28 13:00:00,504.525,532.5348,500.1,495.5434120738863,458.72788511160604
2018-08-28 13:15:00,550.564,584.5176,550.60004,548.7447962001202,507.1634477809307
2018-08-28 13:30:00,594.6479999999999,631.0388,598.0,594.4405527769803,555.10882193439
2018-08-28 13:45:00,637.279,674.2512,642.60004,637.0787885475775,589.6904142189642
2018-08-28 14:00:00,677.4946666666667,713.9192,683.5,676.378488105488,626.6521659314158
2018-08-28 14:15:00,714.4853333333334,749.8312,720.8,712.0912343203065,662.3649121462342
2018-08-28 14:30:00,745.9996666666666,781.7996,754.2,743.9985754812998,701.2160513724131
2018-08-28 14:45:00,776.064,809.6596,783.60004,771.9103288735944,734.3931961145001
2018-08-28 15:00:00,802.2283333333332,833.3524,811.7,795.6634916762999,755.2553486327819
2018-08-28 15:15:00,822.3036666666667,852.7644,832.4,815.1215492810086,772.8861328686551
2018-08-28 15:30:00,839.7903333333333,867.7176,848.7,830.1740439573433,787.9386275449898
2018-08-28 15:45:00,851.284,878.136,860.5,840.7363129212364,798.5008965088829
2018-08-28 16:00:00,859.913,883.9668,867.8,846.749335191794,804.5139187794405
2018-08-28 16:15:00,864.45,885.1788,870.3,848.1796474343525,809.9794816857564
2018-08-28 16:30:00,861.7103333333333,881.7676,868.3,845.0193040547448,817.8204710660058
2018-08-28 16:45:00,854.318,873.7472,861.5,837.285868528718,810.087035539979
2018-08-28 17:00:00,844.3420000000001,861.154,850.3,825.0224329780654,797.8235999893263
2018-08-28 17:15:00,826.0266666666666,844.05,834.5,808.2976726511633,781.0988396624243
2018-08-28 17:30:00,804.9536666666667,822.5196,814.10004,787.2059524650595,760.0071194763204
2018-08-28 17:45:00,783.922,796.6684,789.4,761.8675155235838,741.8160495354247
2018-08-28 18:00:00,749.8273333333333,766.5132,761.3,727.6629789640617,717.0023258497429
2018-08-28 18:15:00,714.1753333333332,732.2036,728.2,694.2971365373842,683.6364834230653
2018-08-28 18:30:00,677.5263333333334,694.0276,691.2,657.2048520918972,646.5441989775784
2018-08-28 18:45:00,639.494,652.1844,650.5,616.6156336866512,605.9549805723324
2018-08-28 19:00:00,596.3413333333334,606.8976,606.4,572.7898143903652,562.1291612760464
2018-08-28 19:15:00,552.5073333333333,558.4196,559.0,526.0216613535331,510.73601682228303
2018-08-28 19:30:00,501.052,507.0384,508.80002,472.8580007554617,454.2112231256094
2018-08-28 19:45:00,437.378,453.0852,456.1,419.49989261574007,402.60407819694734
2018-08-28 20:00:00,372.41266666666667,396.9476,401.1,356.83550309812483,349.2057599989122
2018-08-28 20:15:00,321.83633333333336,339.0928,344.80002,299.36458784471813,294.5347552908546
2018-08-28 20:30:00,260.644,280.1036,287.1,237.48913993915116,224.18969627698456
2018-08-28 20:45:00,202.8403333333333,220.7496,229.2,181.51547568402688,169.06444531045358
2018-08-28 21:00:00,147.24533333333332,162.4588,168.1,107.97755271240322,114.72142630859463
2018-08-29 11:15:00,149.17433333333335,82.9552,106.700005,74.23283650871454,66.9549205541247
2018-08-29 11:30:00,200.9583333333333,128.7644,159.7,126.71879362064789,119.44087766605804
2018-08-29 11:45:00,254.6113333333333,175.364,215.5,176.0811883262778,174.15983212510594
2018-08-29 12:00:00,308.5083333333333,224.3152,296.30002,232.10130871999223,244.18471135365922
2018-08-29 12:15:00,364.58366666666666,296.6452,353.9,292.245143532399,297.15212786162266
2018-08-29 12:30:00,417.358,406.6472,410.30002,363.8919837055968,354.93666048629746
2018-08-29 12:45:00,467.516,462.9752,464.9,424.34939564855944,411.35125757845293
2018-08-29 13:00:00,511.5026666666666,514.3312,517.4,475.2391667213407,467.5064200010267
2018-08-29 13:15:00,553.0783333333333,563.0568,567.4,523.7315106928295,515.9987639725155
2018-08-29 13:30:00,589.8726666666666,608.824,614.4,569.4673761965176,558.8436191917798
2018-08-29 13:45:00,632.935,651.3464,658.3,612.1303724482092,601.5066154434713
2018-08-29 14:00:00,673.1616666666666,690.3712,698.8,651.440491252551,638.9894608789778
2018-08-29 14:15:00,708.6806666666666,725.678,735.3,687.150119068712,674.6990886951387
2018-08-29 14:30:00,747.8816666666667,757.0736,767.9,719.0414768176195,706.5904464440462
2018-08-29 14:45:00,781.681,784.4012,796.5,746.9249714175901,734.4739410440168
2018-08-29 15:00:00,802.84,807.2,818.8,772.2015928517875,758.1871086250839
2018-08-29 15:15:00,825.2900000000001,825.3416,839.10004,782.4629777921839,777.5939449323816
2018-08-29 15:30:00,837.2253333333333,839.0356,855.10004,789.3418210281255,792.584489179981
2018-08-29 15:45:00,850.1333333333333,845.6196,866.5,798.7030877643657,803.0745725208354
2018-08-29 16:00:00,857.0773333333333,846.468,873.5,808.7150043492203,813.0409225468521
2018-08-29 16:15:00,862.0653333333333,852.4552,875.8,805.9733455099429,825.3814136900271
2018-08-29 16:30:00,865.2396666666666,848.0708,873.7,806.793951820707,822.121202778196
2018-08-29 16:45:00,856.672,838.7908,867.0,798.9524642782529,814.279715235742
2018-08-29 17:00:00,844.2166666666667,824.9364,855.8,786.5733329752302,801.9005839327192
2018-08-29 17:15:00,828.2196666666666,806.5712,839.7,760.8558984658305,785.0530348679606
2018-08-29 17:30:00,806.6063333333333,783.7812,819.3,739.6348545500938,770.9793579528038
2018-08-29 17:45:00,780.3716666666666,756.6768,794.5,716.7236562929525,750.1306148729695
2018-08-29 18:00:00,746.6383333333334,724.9448,764.5,687.1442285123642,715.9261956754501
2018-08-29 18:15:00,706.935,688.7744,731.7,653.6328068704717,687.0397654504887
2018-08-29 18:30:00,672.7563333333333,648.8204,695.2,616.3906047041185,649.7975632841355
2018-08-29 18:45:00,626.6446666666667,605.45,654.8,575.6476230661622,609.0545816461793
2018-08-29 19:00:00,590.203,558.936,611.2,531.6646323281776,565.0715909081947
2018-08-29 19:15:00,544.362,509.4668,564.3,484.73625078634683,518.1432093663639
2018-08-29 19:30:00,497.653,457.4224,514.5,436.77463706714855,468.60271533710704
2018-08-29 19:45:00,448.2436666666666,403.2576,462.30002,385.0015962585648,416.8296745285233
2018-08-29 20:00:00,391.2896666666667,347.5248,408.0,331.4342291962353,363.2623074661938
2018-08-29 20:15:00,337.98266666666666,290.9172,351.4,276.59013629418183,303.7932231472092
2018-08-29 20:30:00,240.8,234.34,293.9,211.9177172292517,241.15836788309082
2018-08-29 20:45:00,223.66366666666667,179.0284,236.1,156.60372868659556,185.84437934043467
2018-08-29 21:00:00,164.33433333333332,127.586,172.90001,111.78642053560563,121.52384061769791
2018-08-30 11:15:00,135.22899999999998,76.9248,104.1,77.75583572689226,71.38021393123796
2018-08-30 11:30:00,180.739,134.4572,160.6,130.5933104118347,123.31539445724485
2018-08-30 11:45:00,234.07266666666663,221.298,216.5,191.36415227929405,178.28636297265342
2018-08-30 12:00:00,294.88666666666666,279.578,258.0,247.05740119183622,221.43418265545927
2018-08-30 12:15:00,345.3383333333333,335.9856,314.0,302.5122754150171,276.88905687864013
2018-08-30 12:30:00,397.234,391.4156,369.7,357.0104649086866,331.3872463723096
2018-08-30 12:45:00,452.516,445.2536,424.0,409.97912647042625,384.3559079340493
2018-08-30 13:00:00,501.3976666666667,496.9952,476.7,460.94104081471727,435.3178222783403
2018-08-30 13:15:00,543.5213333333334,546.214,526.8,509.4870319636948,483.86381342731784
2018-08-30 13:30:00,585.244,592.5452,574.2,555.2598669890069,536.8998511198663
2018-08-30 13:45:00,627.4889999999999,635.6776,618.60004,597.9444827462956,585.7689875985906
2018-08-30 14:00:00,668.7096666666667,675.3432,659.5,637.261886450679,616.0346716374465
2018-08-30 14:15:00,703.3846666666667,711.3124,696.4,672.9652789418284,664.3733352009837
2018-08-30 14:30:00,734.288,743.3844,729.5,704.8375660578834,691.7597767512427
2018-08-30 14:45:00,762.8946666666667,771.386,758.4,732.6897574672713,719.6119681606307
2018-08-30 15:00:00,789.9356666666666,794.7864,764.5,756.3599417799396,730.7367232435627
2018-08-30 15:15:00,812.351,813.4584,784.5,775.7126387583841,750.0894202220071
2018-08-30 15:30:00,831.7813333333332,827.6808,800.10004,790.6383981680219,765.015179631645
2018-08-30 15:45:00,841.5356666666667,837.3744,811.10004,801.0535585103762,775.4303399739993
2018-08-30 16:00:00,848.8533333333334,842.4832,817.5,806.900107735058,781.276889198681
2018-08-30 16:15:00,847.4163333333333,842.976,818.9,808.1456079094334,782.5223893730564
2018-08-30 16:30:00,831.2303333333333,838.8448,815.9,804.7831602875501,779.1599417511732
2018-08-30 16:45:00,811.6946666666666,830.1064,808.2,796.831398526475,771.2081799900981
2018-08-30 17:00:00,821.034,816.8012,795.8,784.3345075257492,758.7112889893723
2018-08-30 17:15:00,791.3576666666667,798.9936,778.8,767.3622747730717,741.7390562366948
2018-08-30 17:30:00,764.518,776.7724,757.4,746.0101913638161,720.3869728274392
2018-08-30 17:45:00,751.4073333333333,750.2488,731.8,720.3996323921875,694.7764138558106
2018-08-30 18:00:00,719.6166666666667,718.7048,668.3,690.6781630243354,602.079179259687
2018-08-30 18:15:00,678.2803333333334,682.3816,634.8,657.0200400188634,568.4210562542149
2018-08-30 18:30:00,642.5103333333334,642.2988,597.9,619.6270132092583,531.0280294446098
2018-08-30 18:45:00,597.997,598.6932,558.2,580.3084653417413,495.2688535253351
2018-08-30 19:00:00,554.914,551.8464,515.4,536.1678521212799,474.72830744354553
2018-08-30 19:15:00,517.248,502.0924,469.7,479.89410195503666,427.6394880786939
2018-08-30 19:30:00,473.84833333333336,449.8288,422.0,430.1905841621145,377.9359702857717
2018-08-30 19:45:00,426.074,395.534,372.30002,380.0581354895955,340.80773876107986
2018-08-30 20:00:00,378.7713333333333,339.7944,321.30002,326.3223181992806,287.07192147076495
2018-08-30 20:15:00,326.72933333333333,283.354,269.6,271.30605527683144,232.05565854831582
2018-08-30 20:30:00,270.969,179.998,218.40001,167.44067359864118,192.2184712976158
2018-08-30 20:45:00,220.317,36.6936,168.7,98.64454739351572,145.3355454709083
2018-08-30 21:00:00,165.16466666666665,12.726,109.200005,42.15158149404786,82.51139518423341
2018-08-31 11:15:00,107.20866666666667,73.0064,76.9,86.34712019951449,42.09166708977328
2018-08-31 11:30:00,154.677,111.8148,117.8,103.16194760270011,51.72473370499503
2018-08-31 11:45:00,199.59866666666667,154.8612,163.7,133.03594795382327,103.92529121554202
2018-08-31 12:00:00,242.6493333333333,201.2648,240.0,187.98051781629272,206.37212700818725
2018-08-31 12:15:00,293.4456666666667,269.6964,293.9,244.51740203891762,261.97302185092934
2018-08-31 12:30:00,340.39233333333334,353.3556,347.6,355.83657853072464,301.77578751509964
2018-08-31 12:45:00,385.2726666666667,346.9256,400.0,347.5151023475366,354.83447643200924
2018-08-31 13:00:00,428.86066666666665,382.5112,451.0,396.1439506343312,405.86534803423353
2018-08-31 13:15:00,485.7883333333333,405.6196,485.80002,450.09596167701716,422.7059317697906
2018-08-31 13:30:00,370.7126666666667,405.0948,461.4,463.23397743058376,402.34571754288845
2018-08-31 13:45:00,398.7823333333333,429.4116,460.1,456.47157544856975,416.5477168059916
2018-08-31 14:00:00,359.4823333333333,439.4192,421.1,462.0998776730346,359.45584996307366
2018-08-31 14:15:00,544.5763333333333,409.3404,418.2,426.466033926961,342.283905020711
2018-08-31 14:30:00,569.9926666666667,392.3288,373.2,408.844323618138,282.537682993138
2018-08-31 14:45:00,414.1383333333333,373.8788,364.30002,372.98840366735226,258.6764224661804
2018-08-31 15:00:00,289.8283333333333,348.7052,373.30002,363.0188496239382,290.4640400536257
2018-08-31 15:15:00,125.13033333333333,352.1212,333.7,379.1751386464082,204.14031808976756
2018-08-31 15:30:00,98.03966666666666,361.9092,308.80002,394.03334176108785,158.55333077475973
2018-08-31 15:45:00,80.49733333333333,360.0524,304.2,386.8008451056568,168.89090247870365
2018-08-31 16:00:00,85.02233333333334,375.8152,281.0,396.8817081306911,170.76302526936297
2018-08-31 16:15:00,76.873,383.4432,282.0,411.2797908014454,171.9124507135548
2018-08-31 16:30:00,69.378,363.8716,278.5,390.2427640272423,168.44549229872666
2018-08-31 16:45:00,67.38066666666667,347.918,265.80002,387.45814867022443,119.1391484260838
2018-08-31 17:00:00,63.79266666666667,340.9036,259.6,374.8415419719329,132.77510520435476
2018-08-31 17:15:00,73.18366666666665,335.7896,261.5,356.78471417495814,134.55336041519251
2018-08-31 17:30:00,96.31733333333334,340.2644,262.30002,364.45218504433024,113.06864012245524
2018-08-31 17:45:00,122.36233333333332,314.8788,278.7,338.7033972858809,147.7650427936934
2018-08-31 18:00:00,126.61833333333334,270.3048,279.5,328.1618342010996,172.87194772649025
2018-08-31 18:15:00,117.91466666666666,211.1088,266.4,246.83880471854752,170.19186257987565
2018-08-31 18:30:00,119.54,158.0928,230.1,209.29417732005095,120.90864875559782
2018-08-31 18:45:00,109.64133333333332,94.742,211.2,112.03145484021354,102.95351294568229
2018-08-31 19:00:00,94.341,46.1012,181.40001,28.945974301526007,91.20201678199476
2018-08-31 19:15:00,85.57266666666666,37.23,156.1,76.69386247490644,63.084762133109564
2018-08-31 19:30:00,88.45933333333333,34.4288,133.90001,55.02155571434412,54.52558403465662
2018-08-31 19:45:00,90.595,31.5892,101.3,67.56362604313063,25.475369207193125
2018-08-31 20:00:00,82.45066666666666,28.4936,65.9,36.98167326137161,-5.935074785503389
2018-08-31 20:15:00,65.46966666666667,25.2444,38.4,55.01155826801113,1.5986859535580038
2018-08-31 20:30:00,51.571333333333335,22.058,19.5,50.70884190742558,-36.678700817183795
2018-08-31 20:45:00,45.40466666666667,18.5068,0.0,58.45155026936982,-47.85550234293487
2018-08-31 21:00:00,48.862,14.4416,0.0,43.66679279404357,-55.5030985633783
2018-09-01 11:15:00,20.862,13.6172,69.4,21.207391697723736,2.1904697006534235
2018-09-01 11:30:00,28.765,17.402,96.5,58.56584519909552,36.86587876843146
2018-09-01 11:45:00,26.928,20.9216,125.0,55.99905370732833,65.87132238408614
2018-09-01 12:00:00,27.00933333333333,26.9728,173.40001,62.63934350503661,121.82438683999754
2018-09-01 12:15:00,27.701666666666664,40.9256,198.1,60.19388848097515,142.8237102583189
2018-09-01 12:30:00,35.866,59.3972,218.8,68.91073243303254,180.0159265248294
2018-09-01 12:45:00,34.80333333333333,81.2436,236.2,97.70481682855183,200.13723565179401
2018-09-01 13:00:00,41.393,103.3368,249.6,97.58641598137899,272.9156701317696
2018-09-01 13:15:00,41.28233333333333,124.2908,261.9,133.8290592394152,183.6222721300402
2018-09-01 13:30:00,51.817,123.0436,274.80002,146.19272015965316,221.1244218198094
2018-09-01 13:45:00,53.09766666666667,142.1796,252.8,194.19065178091125,161.44947136098938
2018-09-01 14:00:00,63.53866666666667,195.8632,238.40001,233.51322970252545,125.74055514197858
2018-09-01 14:15:00,66.63966666666667,244.488,278.2,269.8558653440964,174.04467759995578
2018-09-01 14:30:00,70.37100000000001,280.5984,309.4,378.9248357278424,205.86965994659238
2018-09-01 14:45:00,70.85166666666666,309.6108,317.30002,341.0909566930553,160.44743252313344
2018-09-01 15:00:00,89.27766666666666,318.258,325.1,352.37586412043504,189.63157090754441
2018-09-01 15:15:00,110.26433333333333,343.2884,331.4,366.3322072126672,224.3432240583703
2018-09-01 15:30:00,95.23366666666668,356.0208,336.7,381.1201505034079,216.19299596239227
2018-09-01 15:45:00,139.38066666666666,369.736,339.6,391.3775445197772,201.4946404670428
2018-09-01 16:00:00,151.44366666666667,386.7528,342.6,414.61750499288974,211.33286754171786
2018-09-01 16:15:00,150.43533333333335,401.1236,343.4,411.74302497577037,212.38389411639537
2018-09-01 16:30:00,164.143,406.0632,333.4,427.99842167963084,176.61487675775584
2018-09-01 16:45:00,174.973,374.7884,338.9,403.91632234727274,221.41909944688211
2018-09-01 17:00:00,177.882,364.186,330.5,391.1781558474148,201.8869876345242
2018-09-01 17:15:00,176.88,336.0372,313.6,356.38126012593443,184.6601602724188
2018-09-01 17:30:00,157.29466666666667,309.7784,300.80002,334.7624273859834,156.24182802074904
2018-09-01 17:45:00,161.176,269.9748,269.7,314.15367332806375,137.15303245892312
2018-09-01 18:00:00,120.89,224.3828,251.3,310.7601200353672,121.40034830685158
2018-09-01 18:15:00,69.084,223.9232,240.8,244.91072669426023,114.42619910636961
2018-09-01 18:30:00,67.52566666666667,255.0776,255.8,266.6373789327886,147.2051584738042
2018-09-01 18:45:00,85.88799999999999,247.2232,272.2,263.0957065718284,157.67645608354712
2018-09-01 19:00:00,106.515,233.4656,279.1,242.99037558449197,204.81615073097635
2018-09-01 19:15:00,108.65,199.4412,256.2,192.1046897935429,223.80839462752726
2018-09-01 19:30:00,86.38666666666667,101.2688,264.9,94.60559142721712,223.6327368129593
2018-09-01 19:45:00,72.40866666666666,38.6216,272.5,52.421128484171106,223.17257806913204
2018-09-01 20:00:00,69.703,32.9924,188.1,41.83513008736287,150.318070761191
2018-09-01 20:15:00,62.94533333333334,29.5696,159.0,57.072771386313605,113.74475319783704
2018-09-01 20:30:00,43.144,25.9668,92.1,52.59522801471462,60.24828892780056
2018-09-01 20:45:00,50.43566666666666,21.7296,52.8,52.40011771972732,0.6075914746101319
2018-09-01 21:00:00,62.617333333333335,17.3192,11.1,45.17119667354956,-43.03014304813013
2018-09-02 11:15:00,170.15200000000002,132.16,147.5,94.4962191732196,97.53046180322448
2018-09-02 11:30:00,226.5546666666667,223.1704,206.7,188.62592017815624,150.85626876519237
2018-09-02 11:45:00,282.22266666666667,286.802,266.9,248.10947240890485,215.3581611067198
2018-09-02 12:00:00,337.5946666666667,330.4708,313.1,296.63518535525316,269.7865534964275
2018-09-02 12:15:00,392.12,342.586,371.9,316.16692854381944,315.2740395209923
2018-09-02 12:30:00,449.6883333333333,399.9912,429.5,370.99980789038193,373.51153426977646
2018-09-02 12:45:00,504.9283333333333,475.0168,485.2,426.45517714853975,435.54494555826875
2018-09-02 13:00:00,557.9,575.7692,538.5,533.0324152558264,486.7039898484167
2018-09-02 13:15:00,607.4420000000001,629.1084,589.2,581.7201885408749,532.5007528490414
2018-09-02 13:30:00,653.9586666666668,677.0392,637.2,627.584877636152,576.538168575483
2018-09-02 13:45:00,697.9243333333333,721.5452,681.8,675.1113796763906,619.2687073283681
2018-09-02 14:00:00,738.0966666666667,762.3908,723.0,714.4318639838931,662.624442299628
2018-09-02 14:15:00,774.4373333333333,799.362,760.60004,750.0979967921481,709.2919078677402
2018-09-02 14:30:00,809.3226666666667,832.268,794.3,781.8948072357525,741.0887183113446
2018-09-02 14:45:00,840.323,860.94,824.0,809.6351871228352,775.9764651990071
2018-09-02 15:00:00,868.2866666666666,885.1836,852.4,833.1589590372587,804.1252285303617
2018-09-02 15:15:00,892.0913333333334,904.8752,873.2,852.3322921771321,822.5888734835896
2018-09-02 15:30:00,910.4726666666668,919.966,889.4,867.0473449498223,843.4117152958917
2018-09-02 15:45:00,925.222,930.3832,901.2,877.2220535966431,857.4854756089723
2018-09-02 16:00:00,935.4326666666668,936.0748,908.2,882.800012861156,863.0634348734851
2018-09-02 16:15:00,941.1776666666666,937.0136,910.4,883.7504132655941,864.0138352779232
2018-09-02 16:30:00,937.274,933.1944,908.10004,880.0680131523025,861.3457917777907
2018-09-02 16:45:00,933.4933333333332,924.6352,901.10004,871.7731343578217,853.05091298331
2018-09-02 17:00:00,917.766,911.3772,889.4,858.9116796795124,840.1894583050007
2018-09-02 17:15:00,899.0346666666667,893.4844,872.9,841.5551793555163,822.8329579810046
2018-09-02 17:30:00,877.5003333333333,871.0436,852.0,819.8008837526417,801.0786623781299
2018-09-02 17:45:00,850.8186666666667,844.1648,826.7,793.7719316604736,775.0497102859619
2018-09-02 18:00:00,821.5926666666667,812.9864,799.0,763.6176397975224,756.6142943080205
2018-09-02 18:15:00,791.4796666666666,777.6704,765.3,729.5139820198958,722.5106365303939
2018-09-02 18:30:00,753.4263333333333,738.3964,727.5,691.6643605986649,684.6610151091629
2018-09-02 18:45:00,710.724,695.3696,686.0,645.5048607970898,643.2974785949414
2018-09-02 19:00:00,664.816,648.8172,640.9,600.8900062133812,595.0789157440208
2018-09-02 19:15:00,616.2943333333334,598.9876,592.60004,553.3199409782075,547.5088505088471
2018-09-02 19:30:00,566.297,546.1552,541.10004,503.1289165600228,489.2026584728646
2018-09-02 19:45:00,509.83566666666667,490.6244,487.2,445.23149283324636,436.7704122820989
2018-09-02 20:00:00,453.9283333333333,432.7468,430.80002,389.45728744254615,382.5340544103196
2018-09-02 20:15:00,393.9256666666667,372.9408,372.80002,332.1228996152458,325.99357756324383
2018-09-02 20:30:00,334.39966666666663,311.7212,313.5,275.9333112538833,269.80398920188134
2018-09-02 20:45:00,275.10433333333333,249.7372,253.3,215.11707399850906,203.7467326975447
2018-09-02 21:00:00,214.57266666666663,188.1192,193.40001,154.77740942463896,145.02896200642607
2018-09-03 11:15:00,180.52133333333333,126.784,151.1,98.26010060536646,107.76180291402125
2018-09-03 11:30:00,236.889,176.6976,210.8,152.43047925662523,154.94220563601976
2018-09-03 11:45:00,292.95533333333333,232.1884,271.30002,208.3596103117818,219.6759107039327
2018-09-03 12:00:00,348.0156666666666,289.6896,345.0,264.7775089347384,298.1844675147555
2018-09-03 12:15:00,402.3276666666667,368.3672,404.5,327.10191945335043,353.4918406417049
2018-09-03 12:30:00,458.0573333333333,480.8864,462.6,433.37678203361185,418.43616733329446
2018-09-03 12:45:00,513.172,540.0896,518.4,491.48159480214036,471.74501681446947
2018-09-03 13:00:00,566.413,594.024,571.9,542.6997767517746,523.9775553772629
2018-09-03 13:15:00,616.7796666666667,645.0236,622.60004,591.42833354098,572.7061121664683
2018-09-03 13:30:00,664.0433333333333,692.8172,670.5,637.3172435700449,618.5950221955331
2018-09-03 13:45:00,707.7703333333334,737.1536,714.9,680.0567751149334,669.4497213582196
2018-09-03 14:00:00,747.885,777.8004,756.0,719.3720655862669,712.368720096765
2018-09-03 14:15:00,783.0943333333333,814.5448,793.2,755.0196696910318,748.0163242015299
2018-09-03 14:30:00,817.1816666666667,847.1952,826.4,786.7853454168793,780.8731864508148
2018-09-03 14:45:00,846.6360000000001,875.584,855.60004,814.4826349165938,808.5704759505294
2018-09-03 15:00:00,872.294,899.4828,881.2,837.9519626538644,832.0398036877999
2018-09-03 15:15:00,894.4903333333333,918.7732,901.7,857.0600718137293,851.1479128476649
2018-09-03 15:30:00,912.892,933.4456,917.7,871.6996810362492,865.7875220701848
2018-09-03 15:45:00,925.9706666666666,943.4284,929.10004,881.7892826857055,875.8771237196411
2018-09-03 16:00:00,935.2273333333334,948.6724,935.9,887.2730299333069,881.3608709672425
2018-09-03 16:15:00,937.666,949.1532,937.8,888.120678054857,882.2085190887925
2018-09-03 16:30:00,935.0956666666666,944.864,935.10004,884.3275586573843,878.4153996913199
2018-09-03 16:45:00,929.7186666666668,935.8232,927.7,875.9145760671885,870.002417101124
2018-09-03 17:00:00,916.6366666666668,922.0724,915.7,862.9282242629974,857.016065296933
2018-09-03 17:15:00,901.9323333333334,903.6768,899.0,845.4406316864021,839.5284727203376
2018-09-03 17:30:00,877.859,880.7244,877.8,823.5496511350891,817.6374921690247
2018-09-03 17:45:00,850.839,853.326,852.4,797.3790240428705,791.466865076806
2018-09-03 18:00:00,823.0483333333334,821.4604,822.7,767.0786645276401,761.1665055615756
2018-09-03 18:15:00,787.616,785.2856,788.9,732.8251312895526,726.9129723234881
2018-09-03 18:30:00,748.3536666666666,745.142,751.2,694.8223890367543,688.9102300706899
2018-09-03 18:45:00,705.6343333333333,701.234,709.7,653.3030128140333,647.3908538479689
2018-09-03 19:00:00,662.3296666666666,653.788,664.7,603.7341077747965,602.6179120960855
2018-09-03 19:15:00,614.7860000000001,603.0528,616.5,556.0040962416451,554.8879005629342
2018-09-03 19:30:00,562.0186666666667,549.3032,565.2,505.65152894714396,504.535333268433
2018-09-03 19:45:00,506.099,492.8512,511.4,447.591034454688,451.9400163119878
2018-09-03 20:00:00,449.22566666666665,434.0572,455.0,391.6519909589598,397.5388203351805
2018-09-03 20:15:00,390.1113333333333,373.354,396.80002,334.1502466893829,341.8453436589874
2018-09-03 20:30:00,331.445,311.2708,337.2,273.0233114445624,285.4842298710761
2018-09-03 20:45:00,272.36066666666665,248.4804,276.5,213.00761073154518,229.2547630600364
2018-09-03 21:00:00,211.2443333333333,186.3956,215.0,146.99460194614585,169.5638940146273
2018-09-04 11:15:00,182.55900000000003,159.3116,163.8,121.12791964566682,113.3951729253528
2018-09-04 11:30:00,239.6563333333333,174.3392,224.3,158.14260988478821,163.16174631362122
2018-09-04 11:45:00,295.083,246.012,285.0,212.71934395241732,234.35394411492342
2018-09-04 12:00:00,350.009,358.7856,314.7,318.14125076272074,276.5599023435313
2018-09-04 12:15:00,403.516,402.2084,373.6,369.52362946326133,332.70810250098106
2018-09-04 12:30:00,458.602,407.0148,431.30002,380.49452403903337,387.74660877108903
2018-09-04 12:45:00,513.4656666666666,480.3908,487.30002,440.1872976206586,435.3250072382734
2018-09-04 13:00:00,564.7196666666666,589.6316,540.8,542.7986523236757,484.26103750128794
2018-09-04 13:15:00,614.768,643.5008,591.9,596.3606857476273,536.4317230401077
2018-09-04 13:30:00,662.9273333333333,691.5104,639.9,642.2706089610781,585.8808289165224
2018-09-04 13:45:00,704.1956666666666,736.0504,684.7,685.0159877742575,633.8915990794943
2018-09-04 14:00:00,741.8796666666666,776.888,725.8,724.3230060141478,670.3076070349608
2018-09-04 14:15:00,779.2053333333333,813.8132,763.2,759.949078045233,704.1064056972106
2018-09-04 14:30:00,814.8516666666667,846.6364,796.5,791.680700353455,735.8380280054325
2018-09-04 14:45:00,842.2506666666667,875.192,825.8,819.3320760567285,763.489403708706
2018-09-04 15:00:00,871.1986666666667,899.2848,845.3,842.7442425946128,788.7288436154258
2018-09-04 15:15:00,894.8986666666666,918.7972,865.60004,861.7845283752588,805.9418560272363
2018-09-04 15:30:00,911.6376666666667,933.6892,881.3,876.3462234141465,820.503551066124
2018-09-04 15:45:00,921.3133333333334,943.8904,892.4,886.348387079433,830.5057147314105
2018-09-04 16:00:00,928.4243333333332,949.3532,898.8,891.7357414640926,835.8930691160701
2018-09-04 16:15:00,922.9183333333332,950.052,900.60004,892.478616610076,836.6359442620535
2018-09-04 16:30:00,915.249,945.9852,897.7,888.572926847752,847.766837923344
2018-09-04 16:45:00,903.2496666666668,937.174,890.10004,880.0401678433124,839.2340789189044
2018-09-04 17:00:00,894.9916666666667,923.6616,877.9,866.9274329590678,826.1213440346598
2018-09-04 17:15:00,880.6043333333333,905.5144,861.3,849.3074563691717,808.5013674447638
2018-09-04 17:30:00,861.5096666666667,882.8224,840.3,827.2787001477323,786.4726112233243
2018-09-04 17:45:00,835.9896666666666,855.698,814.7,800.9655145412642,760.1594256168562
2018-09-04 18:00:00,810.2526666666668,824.1828,797.5,770.5184165863373,750.7818385986664
2018-09-04 18:15:00,773.535,788.442,763.2,736.1145547538914,716.3779767662205
2018-09-04 18:30:00,732.935,748.7592,724.9,697.958460620871,678.2218826332002
2018-09-04 18:45:00,693.0763333333333,705.3428,683.0,656.2832398215228,636.5466618338519
2018-09-04 19:00:00,648.9446666666666,658.422,637.60004,611.3524362267042,591.6158582390333
2018-09-04 19:15:00,599.3293333333334,608.2452,588.7,558.6669749672781,543.7263602669607
2018-09-04 19:30:00,547.2143333333333,555.0812,536.9,508.15356453493104,493.21294983461365
2018-09-04 19:45:00,491.066,499.2272,482.6,455.396123941412,436.55645757483484
2018-09-04 20:00:00,435.027,441.0236,426.1,395.3661185997198,375.8838407295416
2018-09-04 20:15:00,374.0266666666666,380.88,367.9,337.96892335471557,320.73418119010375
2018-09-04 20:30:00,315.8163333333333,319.3,308.6,279.62981737262214,264.2033428013941
2018-09-04 20:45:00,257.6743333333333,256.91,248.6,218.45766538223526,196.02465385040543
2018-09-04 21:00:00,197.92566666666667,194.6084,187.40001,159.48467683946217,125.80131578599537
2018-09-05 11:15:00,180.462,128.8952,150.8,105.95022167428057,113.20230640633623
2018-09-05 11:30:00,236.077,179.332,209.8,162.32080076803598,167.99400519003305
2018-09-05 11:45:00,291.12233333333336,235.3508,269.9,218.69747752403148,226.62029952262768
2018-09-05 12:00:00,346.18733333333336,312.5556,348.30002,273.87322685155675,295.50782701406285
2018-09-05 12:15:00,401.98766666666666,405.2608,407.5,370.43002711377574,358.9306164845033
2018-09-05 12:30:00,457.321,434.2672,465.2,387.51106620041577,418.691492798011
2018-09-05 12:45:00,510.3043333333334,539.4416,520.8,496.38778241562466,471.4403270094357
2018-09-05 13:00:00,560.8199999999999,595.5244,574.0,547.7141905222051,522.7667351160161
2018-09-05 13:15:00,607.9993333333333,646.1976,624.60004,596.5144932273555,581.5738785270381
2018-09-05 13:30:00,656.5386666666667,693.678,672.3,647.2381877905493,627.5016098028784
2018-09-05 13:45:00,698.812,737.714,716.60004,689.9862835243051,670.2497055366342
2018-09-05 14:00:00,739.6426666666666,778.0732,757.4,729.2819782320765,710.5597568575648
2018-09-05 14:15:00,776.143,814.5432,794.7,764.8835532521668,746.1613318776551
2018-09-05 14:30:00,806.5896666666666,846.9324,828.0,796.5782526644314,777.8560312899197
2018-09-05 14:45:00,837.4683333333334,875.074,857.3,824.1809506383104,805.4587292637987
2018-09-05 15:00:00,867.5669999999999,898.8028,884.5,847.5333081551455,840.5299626656436
2018-09-05 15:15:00,890.3430000000001,917.9988,904.9,866.5032495476067,859.4999040581048
2018-09-05 15:30:00,909.1946666666666,932.592,921.0,880.9846468036499,875.0724878375854
2018-09-05 15:45:00,920.484,942.5112,932.4,890.8971366151924,884.9849776491279
2018-09-05 16:00:00,928.823,947.708,939.3,896.1860199115913,890.2738609455268
2018-09-05 16:15:00,932.3613333333334,948.156,941.0,896.8222109134144,890.91005194735
2018-09-05 16:30:00,930.7633333333334,943.8536,938.10004,892.8022155109112,886.8900565448467
2018-09-05 16:45:00,924.0016666666668,934.8208,930.5,884.148128915249,878.2359699491846
2018-09-05 17:00:00,908.756,921.1,918.3,870.9076514058827,864.9954924398182
2018-09-05 17:15:00,889.7873333333333,902.7576,901.10004,853.1541297257102,847.2419707596457
2018-09-05 17:30:00,871.4326666666667,879.8828,879.5,830.9866413526624,825.074482386598
2018-09-05 17:45:00,850.59,852.5876,853.5,804.5301507695934,798.617991803529
2018-09-05 18:00:00,820.7860000000001,820.864,823.2,773.9357826770191,768.0236237109547
2018-09-05 18:15:00,783.659,784.8876,788.9,738.1216702137664,733.469120470114
2018-09-05 18:30:00,746.4373333333333,745.0316,750.7,696.2757797902306,695.1595841115196
2018-09-05 18:45:00,706.7403333333333,701.478,708.7,654.4448497357503,653.3286540570393
2018-09-05 19:00:00,664.0566666666667,654.4408,663.4,609.3565483351415,608.2403526564306
2018-09-05 19:15:00,616.9343333333333,604.1716,614.9,561.3081599592878,560.1919642805768
2018-09-05 19:30:00,566.568,550.9448,563.5,505.1695610347328,509.5185428920326
2018-09-05 19:45:00,511.4793333333333,495.0652,509.4,450.7132237114197,456.6000530876404
2018-09-05 20:00:00,454.78566666666666,436.884,453.30002,394.1778231470368,401.8729201166413
2018-09-05 20:15:00,395.92333333333335,376.8196,395.1,338.154200867581,345.8492978371855
2018-09-05 20:30:00,338.19966666666664,315.3884,335.6,276.6897155670345,289.1506339935482
2018-09-05 20:45:00,276.44733333333335,253.2344,275.1,220.10878835253797,231.47852025561414
2018-09-05 21:00:00,216.607,191.5124,209.7,157.0167523923203,163.370529324083
2018-09-06 11:15:00,186.586,164.8432,162.7,121.33879989692025,119.37345260688119
2018-09-06 11:30:00,242.18966666666668,194.984,222.6,164.96260598042525,125.46184304097213
2018-09-06 11:45:00,296.0833333333333,302.6208,283.0,265.62245393874593,232.87114263656085
2018-09-06 12:00:00,351.957,366.6432,344.9,327.3045640314211,285.06914761906756
2018-09-06 12:15:00,406.877,426.812,404.2,383.7032278512981,341.4678114389446
2018-09-06 12:30:00,461.5463333333333,485.1576,461.80002,440.74106835452176,411.73396777239896
2018-09-06 12:45:00,514.353,541.2516,517.60004,495.80702580698375,465.26207770594004
2018-09-06 13:00:00,563.5983333333334,594.7368,571.0,552.6476563270222,516.6375306899678
2018-09-06 13:15:00,612.3663333333334,645.3024,621.7,601.4789057318508,577.2411385123073
2018-09-06 13:30:00,659.1129999999999,692.6688,669.3,647.421247986083,623.1834807665396
2018-09-06 13:45:00,702.439,736.5808,713.7,690.1689507814757,665.9311835619322
2018-09-06 14:00:00,742.2593333333333,776.8052,754.60004,729.4503029750084,704.5028475688194
2018-09-06 14:15:00,781.7966666666667,813.1308,791.5,765.0244596143215,740.0770042081325
2018-09-06 14:30:00,816.7193333333333,845.368,824.60004,796.6794209124977,781.7388062121803
2018-09-06 14:45:00,847.1946666666666,873.3524,853.5,824.2307416320056,809.2901269316882
2018-09-06 15:00:00,872.8376666666667,896.8488,877.8,847.5207163182314,832.580101617914
2018-09-06 15:15:00,895.9853333333334,915.7372,897.9,866.4178753797374,851.47726067942
2018-09-06 15:30:00,913.2543333333334,930.0168,913.7,880.816682812012,866.8904247248538
2018-09-06 15:45:00,925.668,939.6172,924.9,890.6373623726912,876.711104285533
2018-09-06 16:00:00,933.2313333333334,944.4904,931.4,895.8258031455173,881.8995450583591
2018-09-06 16:15:00,936.6793333333334,944.6116,933.2,896.3535123249908,882.4272542378326
2018-09-06 16:30:00,932.1773333333332,939.9796,930.2,892.2175955588915,878.2913374717333
2018-09-06 16:45:00,924.92,930.6156,922.7,883.4407551470715,877.6296646777112
2018-09-06 17:00:00,912.142,916.5644,910.5,870.0713051352978,867.8639229331494
2018-09-06 17:15:00,892.3173333333333,897.8944,893.5,852.183210963412,849.9758287612635
2018-09-06 17:30:00,876.0963333333333,874.696,872.0,829.8761709081506,827.6687887060021
2018-09-06 17:45:00,845.978,847.084,846.2,803.27576835404,801.0683861518916
2018-09-06 18:00:00,817.9060000000001,815.0356,813.0,772.5337396242097,770.3263574220613
2018-09-06 18:15:00,786.754,778.7196,778.8,732.3632467347692,735.6210420686315
2018-09-06 18:30:00,751.101,738.4864,740.60004,693.9003199688276,697.1581153026899
2018-09-06 18:45:00,710.765,694.5456,698.7,650.3761097720626,655.1717526248458
2018-09-06 19:00:00,666.4803333333333,647.1292,653.4,603.3225464933236,609.9264569394905
2018-09-06 19:15:00,612.4006666666667,596.4948,604.7,555.1160003401465,561.7199107863134
2018-09-06 19:30:00,559.4546666666666,542.9308,553.10004,504.28353267170763,507.2837348506627
2018-09-06 19:45:00,506.179,486.762,499.1,451.2051950625541,446.0902296237113
2018-09-06 20:00:00,450.023,428.364,442.5,391.5513818310126,391.202237849079
2018-09-06 20:15:00,387.9096666666667,368.1812,384.1,335.36519154213926,335.01604756020566
2018-09-06 20:30:00,327.2026666666667,306.7516,324.30002,272.9635011930932,278.1515543241967
2018-09-06 20:45:00,267.22433333333333,244.762,263.9,198.70928272246186,220.38401892422502
2018-09-06 21:00:00,213.20666666666665,183.802,198.6,141.16901773202946,150.9019377826505
2018-09-07 11:15:00,173.41666666666666,128.9676,156.7,106.2349294542017,121.09306467759038
2018-09-07 11:30:00,230.34233333333336,179.2648,215.8,163.42339695916826,176.4753550432747
2018-09-07 11:45:00,287.0586666666667,255.3196,275.9,226.02549065359372,233.27757538564938
2018-09-07 12:00:00,342.0756666666667,370.2936,349.7,331.93230445839106,289.69688804603754
2018-09-07 12:15:00,396.4263333333334,433.4028,408.80002,390.2584387794448,346.2147547737075
2018-09-07 12:30:00,451.64666666666665,491.9512,466.7,447.11581398863257,416.57086588758887
2018-09-07 12:45:00,505.69233333333335,548.24,522.4,506.17515084035347,470.165025203299
2018-09-07 13:00:00,557.928,601.918,575.7,557.596250310154,521.5861246730996
2018-09-07 13:15:00,606.5456666666666,652.6784,626.3,606.4551609680562,577.5924023315816
2018-09-07 13:30:00,651.1496666666666,700.2464,674.10004,652.408930534813,628.1711633152695
2018-09-07 13:45:00,692.5786666666667,744.3684,718.3,695.1531562922228,670.9153890726793
2018-09-07 14:00:00,731.8836666666666,784.81,759.10004,739.213147764863,709.4697290713206
2018-09-07 14:15:00,767.5696666666666,821.3588,796.10004,774.7570132892259,745.0135945956835
2018-09-07 14:30:00,803.884,853.8236,829.10004,806.3694804754932,784.5728076544483
2018-09-07 14:45:00,834.1123333333333,882.038,858.10004,833.8667936653262,814.1302156776553
2018-09-07 15:00:00,862.109,905.854,884.10004,857.0918904337218,837.3553124460509
2018-09-07 15:15:00,883.938,925.1556,904.4,875.9139168517542,857.1916954772424
2018-09-07 15:30:00,900.8706666666666,939.8552,920.10004,890.2279383797929,871.5057170052812
2018-09-07 15:45:00,913.5226666666666,949.8804,931.3,899.9547749889912,881.2325536144795
2018-09-07 16:00:00,920.5056666666668,955.1808,937.60004,905.0409126224669,886.3186912479551
2018-09-07 16:15:00,923.8903333333332,955.7296,939.3,905.458459610521,886.7362382360093
2018-09-07 16:30:00,919.3866666666668,951.522,936.4,901.2051289012572,890.5980751445434
2018-09-07 16:45:00,916.6693333333334,942.5772,928.60004,892.3042367500663,885.3008912605643
2018-09-07 17:00:00,904.2496666666668,928.9368,916.3,878.8047171189436,871.8013716294416
2018-09-07 17:15:00,884.392,910.666,899.4,860.7811595507665,853.7778140612645
2018-09-07 17:30:00,860.3626666666667,887.89,878.0,838.3338877703219,832.4217288042574
2018-09-07 17:45:00,829.761,860.6964,852.10004,811.589107958401,805.6769489923365
2018-09-07 18:00:00,798.4490000000001,829.1304,818.10004,780.6991712212775,773.6958257317756
2018-09-07 18:15:00,765.8953333333334,793.3536,783.8,745.8430167730253,738.8396712835233
2018-09-07 18:30:00,716.4490000000001,753.6228,745.60004,707.2268948649314,700.2235493754295
2018-09-07 18:45:00,678.6919999999999,710.1432,703.8,660.2895551644326,658.0821729622842
2018-09-07 19:00:00,644.67,663.142,658.3,614.8879088002973,612.6805265981488
2018-09-07 19:15:00,595.4346666666667,612.866,609.7,566.5240743370732,564.3166921349248
2018-09-07 19:30:00,547.6676666666666,559.5836,558.10004,515.533657452478,513.3262752503296
2018-09-07 19:45:00,495.96866666666665,503.5912,503.80002,456.8316224213945,460.0894177552568
2018-09-07 20:00:00,443.8326666666666,445.2284,447.30002,401.784337076034,405.0421324098963
2018-09-07 20:15:00,354.632,384.9028,389.0,342.0912790778102,336.97631363896744
2018-09-07 20:30:00,259.4886666666667,323.1164,329.2,285.0630479228244,279.94808248398164
2018-09-07 20:45:00,225.42866666666663,260.4968,268.4,223.3742175223853,222.01071692729252
2018-09-07 21:00:00,195.1733333333333,197.972,201.7,163.84573928850978,156.97132007616847
2018-09-08 11:15:00,166.3203333333333,126.2824,144.0,112.05548190011473,104.77756594552488
2018-09-08 11:30:00,218.041,178.2548,200.8,167.7214576369185,160.44354168232866
2018-09-08 11:45:00,266.855,233.134,259.0,224.7280231884501,217.45010723386025
2018-09-08 12:00:00,319.1936666666667,310.5196,329.5,287.7537400475718,295.00582477962746
2018-09-08 12:15:00,372.85,427.0336,387.7,388.4543323604191,351.6388053981388
2018-09-08 12:30:00,426.5206666666666,487.3272,444.5,448.62586674818755,407.0445183289981
2018-09-08 12:45:00,477.751,542.5284,499.30002,502.2825155521645,460.70116713297506
2018-09-08 13:00:00,526.8026666666667,595.1408,551.9,553.7458555120703,512.1645070928809
2018-09-08 13:15:00,575.1203333333334,644.8564,601.7,602.6291478807302,561.0477994615408
2018-09-08 13:30:00,620.8123333333333,691.398,648.3,648.5911798514618,607.0098314322723
2018-09-08 13:45:00,663.7526666666668,734.5096,691.9,691.3288754484512,649.7475270292617
2018-09-08 14:00:00,702.0016666666667,773.9588,731.8,730.5726407243271,688.9912923051377
2018-09-08 14:15:00,737.5076666666666,809.5344,768.0,766.0833960262513,724.5020476070619
2018-09-08 14:30:00,770.7143333333333,841.0508,800.4,797.6506771942536,756.0693287750642
2018-09-08 14:45:00,803.3016666666666,868.3564,828.5,825.0914265699469,785.7596957273565
2018-09-08 15:00:00,831.5953333333333,891.1484,855.8,848.2492336542497,798.5229114801774
2018-09-08 15:15:00,854.2896666666667,909.3096,875.60004,866.9938691884821,817.2675470144098
2018-09-08 15:30:00,873.3153333333333,922.9032,890.9,881.2210089624648,834.8993021906142
2018-09-08 15:45:00,888.497,931.8584,901.60004,890.8520776989709,848.0695535900842
2018-09-08 16:00:00,894.8396666666666,936.1304,907.8,895.8341662768278,858.3170335177335
2018-09-08 16:15:00,897.0079999999999,935.6888,909.60004,896.1399916750696,858.6228589159754
2018-09-08 16:30:00,893.73,930.5304,906.7,891.7678810149257,854.2507482558315
2018-09-08 16:45:00,883.34,920.6752,899.10004,882.7417706827279,842.3336276392098
2018-09-08 17:00:00,852.6946666666666,906.1676,887.0,869.11121999343,826.8758035810765
2018-09-08 17:15:00,836.1583333333333,887.076,870.5,850.9514472637657,808.7160308514121
2018-09-08 17:30:00,828.3086666666666,863.4924,849.5,828.3634055577679,786.1279891454144
2018-09-08 17:45:00,804.99,835.5504,824.10004,796.708105508037,763.27376121635
2018-09-08 18:00:00,776.0306666666667,803.4056,795.7,765.6701582697747,743.2371467379448
2018-09-08 18:15:00,739.9753333333333,767.2172,762.10004,730.663282894231,708.2302713624011
2018-09-08 18:30:00,701.616,727.14,724.5,691.894305656741,676.608661125491
2018-09-08 18:45:00,659.1753333333334,683.3824,683.2,649.5984774187122,638.9378243043933
2018-09-08 19:00:00,614.838,636.1864,638.60004,604.0412644920223,593.3806113777034
2018-09-08 19:15:00,564.057,585.8108,590.7,551.7349142045524,544.8604949922111
2018-09-08 19:30:00,509.9306666666667,532.5504,539.7,498.8368140745911,493.71335807330934
2018-09-08 19:45:00,455.593,476.748,486.1,436.17681918619803,440.31943450449637
2018-09-08 20:00:00,400.40866666666665,418.8004,430.4,372.73695504347205,385.11453872600913
2018-09-08 20:15:00,342.1256666666667,359.1756,372.5,321.6662403576265,323.98377480434283
2018-09-08 20:30:00,284.463,298.4408,313.5,257.06107095533054,259.64662400537173
2018-09-08 20:45:00,227.50333333333336,237.3292,253.8,201.534181594441,202.55628079135187
2018-09-08 21:00:00,170.32933333333332,177.138,191.2,130.508974850005,131.59806233627208
2018-09-09 11:15:00,142.57133333333334,104.0472,136.90001,111.27390406205379,96.28902933671199
2018-09-09 11:30:00,188.92633333333333,150.5192,191.6,140.6923724571865,152.23092378775291
2018-09-09 11:45:00,238.09766666666667,199.2124,248.40001,177.24681387309843,209.43614111308867
2018-09-09 12:00:00,287.607,273.4936,285.9,281.79463855311417,247.38271228358292
2018-09-09 12:15:00,340.5883333333333,365.5444,341.9,350.7558244410873,304.1266740504623
2018-09-09 12:30:00,391.3383333333333,359.204,397.30002,341.22316346231173,359.61477265420626
2018-09-09 12:45:00,443.197,409.28,451.0,394.93872601819857,413.3303352100931
2018-09-09 13:00:00,492.1536666666667,461.908,502.80002,446.4408985031897,464.83250769508425
2018-09-09 13:15:00,538.0983333333332,536.2136,552.2,559.1242998998205,513.736913577799
2018-09-09 13:30:00,581.3979999999999,647.5228,598.7,602.1918009301041,559.7040670891618
2018-09-09 13:45:00,622.152,693.2308,642.2,653.7898348209226,602.4322155353391
2018-09-09 14:00:00,663.9060000000001,732.2228,682.10004,693.0104459086664,641.6528266230829
2018-09-09 14:15:00,700.7903333333333,767.3668,718.4,728.4853304111473,692.9557331287376
2018-09-09 14:30:00,734.6829999999999,798.4764,750.60004,760.0048025179533,724.4752052355436
2018-09-09 14:45:00,765.8573333333334,825.3884,778.8,787.3865104163287,751.8569131339191
2018-09-09 15:00:00,793.4286666666667,842.3948,798.8,804.1673546431108,759.1170845625444
2018-09-09 15:15:00,814.6296666666666,849.008,818.5,822.8324374352161,793.6101893578235
2018-09-09 15:30:00,829.248,866.6688,833.5,836.9707039642904,807.7484558868978
2018-09-09 15:45:00,840.1453333333334,870.5876,844.10004,846.5041916183433,817.2819435409507
2018-09-09 16:00:00,845.0113333333334,865.5432,850.2,843.7745531533949,829.153381202101
2018-09-09 16:15:00,846.936,855.9776,851.5,845.7733991684969,819.115211302286
2018-09-09 16:30:00,844.3366666666666,848.5404,848.3,841.2812723766699,814.623084510459
2018-09-09 16:45:00,835.996,832.3804,840.5,832.1289119047351,817.3245715421863
2018-09-09 17:00:00,824.432,811.5244,828.0,813.0099473777562,803.5621667686254
2018-09-09 17:15:00,811.572,806.6184,811.2,800.069909069957,780.2465638856308
2018-09-09 17:30:00,790.222,821.8564,789.7,783.1405765982888,757.5173580619119
2018-09-09 17:45:00,763.7006666666667,796.028,764.2,756.1062233302956,730.4830047939187
2018-09-09 18:00:00,737.931,764.1848,739.60004,724.9203095286206,699.2970909922436
2018-09-09 18:15:00,705.8566666666667,728.1928,705.60004,689.7629777804558,664.1397592440788
2018-09-09 18:30:00,671.9843333333333,688.356,667.7,650.8416304861232,625.2184119497463
2018-09-09 18:45:00,631.401,644.8916,626.3,608.3920559371002,590.0320400679595
2018-09-09 19:00:00,593.2356666666667,598.0504,581.60004,562.6802013196142,544.3201854504736
2018-09-09 19:15:00,541.5933333333334,548.1236,533.60004,514.0049462262675,491.92004632392377
2018-09-09 19:30:00,489.0833333333333,495.4528,483.1,462.70245013852616,435.5767596783211
2018-09-09 19:45:00,435.73566666666665,440.4404,430.1,409.1530394275175,396.97754427981243
2018-09-09 20:00:00,383.644,383.574,375.6,353.7923331504264,341.6168380027213
2018-09-09 20:15:00,326.88033333333334,325.4784,319.9,297.1297601440017,275.90254533076927
2018-09-09 20:30:00,269.386,266.8688,263.7,239.78070106844154,226.70291176180092
2018-09-09 20:45:00,213.775,208.7396,208.0,182.52559202955135,169.44780272291072
2018-09-09 21:00:00,157.40166666666667,152.3904,154.2,126.4275256234653,113.34973631682467
2018-09-10 11:15:00,156.02233333333334,82.7128,105.3,62.567081225594904,42.548228991708186
2018-09-10 11:30:00,177.759,129.672,149.8,118.77711964936162,90.60245229096319
2018-09-10 11:45:00,238.74966666666663,182.9504,203.7,176.17524937605532,144.65416935896548
2018-09-10 12:00:00,295.169,221.2656,237.2,227.55173825717497,177.64420651889372
2018-09-10 12:15:00,342.492,270.5056,288.30002,284.4025114883051,230.26319874416447
2018-09-10 12:30:00,387.58566666666667,323.3316,339.9,339.96917240478405,285.8298596606434
2018-09-10 12:45:00,430.1236666666666,372.4336,390.9,393.7400629930265,349.5644648484953
2018-09-10 13:00:00,479.4986666666666,424.49,440.6,445.2776636606792,386.43453927103076
2018-09-10 13:15:00,520.0606666666666,474.306,488.30002,494.1999315967304,429.8848223438007
2018-09-10 13:30:00,565.0073333333333,522.0804,533.8,540.1690950569695,475.8539858040398
2018-09-10 13:45:00,605.8346666666667,566.8272,576.4,582.8847205756837,518.569611322754
2018-09-10 14:00:00,645.2326666666667,629.544,615.7,628.2195212584795,557.7642295104326
2018-09-10 14:15:00,683.4256666666666,717.4344,651.7,721.2978436418377,593.2005459733807
2018-09-10 14:30:00,713.8666666666667,750.918,683.60004,752.7669571706609,624.6696595022039
2018-09-10 14:45:00,741.8623333333333,777.7748,711.60004,780.0872290595781,642.4127829536211
2018-09-10 15:00:00,768.455,800.466,736.3,803.1035770135928,695.1457904535342
2018-09-10 15:15:00,791.8676666666667,818.8744,755.60004,821.6870457551412,706.0008046052388
2018-09-10 15:30:00,809.332,832.7404,770.7,835.7345558842597,720.0483147343574
2018-09-10 15:45:00,823.5546666666667,841.9912,781.2,845.1687647292869,727.2472635696189
2018-09-10 16:00:00,831.9186666666667,846.5768,787.10004,849.9379946813652,732.0164935216973
2018-09-10 16:15:00,832.4986666666666,846.4736,788.4,850.0161998876196,732.0946987279516
2018-09-10 16:30:00,830.7890000000001,841.6808,784.9,845.4029536836366,727.4814525239686
2018-09-10 16:45:00,824.7343333333333,832.2232,776.9,836.1234484105682,718.2019472509003
2018-09-10 17:00:00,815.7906666666667,818.15,764.2,822.2285074828457,704.3070063231777
2018-09-10 17:15:00,800.8373333333333,772.7944,747.3,747.088601235957,700.900872354121
2018-09-10 17:30:00,779.3666666666667,685.4848,725.7,717.141811204584,667.2342794663027
2018-09-10 17:45:00,755.167,651.0592,700.0,695.3180997074379,645.9376218021645
2018-09-10 18:00:00,725.9050000000001,607.4496,682.0,642.4685571876868,620.7685907570227
2018-09-10 18:15:00,693.0323333333333,559.4572,648.10004,605.1851831251132,585.4612146192538
2018-09-10 18:30:00,657.7336666666666,506.1676,610.7,536.8710388753625,546.3881287191125
2018-09-10 18:45:00,620.0773333333333,448.8092,569.60004,504.1155371287606,503.7856573680184
2018-09-10 19:00:00,575.0436666666667,386.4052,525.60004,421.59312408709934,463.93202179217747
2018-09-10 19:15:00,526.2136666666667,324.2012,478.7,373.19609318604023,415.10290776123554
2018-09-10 19:30:00,472.49533333333335,259.4512,429.4,301.0848684259735,370.11412715400087
2018-09-10 19:45:00,350.3876666666667,185.6848,378.4,218.18089854663464,319.75734507983776
2018-09-10 20:00:00,355.51166666666666,113.976,326.4,165.32988672961636,264.2427437852804
2018-09-10 20:15:00,302.71500000000003,50.552,227.8,93.60914350768434,177.5559361102234
2018-09-10 20:30:00,239.811,19.8748,175.3,74.52023002048509,117.81470939060227
2018-09-10 20:45:00,183.205,15.6052,133.1,35.867230627009945,76.67651102251776
2018-09-10 21:00:00,82.85533333333333,12.0036,93.9,42.10497997514619,32.88439129106416
2018-09-11 11:00:00,91.59,54.9016,69.5,65.71736378369515,31.3054375141639
2018-09-11 11:15:00,141.478,92.1992,110.3,67.63684106038718,70.28206658528953
2018-09-11 11:30:00,187.71366666666663,134.3284,157.2,123.17126004503413,94.9965926866357
2018-09-11 11:45:00,238.1173333333333,179.9152,207.8,180.75652525021752,149.23544523312768
2018-09-11 12:00:00,289.09766666666667,229.9568,281.2,233.99709236171856,218.39262306240215
2018-09-11 12:15:00,341.6616666666667,281.6008,336.7,289.22467758033514,270.2077555832648
2018-09-11 12:30:00,393.4076666666666,333.7048,391.30002,344.86605983883084,325.8491378417605
2018-09-11 12:45:00,444.0746666666666,386.2548,444.80002,398.68868856694644,379.6717665698761
2018-09-11 13:00:00,490.5523333333333,440.1504,496.2,450.2583222365773,431.241400239507
2018-09-11 13:15:00,534.4209999999999,492.5272,545.3,499.19522283057836,480.17830083350805
2018-09-11 13:30:00,578.2403333333333,541.7876,591.7,546.889118634922,526.1463970773049
2018-09-11 13:45:00,621.7186666666668,605.9088,634.8,594.003674596375,568.8465701041875
2018-09-11 14:00:00,657.6053333333333,692.7104,674.60004,690.8115245083968,608.0124140957992
2018-09-11 14:15:00,695.3233333333334,730.5924,710.7,726.2066437278098,599.8406845603294
2018-09-11 14:30:00,729.0573333333334,762.2808,742.8,757.6229272316646,679.9620690773677
2018-09-11 14:45:00,758.548,789.8028,770.9,784.8794560893355,730.8186650737105
2018-09-11 15:00:00,787.4023333333333,813.2152,800.9,807.8218230874409,768.5714263589252
2018-09-11 15:15:00,809.554,832.398,820.4,826.3217210364,787.0713243078844
2018-09-11 15:30:00,827.0586666666667,847.0444,835.4,840.2767037623328,801.0263070338171
2018-09-11 15:45:00,840.5020000000001,857.0804,846.0,849.6100551572474,810.3596584287318
2018-09-11 16:00:00,854.159,862.4552,851.9,854.2707228606029,815.0203261320872
2018-09-11 16:15:00,857.9786666666666,861.7812,853.0,854.2332881712244,814.9828914427088
2018-09-11 16:30:00,859.9576666666667,852.8812,849.5,849.4979550583727,810.247558329857
2018-09-11 16:45:00,850.4456666666667,837.7136,841.4,840.090550239612,800.8401535110963
2018-09-11 17:00:00,840.7976666666667,813.2708,828.60004,821.2240639296616,802.6401596633042
2018-09-11 17:15:00,825.2009999999999,780.2028,811.5,772.6987734233938,787.5932283794485
2018-09-11 17:30:00,803.0116666666668,749.6964,789.8,727.7728851380873,749.1499450746107
2018-09-11 17:45:00,776.4046666666667,721.2012,763.9,708.9546896020668,730.4966741601722
2018-09-11 18:00:00,748.0186666666667,685.8912,739.9,668.0317333029367,705.8503940390207
2018-09-11 18:15:00,717.037,627.9168,705.5,628.8367138469182,670.3935337626897
2018-09-11 18:30:00,680.2503333333333,580.9588,667.60004,587.2106441753816,631.1694874065828
2018-09-11 18:45:00,641.4893333333333,617.2648,625.9,608.2384581394734,588.4151129551473
2018-09-11 19:00:00,600.1803333333334,574.3788,581.0,562.2206578961298,542.3973127118036
2018-09-11 19:15:00,556.2496666666666,525.0552,532.9,513.2391008029949,493.41575561866875
2018-09-11 19:30:00,505.958,473.1516,482.2,461.6304925263608,441.8071473420346
2018-09-11 19:45:00,454.051,419.1064,429.4,407.77533999202154,387.95199480769537
2018-09-11 20:00:00,398.8203333333333,363.444,374.7,352.10887331399044,332.28552812966427
2018-09-11 20:15:00,345.95366666666666,235.9132,318.9,237.49719740632565,282.57906080964597
2018-09-11 20:30:00,290.4603333333333,38.792,262.80002,79.28644032070082,221.1937584359352
2018-09-11 20:45:00,234.30866666666668,17.4856,207.2,37.45038579579037,173.52650807972591
2018-09-11 21:00:00,180.759,13.1592,154.1,43.51774339801514,116.18232469684327
2018-09-12 11:00:00,97.946,77.2396,86.9,74.3517802944144,54.528435110088225
2018-09-12 11:15:00,153.51233333333332,88.0352,135.6,70.86885710778313,101.85267516198235
2018-09-12 11:30:00,204.36566666666667,127.6432,189.0,127.59187044524285,165.3360721053991
2018-09-12 11:45:00,256.39966666666663,171.7196,244.5,179.2182823073432,219.57809599752875
2018-09-12 12:00:00,307.56333333333333,219.2628,297.6,237.00670890764223,261.53850059465395
2018-09-12 12:15:00,358.796,268.0512,353.9,294.058481713148,318.59027340015973
2018-09-12 12:30:00,410.474,338.094,409.2,349.77073285113596,374.3025245381477
2018-09-12 12:45:00,458.5383333333333,443.7404,463.2,436.061803305793,428.17330309216993
2018-09-12 13:00:00,506.2796666666666,474.0416,514.9,461.3799800293899,479.77158922128444
2018-09-12 13:15:00,554.1296666666666,486.6588,564.4,504.1881287146126,528.7199204016243
2018-09-12 13:30:00,601.4150000000001,582.6596,610.8,557.2282919515686,574.6839117635803
2018-09-12 13:45:00,641.1229999999999,625.5444,654.10004,599.9101340401413,617.365753852153
2018-09-12 14:00:00,681.2103333333333,662.314,693.7,639.0444846998358,656.5001045118476
2018-09-12 14:15:00,716.5556666666666,695.3328,729.7,682.9016942062668,691.8514699020676
2018-09-12 14:30:00,750.482,724.3908,761.9,704.8209252268912,723.2125344187857
2018-09-12 14:45:00,777.7943333333334,745.154,789.8,732.0114957812829,750.4031049731774
2018-09-12 15:00:00,801.2819999999999,753.862,806.5,754.8778467459427,773.2694559378373
2018-09-12 15:15:00,825.6103333333334,764.7108,825.7,768.8779426480069,791.6839347744717
2018-09-12 15:30:00,836.5373333333333,771.1576,840.5,781.0129432049729,805.5447348919846
2018-09-12 15:45:00,851.8086666666667,772.9416,850.8,790.2439810182287,814.7757727052405
2018-09-12 16:00:00,861.0053333333333,772.9524,856.5,794.7948348364935,819.3266265235052
2018-09-12 16:15:00,860.8333333333334,766.8688,857.60004,794.6407178897466,819.1725095767583
2018-09-12 16:30:00,859.134,753.218,854.2,795.1380138844816,814.314260527548
2018-09-12 16:45:00,850.2733333333333,733.6792,846.0,764.0862432274254,820.6063657555015
2018-09-12 17:00:00,833.1806666666666,714.4284,833.2,749.9247591234925,806.4448816515687
2018-09-12 17:15:00,811.213,687.1084,815.9,729.2394747770386,766.7997012174683
2018-09-12 17:30:00,790.004,654.894,794.2,685.8071170204817,761.3461871498762
2018-09-12 17:45:00,764.6113333333334,624.2036,768.10004,656.4242577919264,733.8776345619459
2018-09-12 18:00:00,734.1113333333334,585.0392,733.3,625.5028411647619,712.4804069301427
2018-09-12 18:15:00,700.0343333333333,530.7144,698.9,550.850376678515,666.6439328918939
2018-09-12 18:30:00,658.5903333333333,489.9892,660.60004,514.3735270883286,627.2698512460435
2018-09-12 18:45:00,614.059,531.3016,619.0,547.2407110396507,584.3647115889671
2018-09-12 19:00:00,567.403,488.464,573.9,501.0718879243308,550.0497359773093
2018-09-12 19:15:00,518.0673333333333,439.6668,525.8,451.93943911632607,495.89828234752724
2018-09-12 19:30:00,467.655,389.1572,475.4,400.1803374922054,444.1391807234066
2018-09-12 19:45:00,415.888,337.598,422.6,346.1751752284538,390.13401845965495
2018-09-12 20:00:00,349.1263333333333,224.8964,368.2,272.22267865332896,334.31782864722544
2018-09-12 20:15:00,270.1786666666667,47.1528,246.8,73.16820856372061,192.61094232836905
2018-09-12 20:30:00,150.66866666666664,15.9684,198.40001,51.81596394810521,137.5666200760349
2018-09-12 20:45:00,167.32766666666666,12.2428,135.40001,43.50621696497953,71.0063085177139
2018-09-12 21:00:00,125.31866666666666,9.2228,78.9,44.924081451190546,14.397103912128046
2018-09-12 21:15:00,77.73766666666667,6.034,54.9,9.568703311214719,-11.850242001285281
2018-09-13 11:00:00,90.84166666666668,34.2884,64.700005,20.549071303796552,24.13028620858171
2018-09-13 11:15:00,128.66,49.3828,99.4,68.92803572409832,37.07955549948895
2018-09-13 11:30:00,126.38566666666668,83.2964,126.4,109.73559723278933,71.75659332653933
2018-09-13 11:45:00,199.5773333333333,126.4312,173.2,167.67769292179435,111.22114995304435
2018-09-13 12:00:00,213.5073333333333,168.132,190.2,194.37771274619757,143.8367276387757
2018-09-13 12:15:00,269.27933333333334,206.7828,233.1,261.37060259089117,182.19857500300054
2018-09-13 12:30:00,297.24233333333336,220.222,277.4,260.2701039582795,237.97783711257637
2018-09-13 12:45:00,369.584,190.9652,322.2,226.7958944010412,260.2703359293615
2018-09-13 13:00:00,424.5513333333333,178.8952,264.7,191.54938581950137,190.34674910075137
2018-09-13 13:15:00,299.8586666666667,182.8352,255.5,193.40072288928934,151.5975612681956
2018-09-13 13:30:00,200.9103333333333,161.8816,245.0,211.16355490713818,148.6159780028413
2018-09-13 13:45:00,133.225,165.3936,222.90001,175.68410681319062,91.07995031905
2018-09-13 14:00:00,144.126,200.6084,217.0,178.49607326969897,69.73496487126147
2018-09-13 14:15:00,102.06466666666668,216.278,240.6,143.4645353974828,105.04009692092029
2018-09-13 14:30:00,105.992,234.0488,258.7,205.22785655882717,136.34364025023342
2018-09-13 14:45:00,156.81966666666668,254.2304,262.9,200.4610671514173,118.33661646782355
2018-09-13 15:00:00,172.968,294.122,287.5,255.1387535260485,141.12502061589225
2018-09-13 15:15:00,229.224,327.3812,311.7,312.0741703010759,200.69453162920092
2018-09-13 15:30:00,212.1263333333333,336.7404,342.0,329.5501893706072,218.3469423002947
2018-09-13 15:45:00,244.4593333333333,351.8312,333.6,336.23544454569424,223.58700704569424
2018-09-13 16:00:00,308.2676666666667,387.0172,305.0,398.89344298951494,186.7847393762337
2018-09-13 16:15:00,219.9453333333333,376.4636,338.5,359.83481176147416,227.75522191772416
2018-09-13 16:30:00,195.342,359.8632,333.0,335.42180635381635,222.77336885381635
2018-09-13 16:45:00,197.74366666666668,368.2016,341.30002,383.974988365616,216.99580135389726
2018-09-13 17:00:00,272.439,368.5072,325.5,425.8900866748247,202.7006030322466
2018-09-13 17:15:00,302.9926666666667,374.3348,375.80002,407.04299235386713,244.2986991409765
2018-09-13 17:30:00,268.24566666666664,349.0908,386.2,383.7481329019296,275.9754583413827
2018-09-13 17:45:00,276.981,280.7612,351.80002,299.9251919744936,207.50813875183735
2018-09-13 18:00:00,290.25933333333336,228.9472,287.4,209.93274453146898,139.28204873068773
2018-09-13 18:15:00,492.783,172.8224,244.40001,134.30230066846616,111.60692713330991
2018-09-13 18:30:00,568.5,111.9848,217.6,70.4626056356941,86.34023014741285
2018-09-13 18:45:00,244.14866666666663,66.8196,187.5,27.407982659794357,43.28560717151311
2018-09-13 19:00:00,120.395,36.5216,167.5,5.406273676397177,78.84713060999093
2018-09-13 19:15:00,83.43866666666666,30.0764,148.8,15.432663588420041,47.88230958451379
2018-09-13 19:30:00,41.037,27.356,157.7,53.242630366289916,44.91307104011804
2018-09-13 19:45:00,48.482,24.7788,159.40001,37.99354910500284,82.35634207375284
2018-09-13 20:00:00,49.84,22.0172,101.8,77.98615765089676,26.392682309099882
2018-09-13 20:15:00,50.92033333333334,19.1444,71.5,53.30739321130636,18.664784568728237
2018-09-13 20:30:00,75.97866666666667,16.2784,38.2,53.534564618918125,-13.293560381081875
2018-09-13 20:45:00,138.22299999999998,13.4856,20.1,45.07101042053759,-26.671390702509285
2018-09-13 21:00:00,100.514,10.4068,2.1000001,46.324670915269365,-36.20552622828532
2018-09-13 21:15:00,50.688,6.9696,7.5,17.651575122139107,-45.75943562004839
2018-09-14 11:00:00,11.271666666666668,12.5028,65.0,18.288425756648195,-0.7284962404221176
2018-09-14 11:15:00,17.06833333333333,16.2188,75.1,56.99551228163597,19.016508375385968
2018-09-14 11:30:00,27.497666666666667,19.83,92.700005,58.55693102132747,42.159485342616534
2018-09-14 11:45:00,41.48566666666667,23.2568,128.1,64.86164905032877,89.78207446536783
2018-09-14 12:00:00,55.970333333333336,26.7344,146.3,64.71374795452158,100.58368203655283
2018-09-14 12:15:00,66.857,29.9384,169.1,33.89856953138161,113.31022114270974
2018-09-14 12:30:00,81.45533333333333,43.8644,204.40001,32.99211437483615,146.47584850569552
2018-09-14 12:45:00,86.46566666666668,84.5544,228.1,97.77298621617359,147.5661991067986
2018-09-14 13:00:00,81.28933333333333,110.0624,262.4,140.64511414579852,194.1588775735329
2018-09-14 13:15:00,99.26233333333332,111.928,279.5,216.45415593526388,197.88427068135763
2018-09-14 13:30:00,98.06733333333334,126.3348,273.6,110.27997463440136,183.3918520758076
2018-09-14 13:45:00,94.99966666666666,159.8424,250.90001,144.34143049953434,107.19665510890934
2018-09-14 14:00:00,108.45166666666668,228.0152,262.5,241.62298736722335,163.33783111722335
2018-09-14 14:15:00,114.76633333333332,262.8232,316.7,276.8794879597715,170.34549137774025
2018-09-14 14:30:00,121.316,282.3092,342.4,327.75275435987123,201.58930221143373
2018-09-14 14:45:00,123.90833333333332,310.484,342.7,354.8051497842753,214.38534997958777
2018-09-14 15:00:00,145.25833333333333,345.5476,353.80002,357.8843287860716,223.1005153095091
2018-09-14 15:15:00,168.26666666666668,373.6268,366.30002,478.60114786663576,209.143689370542
2018-09-14 15:30:00,174.938,374.7428,390.1,389.7908260108045,356.38671224127324
2018-09-14 15:45:00,162.9163333333333,362.5508,392.30002,340.5952956831095,231.834187284672
2018-09-14 16:00:00,228.02766666666668,363.2456,351.9,344.92329575098324,217.28523422754574
2018-09-14 16:15:00,214.948,337.3776,328.1,304.65634407910125,190.642611168945
2018-09-14 16:30:00,176.95666666666665,330.6628,297.0,299.5503421385537,226.63212924792867
2018-09-14 16:45:00,124.47966666666666,336.6032,284.1,320.50004085696173,146.48484310305548
2018-09-14 17:00:00,130.42566666666667,332.508,300.1,315.2040270295688,161.3134020295688
2018-09-14 17:15:00,181.884,303.9804,299.6,298.66139107336744,168.58119087805494
2018-09-14 17:30:00,211.418,264.4356,276.6,232.90658756961454,145.1454181360208
2018-09-14 17:45:00,192.089,241.6056,259.7,205.15042466063835,136.2662083520446
2018-09-14 18:00:00,136.75933333333333,201.8888,248.5,173.23054572537524,104.34632941678149
2018-09-14 18:15:00,113.31533333333331,147.7072,238.3,113.01343505741147,121.42865722538022
2018-09-14 18:30:00,117.75033333333334,96.6564,218.0,71.87353052928427,103.00139918162802
2018-09-14 18:45:00,108.62433333333334,56.6196,197.2,28.670849708653122,40.40888681802812
2018-09-14 19:00:00,116.827,42.8496,171.40001,7.990346445185764,67.14543677721701
2018-09-14 19:15:00,78.78366666666668,39.6708,153.1,56.6562765640133,47.57833466948205
2018-09-14 19:30:00,70.89033333333333,36.772,122.3,61.473262164169284,43.971431109481784
2018-09-14 19:45:00,75.69933333333333,33.8932,93.200005,23.882931471548375,-7.095706223764125
2018-09-14 20:00:00,93.28366666666668,30.7608,66.700005,44.272882305636756,-2.490087665066369
2018-09-14 20:15:00,81.839,27.4168,46.3,55.161490243824744,-29.020638662425256
2018-09-14 20:30:00,76.91499999999999,23.972,24.2,55.24208753388109,-34.262825796197035
2018-09-14 20:45:00,70.93166666666666,20.4944,7.1,68.14080977355601,-28.911543131717423
2018-09-14 21:00:00,63.38,16.2364,0.0,47.720227063313246,-31.517916857585192
2018-09-14 21:15:00,45.435,11.0808,0.0,11.993610165382321,-50.20774481508643
2018-09-15 11:00:00,53.77866666666667,13.1352,68.0,22.205042547475117,3.188120550404804
2018-09-15 11:15:00,83.65333333333334,29.1228,102.0,61.2487428269292,39.54877639626514
2018-09-15 11:30:00,93.417,89.7608,141.0,118.68318869194763,83.33919455132263
2018-09-15 11:45:00,254.86266666666668,173.7792,216.2,193.11906459443014,155.25878932587545
2018-09-15 12:00:00,379.0103333333333,245.9636,344.2,251.27889382020794,312.26901184694134
2018-09-15 12:15:00,413.9143333333333,304.5848,415.2,310.32615051231755,385.43449745140447
2018-09-15 12:30:00,469.01666666666665,366.1972,478.9,366.9040925508334,441.3362157350375
2018-09-15 12:45:00,522.9396666666667,416.4736,534.0,420.2216674996614,495.3300144387483
2018-09-15 13:00:00,471.19666666666666,460.5788,586.3,470.16005513528694,546.9942016349207
2018-09-15 13:15:00,569.8603333333333,511.542,636.10004,519.1238160023622,595.957962501996
2018-09-15 13:30:00,678.7800000000001,577.7876,682.7,571.1979183473301,641.8918823518467
2018-09-15 13:45:00,713.4816666666667,641.8008,725.7,619.4374129843811,684.502043492804
2018-09-15 14:00:00,684.2056666666667,722.256,765.3,710.4743315557964,723.5262896399029
2018-09-15 14:15:00,834.0436666666667,817.2788,801.2,777.9441942142369,758.7318462299229
2018-09-15 14:30:00,842.4153333333333,851.2624,833.10004,811.9260666560705,789.9138081264074
2018-09-15 14:45:00,876.115,878.2784,860.8,838.9064485646003,816.8941900349372
2018-09-15 15:00:00,902.61,899.3496,882.9,853.298633994129,839.5213438287046
2018-09-15 15:15:00,901.3336666666668,912.932,901.8,870.3149895225753,857.6696138535727
2018-09-15 15:30:00,952.3993333333332,923.8736,916.10004,883.0361061612908,873.4887613574807
2018-09-15 15:45:00,959.3613333333334,924.442,926.0,875.1302237902084,875.9379344377915
2018-09-15 16:00:00,967.6576666666666,905.498,931.10004,877.1189232506392,878.5639820732711
2018-09-15 16:15:00,951.0766666666666,880.8884,931.5,870.810010544415,878.0549427190977
2018-09-15 16:30:00,956.481,826.0088,927.3,807.9374542091405,870.4864444587743
2018-09-15 16:45:00,947.2273333333334,732.2004,918.60004,794.1604497202312,860.5627724893963
2018-09-15 17:00:00,932.404,660.2688,905.10004,705.5069388163957,849.4046210063372
2018-09-15 17:15:00,915.3046666666668,624.5908,845.8,647.7168405073683,809.4107034224073
2018-09-15 17:30:00,792.7173333333334,622.7748,746.2,662.8085813210997,690.5875425027403
2018-09-15 17:45:00,840.9689999999999,572.1404,741.7,612.3033631505647,681.332621878592
2018-09-15 18:00:00,822.124,545.3752,650.7,571.5975604301155,586.9617572074593
2018-09-15 18:15:00,729.2420000000001,521.1708,646.9,572.2886386028039,588.6953311076867
2018-09-15 18:30:00,426.2103333333333,456.7312,606.9,504.3755406400452,559.6741398832093
2018-09-15 18:45:00,721.0536666666667,478.236,567.0,508.05916156238527,511.41159381336183
2018-09-15 19:00:00,446.155,468.6444,642.4,514.179655379357,586.8314622107168
2018-09-15 19:15:00,239.88433333333333,481.152,593.60004,465.3898182915549,537.2569876717429
2018-09-15 19:30:00,270.65866666666665,343.7496,542.10004,388.91453289468967,483.2309181638547
2018-09-15 19:45:00,256.6503333333333,113.2512,426.5,124.80091587125474,396.5673762899559
2018-09-15 20:00:00,229.9243333333333,40.7872,283.9,31.7606918480368,231.93123933338836
2018-09-15 20:15:00,173.61866666666668,28.3124,221.0,57.002382216857654,175.8268298486936
2018-09-15 20:30:00,165.189,24.538,130.5,56.93919368328244,82.63177486004025
2018-09-15 20:45:00,135.69533333333334,21.0212,100.700005,47.775539729268644,29.379070613057706
2018-09-15 21:00:00,104.811,16.6676,40.600002,49.11150143381096,-22.415506622829668
2018-09-15 21:15:00,74.87233333333333,11.404,30.0,13.204568393970064,-27.05773019001431
2018-09-16 11:00:00,53.788,13.5796,81.6,26.1555344518637,35.876931851766045
2018-09-16 11:15:00,130.516,17.1244,160.40001,63.54839815974148,125.64354815363797
2018-09-16 11:30:00,130.61166666666665,23.808,138.7,67.53704555217175,85.20162685099987
2018-09-16 11:45:00,165.15233333333333,48.0388,178.40001,123.39580906501055,130.01209629645587
2018-09-16 12:00:00,247.23,89.012,212.8,132.43745736339832,148.05667428234364
2018-09-16 12:15:00,200.87,111.9176,245.3,131.6515198241243,196.7488098631868
2018-09-16 12:30:00,246.45,149.712,257.5,187.60870187791403,219.68186777146872
2018-09-16 12:45:00,244.554,209.4912,317.0,241.63642537880946,273.70959127236415
2018-09-16 13:00:00,270.8193333333333,284.4868,355.1,320.44049250732803,310.50140559326553
2018-09-16 13:15:00,348.561,337.7496,392.1,364.00745333675104,333.63941134456354
2018-09-16 13:30:00,273.0146666666667,366.9072,446.0,388.1969120030001,405.3823215488985
2018-09-16 13:45:00,305.1046666666667,510.3688,521.2,521.3120136183992,490.4886798781648
2018-09-16 14:00:00,388.77833333333336,648.668,645.0,653.2859351886542,587.2450263751776
2018-09-16 14:15:00,653.33,790.6432,704.2,756.2945870325431,653.7986916468009
2018-09-16 14:30:00,609.92,752.8144,641.8,746.8205496591795,601.1281973642576
2018-09-16 14:45:00,397.9746666666667,754.7048,796.60004,750.8773623563579,754.4585772611431
2018-09-16 15:00:00,511.857,759.798,775.3,767.2812566189718,728.1696996121359
2018-09-16 15:15:00,597.2196666666666,661.6764,751.8,711.582574686698,697.136529764823
2018-09-16 15:30:00,648.0443333333334,735.96,667.7,780.6715137064552,608.3687640726662
2018-09-16 15:45:00,924.7683333333332,851.0428,714.60004,835.1653810800494,659.1143823923053
2018-09-16 16:00:00,739.198,866.4136,921.7,880.5066000305424,888.5535017334232
2018-09-16 16:15:00,847.1166666666667,838.3972,906.8,822.9373816208519,867.59512698218
2018-09-16 16:30:00,765.1916666666667,763.9268,877.9,789.5751942830343,854.7133511739034
2018-09-16 16:45:00,906.328,802.4916,686.2,801.8225162426141,645.955786506286
2018-09-16 17:00:00,940.4826666666668,849.1516,759.10004,844.7682032867201,688.0009227081068
2018-09-16 17:15:00,731.471,659.068,791.4,670.4613379459684,729.8783911686246
2018-09-16 17:30:00,658.2686666666666,640.9752,624.8,654.5747187367526,588.2843897572604
2018-09-16 17:45:00,459.29966666666667,694.6256,640.60004,709.9700663631015,593.2676432673984
2018-09-16 18:00:00,438.3733333333333,436.2904,799.60004,443.3424721989934,756.8459140096013
2018-09-16 18:15:00,815.409,327.4412,472.0,323.83949988109816,441.99169104320754
2018-09-16 18:30:00,652.8283333333333,409.4392,360.0,435.5714992708314,244.03124658528452
2018-09-16 18:45:00,100.44266666666668,515.7712,472.0,541.9552052960311,409.7902425274764
2018-09-16 19:00:00,55.638333333333335,483.4964,568.10004,511.3588524812652,535.8906441682769
2018-09-16 19:15:00,133.541,412.7068,486.80002,445.48071833384233,423.78075190317827
2018-09-16 19:30:00,167.00833333333333,417.2228,480.6,415.4401952994974,446.42401335369664
2018-09-16 19:45:00,200.983,324.0256,483.1,354.7166766934988,430.34964750343534
2018-09-16 20:00:00,261.20166666666665,234.3084,426.80002,280.1889004828356,373.95817805546744
2018-09-16 20:15:00,105.253,256.8076,345.2,246.77058684335583,314.0230091761195
2018-09-16 20:30:00,69.30566666666667,148.4016,310.5,182.2375138475487,254.33130199452137
2018-09-16 20:45:00,58.161,37.3364,242.5,96.59354113182266,200.74076746544083
2018-09-16 21:00:00,52.92100000000001,16.8612,177.7,50.49927950651329,143.4937348440377
2018-09-16 21:15:00,53.922,11.2712,102.4,14.415543959920782,69.42008726436414
2018-09-17 11:00:00,113.657,88.0168,136.6,88.56228560644384,106.97080344396825
2018-09-17 11:15:00,192.539,136.4956,185.3,144.92343758440626,159.37232445574415
2018-09-17 11:30:00,259.0176666666667,162.0524,265.0,149.99031756046872,220.68428156498533
2018-09-17 11:45:00,287.3683333333333,161.2424,325.80002,186.2754829906687,273.4629124187693
2018-09-17 12:00:00,222.21,182.2736,334.4,213.44157476172842,304.7777831052343
2018-09-17 12:15:00,260.699,225.3808,335.80002,280.7685300291178,285.38509191876625
2018-09-17 12:30:00,343.574,293.696,375.1,334.685023943924,320.1684376402131
2018-09-17 12:45:00,325.67466666666667,420.882,411.2,428.36590181992676,365.3906363169971
2018-09-17 13:00:00,376.1646666666667,575.5396,483.2,549.6396896679987,425.91831515627996
2018-09-17 13:15:00,434.1933333333333,550.324,547.4,535.1565769277877,491.1561191641158
2018-09-17 13:30:00,574.89,655.5232,580.10004,636.8920330833681,520.7767090629824
2018-09-17 13:45:00,732.4796666666666,755.852,690.7,716.311556372514,666.4429993961957
2018-09-17 14:00:00,836.557,797.4188,775.4,764.5162171782531,733.2378873290099
2018-09-17 14:15:00,685.7479999999999,832.468,811.10004,799.6133103689923,768.3349805197491
2018-09-17 14:30:00,845.2913333333333,863.4196,842.9,830.6656234144106,799.3872935651674
2018-09-17 14:45:00,883.205,890.1168,870.60004,857.4966618558893,826.2183320066462
2018-09-17 15:00:00,904.2126666666668,912.4832,893.3,879.9561834211293,848.6778535718861
2018-09-17 15:15:00,926.245,930.4068,912.2,897.9198845410211,868.8911722683771
2018-09-17 15:30:00,951.3406666666668,943.7416,926.7,909.1091481134956,874.203872768647
2018-09-17 15:45:00,881.4756666666667,952.422,936.7,917.8112793801605,880.5680561898529
2018-09-17 16:00:00,961.0506666666666,953.6188,941.9,914.7129953527656,884.5557630682197
2018-09-17 16:15:00,733.206,948.8856,942.5,911.1647865844337,887.2120802474586
2018-09-17 16:30:00,851.6663333333332,949.9256,938.4,915.5704318161414,885.2710066910194
2018-09-17 16:45:00,977.3746666666668,940.102,929.60004,907.5679733950427,880.3538592058948
2018-09-17 17:00:00,936.1386666666666,925.3432,916.3,892.738460806391,865.524346617243
2018-09-17 17:15:00,917.734,906.0272,898.5,873.3429354369282,846.1288212477803
2018-09-17 17:30:00,895.1463333333334,882.252,876.3,849.4880597272177,819.3829352536459
2018-09-17 17:45:00,865.995,847.5032,849.8,809.2403238927899,789.3739079153119
2018-09-17 18:00:00,831.3226666666667,799.492,819.10004,752.6522821552276,757.0237669116973
2018-09-17 18:15:00,794.7086666666667,769.2856,784.2,725.5591558202696,720.6901229604673
2018-09-17 18:30:00,751.6866666666666,744.9884,745.3,712.5172816770955,684.6201344984456
2018-09-17 18:45:00,705.7346666666667,701.9672,702.9,668.8804056160876,651.9845911972949
2018-09-17 19:00:00,651.153,654.8404,657.10004,621.9815356494203,605.0857212306275
2018-09-17 19:15:00,593.3676666666667,604.5496,607.7,569.9424918452235,555.2267578402491
2018-09-17 19:30:00,541.1753333333334,551.3828,555.7,517.4616374044823,502.74590339950794
2018-09-17 19:45:00,490.065,495.6652,500.9,455.65381385762777,448.0240707584151
2018-09-17 20:00:00,441.98266666666666,437.7684,444.30002,399.1249578493333,391.4952147501207
2018-09-17 20:15:00,386.8756666666667,378.1268,385.6,338.4932854762865,333.66345292242295
2018-09-17 20:30:00,328.063,317.262,326.2,279.96241514798754,275.132582594124
2018-09-17 20:45:00,270.0423333333334,255.8348,265.80002,214.07427778273922,201.6232474091659
2018-09-17 21:00:00,211.5533333333333,195.2252,201.7,156.67579600569988,146.05203900096203
2018-09-17 21:15:00,151.41966666666667,136.5816,143.7,82.1144101540936,94.12367510007749
2018-09-18 11:00:00,157.02166666666665,89.1792,135.0,102.9323752532249,107.53773528435283
2018-09-18 11:15:00,223.41333333333333,149.76,192.7,154.07318862061268,163.6836050329662
2018-09-18 11:30:00,279.0833333333333,212.7236,252.40001,212.15022804416108,221.7606444565146
2018-09-18 11:45:00,337.07533333333333,271.7316,313.0,270.88218526883264,266.78265790982385
2018-09-18 12:00:00,391.1926666666667,355.2548,384.1,336.7484682888919,342.42167271088897
2018-09-18 12:15:00,442.129,477.2912,443.2,441.55591663435416,399.9745682151647
2018-09-18 12:30:00,487.495,538.372,501.0,497.61258670065985,458.2808558580695
2018-09-18 12:45:00,537.8863333333334,594.0368,556.4,551.6977035446433,504.30932921603005
2018-09-18 13:00:00,617.8259999999999,647.0096,609.3,603.398402634972,556.0100283063587
2018-09-18 13:15:00,678.1170000000001,696.9948,659.4,654.1585118791627,602.6239221117066
2018-09-18 13:30:00,724.3406666666667,743.7204,706.5,700.0369093751963,648.5023196077402
2018-09-18 13:45:00,767.8933333333333,786.9332,750.0,742.55177142547,694.4217970602356
2018-09-18 14:00:00,808.0286666666667,826.4012,789.9,782.9819557743998,736.8533165532084
2018-09-18 14:15:00,844.0786666666667,861.9168,826.2,818.0217201781836,760.2385418487158
2018-09-18 14:30:00,877.7213333333333,893.296,858.60004,849.0064414016983,808.1431935302994
2018-09-18 14:45:00,904.782,920.3796,886.7,875.7603741891312,834.8971263177323
2018-09-18 15:00:00,929.4503333333334,943.0728,909.2,898.1339834836056,857.2707356122066
2018-09-18 15:15:00,947.9323333333334,961.2664,928.7,916.0036459809304,872.2493878251076
2018-09-18 15:30:00,963.208,974.83,943.60004,929.2714885701373,883.6899570454791
2018-09-18 15:45:00,975.0813333333332,983.6956,954.10004,937.8653094131255,892.2837778884673
2018-09-18 16:00:00,984.478,987.8164,959.7,941.7385451264561,896.1570136017979
2018-09-18 16:15:00,988.4246666666668,987.1692,960.4,940.8702603139961,910.3253122129524
2018-09-18 16:30:00,986.7143333333332,981.7544,956.3,935.2651454738258,904.7201973727821
2018-09-18 16:45:00,981.227,971.596,947.5,924.9535173292078,894.4085692281641
2018-09-18 17:00:00,968.668,956.7396,934.0,909.991322898785,879.4463747977413
2018-09-18 17:15:00,950.9933333333332,937.2552,915.5,890.4601560565592,867.0625749560953
2018-09-18 17:30:00,929.135,913.2404,892.4,866.467303876229,847.6947141926963
2018-09-18 17:45:00,902.4576666666668,884.8616,865.10004,838.1458507597359,819.3732610762032
2018-09-18 18:00:00,871.124,851.4708,830.9,805.6548826678638,782.2573015674
2018-09-18 18:15:00,834.432,813.3664,794.7,769.1798539721092,750.4072642885765
2018-09-18 18:30:00,795.5406666666667,771.4136,754.9,727.3953617090207,710.1606195444089
2018-09-18 18:45:00,753.2479999999999,725.7932,711.4,681.8092826139653,666.3828080427372
2018-09-18 19:00:00,705.018,676.7432,664.4,634.7703756642742,619.3439010930462
2018-09-18 19:15:00,657.3763333333334,624.5252,614.10004,584.7726146284768,569.3461400572488
2018-09-18 19:30:00,604.0486666666667,569.4256,561.0,532.1544182898408,516.7279437186128
2018-09-18 19:45:00,544.7266666666667,511.7652,505.30002,477.296733089393,457.2452671012338
2018-09-18 20:00:00,486.8326666666666,451.9144,447.9,415.8674466659158,393.43443513408596
2018-09-18 20:15:00,425.2456666666667,390.318,388.80002,357.90162556047505,335.4686140286452
2018-09-18 20:30:00,367.9906666666666,327.5428,328.6,293.69859091638256,276.80277649758983
2018-09-18 20:45:00,276.60133333333334,264.2548,268.1,225.82103295772052,218.19128985850787
2018-09-18 21:00:00,217.1,201.8968,199.40001,165.4744471340296,133.406384351742
2018-09-18 21:15:00,176.94766666666666,141.5868,141.6,103.06985834682085,83.1279222115288
2018-09-19 11:00:00,172.93166666666667,164.7716,137.90001,126.80875400418103,111.57024995201886
2018-09-19 11:15:00,240.509,226.1516,196.0,183.24653019425207,168.0080261420899
2018-09-19 11:30:00,300.83233333333334,288.5408,256.1,248.93807959497792,226.28418993891103
2018-09-19 11:45:00,361.1593333333333,350.8416,317.1,310.61044426550967,285.93037243476016
2018-09-19 12:00:00,418.805,411.6196,393.30002,378.4635921267646,341.3782363680976
2018-09-19 12:15:00,478.1663333333333,470.1924,453.4,436.08518566890467,396.6618820647787
2018-09-19 12:30:00,533.293,526.7188,511.7,492.1859322182934,456.1672440163891
2018-09-19 12:45:00,586.187,580.8136,567.7,546.2945913689624,513.815085830022
2018-09-19 13:00:00,637.4576666666667,632.138,621.10004,598.0011315081376,570.7870173189897
2018-09-19 13:15:00,682.1223333333332,680.3892,670.7,646.9431767937632,619.7290626046153
2018-09-19 13:30:00,729.189,725.2956,717.0,692.7977165187464,665.5836023295984
2018-09-19 13:45:00,772.9863333333334,766.6136,759.60004,726.0098467582472,708.0618038886794
2018-09-19 14:00:00,812.0966666666667,804.1264,798.4,764.8537690253545,746.9057261557866
2018-09-19 14:15:00,846.612,837.6412,833.60004,791.5993046079285,781.8862301025994
2018-09-19 14:30:00,879.0446666666667,866.9872,864.8,827.9497912050462,812.8016588808274
2018-09-19 14:45:00,905.3186666666668,892.016,891.7,854.6251504255416,839.4770181013229
2018-09-19 15:00:00,925.0096666666668,911.6932,884.60004,869.4962286125428,854.2577245603807
2018-09-19 15:15:00,941.9793333333332,926.0168,902.9,887.2708558332067,872.0323517810446
2018-09-19 15:30:00,954.8486666666666,935.8196,916.60004,892.8544409993068,885.1979344609157
2018-09-19 15:45:00,962.244,940.9624,925.8,892.0989144703574,894.4566539189047
2018-09-19 16:00:00,962.0793333333334,941.4524,930.10004,899.9382164657992,899.0865795792025
2018-09-19 16:15:00,964.109,929.3696,929.8,892.6425552536678,899.8946399857234
2018-09-19 16:30:00,951.0323333333332,901.5028,924.7,879.3067286449391,894.1648638683278
2018-09-19 16:45:00,931.8503333333332,886.56,915.2,870.6726215137808,883.7245795978872
2018-09-19 17:00:00,918.8773333333334,864.824,900.9,855.5784112347692,868.6303693188756
2018-09-19 17:15:00,892.3213333333333,836.632,882.0,835.9124977441588,848.9644558282653
2018-09-19 17:30:00,860.0226666666666,806.8256,858.7,806.42622805441,824.8347458919344
2018-09-19 17:45:00,837.303,774.6944,831.0,788.3280286178995,796.3749303207803
2018-09-19 18:00:00,808.5046666666666,737.5988,795.5,745.8542543807016,763.7446829237924
2018-09-19 18:15:00,776.9173333333333,695.6576,759.8,708.2804321041125,727.1300204982775
2018-09-19 18:30:00,743.1163333333334,645.8432,720.4,638.899698256552,686.7439155569671
2018-09-19 18:45:00,692.6506666666667,588.1356,677.4,572.1333346573958,642.8272986619124
2018-09-19 19:00:00,651.4436666666667,552.926,631.0,530.5860281750975,595.6506586835203
2018-09-19 19:15:00,591.8573333333334,544.9544,581.5,532.4646081504176,545.516566234524
2018-09-19 19:30:00,538.2266666666667,491.558,529.2,479.7116859388758,492.76364402298225
2018-09-19 19:45:00,497.174,434.2484,474.7,424.7209007701865,437.77285885429296
2018-09-19 20:00:00,437.0353333333333,375.5004,418.2,367.9257022942584,380.9776603783648
2018-09-19 20:15:00,377.4533333333333,316.0288,360.2,309.8288066505361,322.8807647346425
2018-09-19 20:30:00,317.40933333333334,256.7588,301.5,251.0310840970206,264.08304218112704
2018-09-19 20:45:00,252.863,151.4856,242.8,134.64203042523337,205.33599442974997
2018-09-19 21:00:00,188.008,17.6992,190.90001,54.64994856775198,147.6444039052764
2018-09-19 21:15:00,115.16566666666668,8.7476,108.1,15.654683311205176,76.64480133793857
2018-09-20 11:00:00,38.766333333333336,13.292,76.5,42.230865526516624,16.849968004543967
2018-09-20 11:15:00,52.842333333333336,16.996,93.1,59.32710598377179,34.63472317127179
2018-09-20 11:30:00,66.77333333333334,23.7296,129.0,46.94586675559728,69.21634405051915
2018-09-20 11:45:00,78.28533333333333,44.3576,173.3,95.47751681786048,108.43314425926673
2018-09-20 12:00:00,111.26866666666666,79.4116,183.8,93.306956319096,144.34478285718194
2018-09-20 12:15:00,133.048,117.012,218.7,150.9930616144419,211.2020002130747
2018-09-20 12:30:00,169.40166666666667,165.308,250.7,173.45369962023915,198.49480679797352
2018-09-20 12:45:00,211.31266666666667,214.0308,285.2,241.58044716658856,229.9468412095573
2018-09-20 13:00:00,238.6023333333333,226.416,319.4,242.61302419079834,266.7300591029077
2018-09-20 13:15:00,253.49033333333333,245.536,343.1,240.32747102796895,269.2264578443752
2018-09-20 13:30:00,245.272,302.1548,328.6,338.40035212994303,231.9513470029899
2018-09-20 13:45:00,351.89733333333334,365.7348,364.6,394.2160509680317,274.3905809973286
2018-09-20 14:00:00,388.121,425.7284,416.2,444.4297190789928,313.1840220575084
2018-09-20 14:15:00,430.065,492.9816,480.0,523.8819413022301,408.81782387058945
2018-09-20 14:30:00,518.1066666666667,608.658,537.4,626.9173613332822,465.80183704129
2018-09-20 14:45:00,459.15133333333335,726.598,630.3,768.477184661863,572.6825832214333
2018-09-20 15:00:00,565.6583333333333,791.002,698.60004,791.460033568481,636.9945794669185
2018-09-20 15:15:00,716.621,820.1396,797.0,809.1387613646692,738.6834696166223
2018-09-20 15:30:00,675.5670000000001,817.4524,800.0,818.4633043420405,753.0860155236811
2018-09-20 15:45:00,787.8813333333334,841.4136,807.8,830.5772480824218,761.4618000843749
2018-09-20 16:00:00,697.1543333333334,896.188,863.5,891.8628545368096,802.6997685993096
2018-09-20 16:15:00,884.7686666666666,931.9568,863.7,896.5544977141403,804.937951083281
2018-09-20 16:30:00,743.127,912.2824,859.2,892.2792899863348,799.0838630454168
2018-09-20 16:45:00,704.1263333333334,918.6684,849.9,880.1320560719754,788.515509441116
2018-09-20 17:00:00,914.1476666666666,885.3112,836.3,866.485530653699,773.290103712781
2018-09-20 17:15:00,905.4586666666668,868.4148,818.0,845.1070394263154,753.490492795456
2018-09-20 17:30:00,896.15,833.934,795.3,813.2356935293559,729.2251973898295
2018-09-20 17:45:00,874.818,799.9516,768.4,786.4451812556317,700.6285079768231
2018-09-20 18:00:00,860.0146666666666,763.4532,720.0,753.6773517677607,658.046683127624
2018-09-20 18:15:00,810.569,716.1452,684.9,716.9249527169658,621.2942840768291
2018-09-20 18:30:00,767.9546666666666,675.1352,646.10004,676.4014748768434,587.2383889393434
2018-09-20 18:45:00,735.3206666666666,468.8116,593.60004,492.7938073773113,530.705855717155
2018-09-20 19:00:00,696.3756666666667,310.8176,457.9,339.45447951214237,425.85573988811893
2018-09-20 19:15:00,579.6233333333333,203.3424,318.0,218.82739261210872,257.87051394999935
2018-09-20 19:30:00,575.2476666666666,137.2972,274.2,149.4316423174896,227.66238572569273
2018-09-20 19:45:00,576.5740000000001,181.1092,201.2,208.39008364079717,161.85797914860967
2018-09-20 20:00:00,487.3693333333333,180.3284,286.80002,285.9016996767614,238.29407943750357
2018-09-20 20:15:00,403.40566666666666,111.3808,269.80002,153.42139495586457,209.97127593730988
2018-09-20 20:30:00,295.017,27.732,198.90001,65.29416121872202,144.88015975387827
2018-09-20 20:45:00,262.55366666666663,20.9808,77.1,55.838326765454326,50.10750706330589
2018-09-20 21:00:00,290.611,16.5076,15.900001,56.03218885144176,-26.498008292112928
2018-09-20 21:15:00,221.93666666666667,11.3176,0.0,16.873990561631615,-46.10127494129807
2018-09-21 11:00:00,96.953,14.14,72.8,46.30143541431758,8.441160145762893
2018-09-21 11:15:00,108.37733333333334,21.612,94.700005,63.66833596322485,43.49173073861547
2018-09-21 11:30:00,164.47733333333332,52.9384,138.7,87.75585470401097,74.25591573916722
2018-09-21 11:45:00,167.83633333333333,127.0968,201.2,164.34440065119975,141.95038820002787
2018-09-21 12:00:00,258.775,218.5672,295.7,261.71483817865425,243.07212272455268
2018-09-21 12:15:00,372.45866666666666,340.2728,370.4,343.7377892756449,318.6474801325785
2018-09-21 12:30:00,428.4546666666666,457.4716,444.80002,457.55753027410736,403.49673925848236
2018-09-21 12:45:00,340.18566666666663,393.6688,513.5,431.76068985139216,488.28081237946833
2018-09-21 13:00:00,451.632,430.4788,554.4,461.21498034358194,509.3514473235624
2018-09-21 13:15:00,417.23066666666665,458.5236,593.2,527.0895653576047,526.5096703380734
2018-09-21 13:30:00,457.0796666666666,559.5668,605.5,594.3434039064331,550.318471045105
2018-09-21 13:45:00,624.8496666666667,744.222,632.9,706.323514637503,577.8983284802764
2018-09-21 14:00:00,732.7,762.0268,755.7,746.6433868307574,719.4412879843219
2018-09-21 14:15:00,647.3403333333333,711.0984,813.5,712.7410752661979,783.731656778649
2018-09-21 14:30:00,802.397,738.6836,844.8,742.8370449262674,814.5038501936014
2018-09-21 14:45:00,909.7806666666668,873.534,802.4,837.2075964991261,742.2446372095753
2018-09-21 15:00:00,890.3623333333333,900.31,867.60004,856.7540412865017,833.6933589897487
2018-09-21 15:15:00,911.6073333333334,900.7248,908.8,876.8986763164382,880.709219376741
2018-09-21 15:30:00,926.8006666666666,880.1988,923.0,884.0581436620209,893.6685600743745
2018-09-21 15:45:00,938.018,916.5008,932.5,899.7032426405332,901.9349053907773
2018-09-21 16:00:00,947.4633333333334,940.5036,937.3,901.6530930075654,906.2373644385347
2018-09-21 16:15:00,949.7266666666668,917.9924,937.5,902.0040845465401,907.6772889685371
2018-09-21 16:30:00,946.3693333333334,870.0232,933.0,841.6320291676873,901.6993909993523
2018-09-21 16:45:00,936.7413333333334,874.5872,923.9,877.9517507031135,891.0037087872199
2018-09-21 17:00:00,923.927,874.5748,910.10004,862.5961243643341,875.6480824484405
2018-09-21 17:15:00,907.333,848.254,891.9,842.664019382295,855.7159774664015
2018-09-21 17:30:00,886.4823333333334,815.994,869.10004,818.2645638219977,831.3165219061042
2018-09-21 17:45:00,857.6496666666667,782.3604,842.0,784.1760805203081,802.5845983578325
2018-09-21 18:00:00,822.9426666666666,751.0484,810.10004,751.2725144838381,769.6810323213625
2018-09-21 18:15:00,786.9006666666667,711.5208,774.8,724.7460367650697,732.7929384679505
2018-09-21 18:30:00,748.254,671.0364,735.7,684.0874135712293,692.1343152741101
2018-09-21 18:45:00,709.0326666666666,632.51,692.9,634.8950648349844,650.19664049569
2018-09-21 19:00:00,661.453,566.4236,646.7,556.0884948934819,594.6953235830571
2018-09-21 19:15:00,614.3663333333334,505.0404,597.5,480.34551060346473,544.2964593186747
2018-09-21 19:30:00,559.266,534.5856,545.3,496.1446833228915,488.9444450950473
2018-09-21 19:45:00,505.04566666666665,431.2292,490.7,428.78915513828434,433.696139467508
2018-09-21 20:00:00,448.0183333333333,250.9992,434.1,291.796996655742,376.6464782383836
2018-09-21 20:15:00,386.3176666666667,232.8,375.7,249.6075414611858,318.2967142059368
2018-09-21 20:30:00,327.5456666666667,226.8808,304.7,219.5454889936068,267.38970629402183
2018-09-21 20:45:00,268.84433333333334,28.7104,234.0,40.281563752718284,204.93970202786477
2018-09-21 21:00:00,207.88,16.7116,163.40001,57.41528206296371,116.03196220822738
2018-09-21 21:15:00,148.75966666666667,11.67,103.0,18.097567662437115,62.05641089363829
2018-09-22 11:00:00,152.55,102.6864,144.3,109.3297003804438,106.89025488483833
2018-09-22 11:15:00,213.094,157.7376,201.8,166.57964207889654,164.14019658329107
2018-09-22 11:30:00,268.2563333333334,234.522,261.30002,230.2473062469586,222.96939029236876
2018-09-22 11:45:00,324.8553333333333,350.136,321.30002,306.77365807941413,282.22881917407966
2018-09-22 12:00:00,380.4403333333333,413.3764,388.7,373.212609617973,357.9741055658108
2018-09-22 12:15:00,438.02833333333336,472.2896,447.30002,431.0153092749045,415.7768052227423
2018-09-22 12:30:00,494.397,529.326,504.30002,487.22604008227444,472.76126440077877
2018-09-22 12:45:00,548.0626666666667,584.0772,559.0,541.3852554011401,529.5882930207308
2018-09-22 13:00:00,597.7786666666667,636.1848,611.5,593.0911002566871,581.2941378762779
2018-09-22 13:15:00,644.6573333333333,685.332,660.9,622.4653327587371,630.1902434948211
2018-09-22 13:30:00,690.6610000000001,731.2376,707.2,688.6035984157061,675.9582227467035
2018-09-22 13:45:00,734.6916666666667,773.65,750.0,730.9583379913722,718.3129623223697
2018-09-22 14:00:00,773.7203333333333,812.3432,789.4,769.645014628204,756.9996389592014
2018-09-22 14:15:00,809.2776666666667,847.1148,824.7,804.437202793945,791.7918271249424
2018-09-22 14:30:00,841.5353333333334,877.7844,856.0,835.1356859873184,822.4903103183159
2018-09-22 14:45:00,872.1170000000001,904.1924,883.2,861.5677258891308,848.9223502201282
2018-09-22 15:00:00,895.0830000000001,926.3408,908.7,883.5866292490798,870.9412535800773
2018-09-22 15:15:00,914.6983333333334,944.1132,927.0,907.638478163917,888.426130179603
2018-09-22 15:30:00,931.589,957.2788,940.9,920.4941176838531,901.2817696995392
2018-09-22 15:45:00,940.1623333333332,965.7724,950.10004,928.6509363417648,909.4385883574508
2018-09-22 16:00:00,945.4896666666666,969.5512,954.7,932.0649601811231,912.8526121968091
2018-09-22 16:15:00,948.066,968.5968,954.60004,930.7178235913473,911.5054756070333
2018-09-22 16:30:00,946.4893333333332,961.3356,950.0,924.6167706798037,905.4044226954898
2018-09-22 16:45:00,939.967,946.4928,940.60004,906.3792689894585,888.7752806996255
2018-09-22 17:00:00,924.267,928.6248,926.7,890.894551100159,873.2905628103259
2018-09-22 17:15:00,907.71,905.6868,908.2,851.0892973821428,850.8893729131487
2018-09-22 17:30:00,888.5476666666667,876.4608,885.3,829.4767557545364,829.761950151509
2018-09-22 17:45:00,860.7710000000001,836.0028,858.2,798.3848558193906,804.435764861749
2018-09-22 18:00:00,825.8726666666666,794.5068,825.8,765.347545764559,776.6638461567098
2018-09-22 18:15:00,793.1206666666666,744.2104,790.4,729.9048223580526,739.6422424401449
2018-09-22 18:30:00,749.0046666666666,669.4788,751.0,676.8961956297716,698.8508398329576
2018-09-22 18:45:00,704.4060000000001,622.628,708.10004,632.5773008966158,651.640934815378
2018-09-22 19:00:00,660.7226666666667,628.132,661.8,595.6409257614539,602.2389425003455
2018-09-22 19:15:00,615.5166666666667,610.0124,612.3,571.5782939726943,551.7118779952162
2018-09-22 19:30:00,563.9043333333334,494.8524,560.0,486.1737265247342,498.5716166156766
2018-09-22 19:45:00,502.903,278.3764,505.30002,339.70593616166616,443.19909450212026
2018-09-22 20:00:00,444.94,197.2548,442.5,238.04291330815437,390.7451695108521
2018-09-22 20:15:00,383.071,245.3092,374.30002,251.37540544143064,322.4025260316406
2018-09-22 20:30:00,321.5313333333333,316.7796,329.80002,273.2502860966788,268.38125323687655
2018-09-22 20:45:00,260.412,260.4488,269.4,221.69805372101075,209.24702334743745
2018-09-22 21:00:00,199.24266666666665,199.6792,207.8,156.00958414807624,155.85883494153327
2018-09-22 21:15:00,141.07533333333333,140.8368,149.3,94.41731973925721,83.30476042071473
2018-09-23 11:00:00,166.53966666666668,185.5316,151.40001,143.11223165364572,110.98539523454019
2018-09-23 11:15:00,228.10866666666664,247.64,209.7,208.02771354029528,168.48549151728503
2018-09-23 11:30:00,283.48966666666666,310.3164,269.6,269.8266240131133,227.48449144475393
2018-09-23 11:45:00,339.289,372.6424,329.9,338.46974208895995,303.74987056796385
2018-09-23 12:00:00,397.63866666666667,433.964,397.6,399.15813968588577,366.12884662558304
2018-09-23 12:15:00,455.4216666666667,493.7404,456.30002,460.7992340746833,423.983707112403
2018-09-23 12:30:00,511.3123333333333,551.4952,513.2,517.0393589569503,480.22383199467004
2018-09-23 12:45:00,565.8676666666667,586.8944,568.0,546.1903510230624,534.3933886426531
2018-09-23 13:00:00,614.9333333333333,589.3708,620.10004,571.2350067870394,586.0931420104281
2018-09-23 13:15:00,664.1546666666667,641.0656,669.4,620.1105289160369,634.9686641394255
2018-09-23 13:30:00,708.5776666666666,708.0832,715.60004,673.4509885715918,680.7030733036474
2018-09-23 13:45:00,749.6653333333333,795.9576,758.5,759.8280025277212,723.0124755654409
2018-09-23 14:00:00,787.4376666666667,837.0024,797.60004,798.458602785966,761.6430758236858
2018-09-23 14:15:00,825.8259999999999,871.9956,833.0,833.184874375101,796.3693474128207
2018-09-23 14:30:00,859.0426666666666,902.8436,864.5,863.8084117015503,826.99288473927
2018-09-23 14:45:00,888.731,929.3812,891.8,894.9230488978212,853.3417004786318
2018-09-23 15:00:00,914.006,951.2728,911.5,916.8511600949374,875.269811675748
2018-09-23 15:15:00,933.3113333333332,968.4056,930.0,929.472537854171,892.6570108918908
2018-09-23 15:30:00,948.154,980.8956,943.9,942.2242789974975,905.4087520352173
2018-09-23 15:45:00,960.481,988.6816,953.3,950.2716298907427,913.4561029284624
2018-09-23 16:00:00,971.3553333333332,991.7308,958.0,953.571259255889,916.7557322936087
2018-09-23 16:15:00,971.8733333333332,990.0396,957.8,952.1054372413066,915.2899102790263
2018-09-23 16:30:00,961.7113333333332,983.5976,953.0,945.882037489501,909.0665105272208
2018-09-23 16:45:00,965.8906666666668,954.914,943.5,917.33135711073,900.3686267030151
2018-09-23 17:00:00,940.0176666666666,890.77,929.5,870.2539419069905,876.6994565859455
2018-09-23 17:15:00,947.9533333333331,843.4856,910.7,843.9050954057437,854.1686394883853
2018-09-23 17:30:00,889.6736666666667,788.4484,852.10004,776.3985907155809,818.223141344243
2018-09-23 17:45:00,864.9986666666666,731.6644,790.10004,734.221724124949,756.351492496531
2018-09-23 18:00:00,608.6026666666668,684.7432,772.5,698.6507846774629,742.609627908664
2018-09-23 18:15:00,688.788,673.0592,702.8,667.6381798184168,639.4635124600184
2018-09-23 18:30:00,484.045,553.0868,726.60004,582.1612479866177,694.9932973564297
2018-09-23 18:45:00,362.61,499.566,559.9,528.751120346748,513.153219956123
2018-09-23 19:00:00,368.0613333333333,492.86,489.30002,528.426534351112,460.06632011771353
2018-09-23 19:15:00,312.35400000000004,481.782,447.0,483.91439828691273,389.57287607011585
2018-09-23 19:30:00,275.29533333333336,453.0632,379.4,431.58699355891656,325.3409303264947
2018-09-23 19:45:00,249.731,391.1628,470.4,375.1574258797606,442.40984821252425
2018-09-23 20:00:00,333.39966666666663,304.9696,438.4,311.72572617301546,380.41489891776644
2018-09-23 20:15:00,208.96266666666668,163.3548,370.80002,225.8229030305095,329.9701293641277
2018-09-23 20:30:00,116.01366666666668,37.9524,262.5,70.23190383895741,213.26675491317616
2018-09-23 20:45:00,144.98100000000002,35.7744,132.3,55.91662895066156,82.68213188034906
2018-09-23 21:00:00,219.35866666666664,18.6444,81.1,60.187785770102124,22.208781863852124
2018-09-23 21:15:00,70.73966666666666,12.8732,0.0,20.561202758433637,-58.56779504430074
2018-09-24 11:00:00,33.126,16.0356,39.2,42.42315710017343,-9.178908939865636
2018-09-24 11:15:00,25.520666666666667,19.7208,79.3,42.47271344672711,28.122402167430238
2018-09-24 11:30:00,18.253,44.0324,130.2,72.4338998953528,76.31552220980592
2018-09-24 11:45:00,36.78066666666667,107.7208,110.6,163.4605095283706,70.36016773149561
2018-09-24 12:00:00,89.61333333333333,133.4548,216.2,170.37678377319878,177.28529207398003
2018-09-24 12:15:00,105.82133333333331,186.432,261.6,228.2797749377524,203.56543472779146
2018-09-24 12:45:00,123.721,255.8512,354.4,280.53370813772653,312.6068740312812
2018-09-24 13:00:00,127.68366666666668,315.0336,385.7,332.2245571505588,323.58521388884003
2018-09-24 13:15:00,160.25366666666665,418.384,440.6,476.4019142857708,398.26240317737233
2018-09-24 13:30:00,203.12066666666664,536.9248,507.6,568.2459598212095,462.6455569891782
2018-09-24 13:45:00,303.22933333333333,646.5468,562.0,652.5632721917375,502.5122010247453
2018-09-24 14:00:00,336.8846666666667,735.998,655.7,759.3295211658625,601.2090034351496
2018-09-24 14:15:00,355.897,797.7824,717.0,787.8515044448865,659.7542067764294
2018-09-24 14:30:00,417.2703333333333,806.3024,762.9,813.5605122042369,704.7092625094127
2018-09-24 14:45:00,425.6783333333333,858.068,794.3,844.6637282862112,740.2532592310354
2018-09-24 15:00:00,521.5063333333334,906.5596,860.60004,872.3003405770279,827.2500704964615
2018-09-24 15:15:00,557.8646666666666,914.6732,904.8,889.5895465674737,863.9663280310967
2018-09-24 15:30:00,676.0993333333333,872.4728,920.3,865.0755658450036,883.8773198428063
2018-09-24 15:45:00,717.7493333333333,872.708,929.2,847.6695349058829,888.0905248961172
2018-09-24 16:00:00,808.1740000000001,840.5328,933.5,845.5048596453269,886.235431392153
2018-09-24 16:15:00,863.6346666666667,794.0352,906.0,826.0349579727997,866.727058497702
2018-09-24 16:30:00,913.4216666666669,650.8592,852.10004,681.2601492600996,799.0714590745528
2018-09-24 16:45:00,949.2163333333334,568.7864,650.9,569.7359498459524,592.5385011154837
2018-09-24 17:00:00,937.6273333333334,656.1872,433.9,662.2348737903421,302.3264875598734
2018-09-24 17:15:00,841.395,651.0076,521.7,694.3089060140014,431.14084571126705
2018-09-24 17:30:00,884.0223333333332,523.0668,576.3,529.5075173126273,497.9453530059867
2018-09-24 17:45:00,813.1956666666666,405.832,505.1,419.02584583662065,473.97433216474565
2018-09-24 18:00:00,418.202,328.9748,419.1,352.25400287111654,340.69272357424154
2018-09-24 18:15:00,175.96933333333334,244.8136,344.2,264.0417417167895,263.12716041796136
2018-09-24 18:30:00,225.313,193.5008,284.6,169.61076827572515,194.86284347103765
2018-09-24 18:45:00,237.0966666666667,176.3644,247.90001,280.89671611049187,154.23729228236687
2018-09-24 19:00:00,183.643,115.93,288.0,130.592195802785,173.1933920918475
2018-09-24 19:15:00,97.818,75.8476,233.8,162.64345778221605,122.41887892479417
2018-09-24 19:30:00,50.03433333333333,75.872,194.90001,126.06359496714185,110.3427087366731
2018-09-24 19:45:00,49.60933333333333,42.5756,179.0,55.22730071670338,105.02051360732838
2018-09-24 20:00:00,33.48766666666667,47.1676,184.2,51.82757897840514,123.15579553113952
2018-09-24 20:30:00,34.11966666666667,37.6316,175.5,71.87052519532642,116.35245878907642
2018-09-24 20:45:00,74.30333333333333,20.594,182.6,64.30187421341182,117.08884625931026
2018-09-24 21:00:00,45.51466666666667,15.8136,49.100002,59.6031135799044,-10.461919379079973
2018-09-24 21:15:00,28.908666666666665,10.888,0.0,21.803130952232067,-71.18196121085387
2018-09-25 10:45:00,3.454333333333333,10.7264,55.100002,13.809937953803797,-11.347166538383703
2018-09-25 11:00:00,8.270999999999999,14.4848,77.9,46.529310458059854,25.910597079153604
2018-09-25 11:15:00,13.257666666666667,18.1708,97.3,29.394751654044512,32.97296820677889
2018-09-25 11:30:00,18.751,21.6596,135.40001,56.366649893729345,80.80768993279185
2018-09-25 11:45:00,30.406333333333336,31.3584,169.0,57.77338609346401,122.87067613252651
2018-09-25 12:00:00,44.24,58.4188,221.90001,64.23785297753346,181.95510761620534
2018-09-25 12:15:00,73.097,90.87,250.6,106.50381357810886,206.87812693260105
2018-09-25 12:30:00,109.808,131.5536,279.30002,144.22320296879167,222.4539463769948
2018-09-25 12:45:00,140.56766666666667,181.196,307.2,198.40404634930974,253.95800142743474
2018-09-25 13:00:00,162.06433333333334,232.3684,344.7,250.08325427509226,286.5127586696235
2018-09-25 13:15:00,172.34966666666665,273.0548,388.80002,304.3329482001757,321.2234816474413
2018-09-25 13:30:00,198.262,328.3236,415.9,344.5709218648658,361.2233876851783
2018-09-25 13:45:00,247.94333333333333,431.3284,451.6,424.17025844046157,384.4190682549147
2018-09-25 14:00:00,351.0806666666667,526.1608,530.0,573.0200226804367,477.52504282203824
2018-09-25 14:15:00,477.9163333333333,624.3272,613.5,651.7792099038214,563.9434707680792
2018-09-25 14:30:00,532.168,701.0688,750.9,742.867895825234,694.7130954101949
2018-09-25 14:45:00,646.5393333333334,763.6164,791.0,785.2081646887624,731.0688519446218
2018-09-25 15:00:00,657.3009999999999,806.0924,823.2,809.3551104124202,770.1740648801937
2018-09-25 15:15:00,817.0123333333333,820.066,839.2,825.8699240473396,787.3651022699959
2018-09-25 15:30:00,822.474,767.1508,762.3,798.2729828177106,719.9856293020856
2018-09-25 15:45:00,797.0503333333332,771.2128,803.60004,797.1398680926441,736.5255187274097
2018-09-25 16:00:00,764.6270000000001,821.818,669.10004,847.5896101110726,601.2331037634164
2018-09-25 16:15:00,646.6356666666667,752.114,769.8,789.1537260617524,729.1862883176118
2018-09-25 16:30:00,858.494,757.4516,736.4,799.8009273299263,693.4938747176216
2018-09-25 16:45:00,731.2793333333334,744.008,680.0,793.7671041524521,641.0131063497178
2018-09-25 17:00:00,310.83433333333335,686.1812,677.7,769.5026169586083,621.9263993072411
2018-09-25 17:15:00,366.3073333333333,636.2412,599.2,668.3075364535159,525.9366258089847
2018-09-25 17:30:00,423.5756666666667,571.9104,544.9,585.1999393324826,470.13582190084196
2018-09-25 17:45:00,365.2166666666666,486.238,494.4,490.7687823065204,380.1679522283954
2018-09-25 18:00:00,213.5173333333333,422.0724,437.9,435.651226855215,346.7428101071681
2018-09-25 18:15:00,291.4386666666667,376.758,376.0,371.96803179487597,308.91563311323534
2018-09-25 18:30:00,339.2523333333333,192.8428,465.30002,203.62995876161256,412.62336696473756
2018-09-25 18:45:00,459.991,109.1192,276.7,96.61876083100083,174.52531600678208
2018-09-25 19:00:00,612.1983333333334,99.3644,200.3,83.27234115231306,108.73395003903181
2018-09-25 19:15:00,310.612,45.0104,221.0,23.80348564995745,124.6227605523012
2018-09-25 19:30:00,291.5133333333333,37.6676,209.6,84.73180270533305,135.4834506545518
2018-09-25 19:45:00,264.863,34.4416,143.8,57.20002888914405,93.5327315258628
2018-09-25 20:00:00,227.1143333333333,31.6364,112.5,46.78519575244525,44.42029707080462
2018-09-25 20:15:00,397.6086666666667,28.4916,81.1,55.15649791174985,28.596805528937352
2018-09-25 20:30:00,287.556,24.2944,48.7,76.17062676469521,9.901934748093652
2018-09-25 20:45:00,309.47933333333333,20.738,52.100002,65.8227653006337,82.68838114536027
2018-09-25 21:00:00,200.71133333333333,16.4896,0.0,60.999116995254525,-37.56699933775329
2018-09-25 21:15:00,141.888,11.4576,73.3,23.05306380969239,32.77446120959473
2018-09-26 10:45:00,18.971666666666668,11.2376,55.600002,13.835240372949713,-10.601267805761225
2018-09-26 11:00:00,28.459,15.0676,75.3,50.6358839081621,16.888661007771475
2018-09-26 11:15:00,65.43900000000001,18.8184,102.200005,50.8002656119323,37.30032664708855
2018-09-26 11:30:00,85.94833333333332,22.832,153.5,60.84267706150308,96.25226873630777
2018-09-26 11:45:00,89.41933333333333,38.8128,190.0,62.35038380609609,144.01948170648672
2018-09-26 12:00:00,113.812,88.708,240.90001,121.50143522668372,204.61064238000404
2018-09-26 12:15:00,154.20933333333332,159.8244,291.2,179.48880914827697,244.58609918733947
2018-09-26 12:30:00,272.201,227.5156,330.4,254.26133994575133,269.2705104779779
2018-09-26 12:45:00,354.3833333333333,261.0464,436.2,289.97799592305023,383.57636933613617
2018-09-26 13:00:00,342.1043333333334,315.8504,452.30002,341.64290588964457,406.74019592870707
2018-09-26 13:15:00,538.739,384.6104,465.80002,408.9072799518924,422.51517484935334
2018-09-26 13:30:00,396.2726666666667,452.8144,502.1,494.2516102122429,453.2482380198601
2018-09-26 13:45:00,455.99966666666666,511.7676,548.60004,539.0376530006761,510.2982273414964
2018-09-26 14:00:00,618.9466666666667,593.888,637.0,624.2902917645082,599.7871637127504
2018-09-26 14:15:00,394.912,710.1516,698.10004,732.9983718035089,644.7970320818292
2018-09-26 14:30:00,852.4860000000001,873.0268,804.4,832.9729534090434,741.356406778184
2018-09-26 14:45:00,926.214,850.8428,888.10004,853.2676709755734,845.9897550209836
2018-09-26 15:00:00,603.4073333333333,713.808,832.9,727.7020629130552,773.2780059062193
2018-09-26 15:15:00,468.2426666666667,674.662,756.0,704.6201845336578,711.5286928344391
2018-09-26 15:30:00,513.9293333333333,710.6252,776.10004,737.6199046513337,737.1411754032869
2018-09-26 15:45:00,986.9126666666668,801.7896,742.3,832.2318833628705,698.6656449595501
2018-09-26 16:00:00,978.3296666666666,963.4316,800.8,918.3715365968593,753.4336608491786
2018-09-26 16:15:00,1027.6353333333334,892.846,816.0,877.0828031792896,761.333684374358
2018-09-26 16:30:00,717.3653333333333,683.1516,786.2,719.340028491234,744.260453906273
2018-09-26 16:45:00,464.67466666666667,626.3376,731.2,649.835410939989,685.7053450220202
2018-09-26 17:00:00,393.9183333333333,628.7036,663.0,652.3139509904456,602.532548402555
2018-09-26 17:15:00,623.0949999999999,624.9504,625.8,674.1298716428552,595.4974100950036
2018-09-26 17:30:00,693.935,617.876,661.10004,665.5667962452407,620.3070763966078
2018-09-26 17:45:00,896.7563333333333,627.8676,652.2,668.8514307779222,592.3300532144457
2018-09-26 18:00:00,409.2003333333333,568.636,703.60004,612.6956873544581,648.2627192148096
2018-09-26 18:15:00,510.513,495.2632,795.8,548.6275013903715,738.2640160540678
2018-09-26 18:30:00,702.927,448.4156,630.0,492.4278279308105,574.139360523584
2018-09-26 18:45:00,429.762,428.0948,544.5,459.8503538729093,515.1010710359952
2018-09-26 19:00:00,498.04533333333336,348.7572,552.8,372.0612719124624,502.48188043297023
2018-09-26 19:15:00,426.4346666666667,229.9248,511.80002,295.6499469048216,446.52615234915754
2018-09-26 19:30:00,537.5823333333333,117.1692,374.6,116.54058485995665,332.08253127108947
2018-09-26 19:45:00,236.29266666666663,71.7592,288.0,60.70372818848699,226.6109089746198
2018-09-26 20:00:00,182.46866666666668,33.0516,250.3,48.63718642641459,200.60456313539896
2018-09-26 20:15:00,172.67733333333334,28.238,201.5,56.9004450668524,159.69217785493834
2018-09-26 20:30:00,184.8793333333333,24.718,124.200005,77.80597118022041,82.0508900034626
2018-09-26 20:45:00,161.61,21.176,82.3,72.8356061314976,40.45932439321635
2018-09-26 21:00:00,96.104,16.9116,47.4,62.400778771019816,-7.664254187964559
2018-09-26 21:15:00,80.373,11.7996,22.1,24.31195834714491,-27.59209438723009
2018-09-27 10:45:00,5.2156666666666665,10.2716,45.8,16.934266850450086,-16.640012934706164
2018-09-27 11:00:00,12.003000000000002,13.7732,74.6,54.739494448521725,16.760490542271725
2018-09-27 11:15:00,68.53866666666666,17.0196,126.0,57.4987249279574,70.45949458127771
2018-09-27 11:30:00,217.444,20.3956,163.2,67.96305039974362,105.26546434017331
2018-09-27 11:45:00,200.96966666666668,29.1816,162.3,66.90271465308109,100.3771561814014
2018-09-27 12:00:00,171.81466666666665,70.2844,192.5,80.10797327578354,143.30128687441635
2018-09-27 12:15:00,222.77866666666665,158.6312,281.2,184.13962101735825,249.23691105642075
2018-09-27 12:30:00,506.836,259.1004,370.7,298.6512348966676,324.3438160734254
2018-09-27 12:45:00,613.856,387.3292,475.1,449.1291559152288,424.5381830148382
2018-09-27 13:00:00,629.6990000000001,465.9624,595.4,509.95396753367925,571.974658451648
2018-09-27 13:15:00,677.2146666666666,521.7696,653.7,560.6990012380772,620.818153307169
2018-09-27 13:30:00,711.2453333333334,572.6124,663.60004,606.2779880823284,600.4038120569378
2018-09-27 13:45:00,758.4656666666667,612.2716,742.2,648.3877961960726,708.5069482651644
2018-09-27 14:00:00,801.1066666666667,652.9844,722.10004,686.7786735661714,665.0787071355073
2018-09-27 14:15:00,837.5509999999999,710.1076,697.7,737.3889541035356,651.3766402607622
2018-09-27 14:30:00,867.5723333333333,795.0416,807.0,779.5493558505191,745.6683438876285
2018-09-27 14:45:00,912.1763333333332,878.3524,811.8,855.6876115659222,755.8513250211224
2018-09-27 15:00:00,920.951,903.16,914.9,886.4330478813379,888.664710631582
2018-09-27 15:15:00,942.4113333333332,920.6056,932.8,903.427787938324,905.6594506885681
2018-09-27 15:30:00,923.82,931.7256,946.3,915.7648457919222,917.9965085421663
2018-09-27 15:45:00,998.4056666666668,937.4084,955.10004,923.3778619114902,925.6095246617343
2018-09-27 16:00:00,1022.797,944.9652,959.3,926.2260344876777,928.4576972379218
2018-09-27 16:15:00,1000.2593333333332,943.9504,958.60004,924.294127085979,927.2995182068896
2018-09-27 16:30:00,975.142,925.3792,953.3,910.2137192086918,923.2656772927983
2018-09-27 16:45:00,1010.8003333333334,894.3188,943.3,898.7782179991948,911.8301760833012
2018-09-27 17:00:00,705.1636666666667,903.0132,928.8,880.8641515400245,895.7222867634132
2018-09-27 17:15:00,967.1826666666668,883.302,909.9,862.776483637563,875.029024225942
2018-09-27 17:30:00,936.9296666666668,854.8724,886.7,835.0048427277319,849.8629779511206
2018-09-27 17:45:00,861.1793333333334,819.2596,859.2,807.3104212391225,820.362379323229
2018-09-27 18:00:00,703.241,762.1076,824.60004,768.8008295790096,786.6912581221004
2018-09-27 18:15:00,833.2096666666667,728.2492,788.8,740.9928456837395,749.0397473866203
2018-09-27 18:30:00,462.281,689.6292,749.2,689.2161056026476,707.6246234401721
2018-09-27 18:45:00,400.94666666666666,650.9124,705.9,649.6382518465704,662.6902099306768
2018-09-27 19:00:00,703.6746666666667,564.2752,659.3,549.5222215881216,616.7594585647452
2018-09-27 19:15:00,682.7323333333334,580.0528,609.5,556.1361017347849,557.5811605574168
2018-09-27 19:30:00,575.2603333333334,528.9592,556.9,502.4128395077397,503.85789833037154
2018-09-27 19:45:00,425.4376666666667,429.4372,501.7,435.8301355464322,445.5755903346402
2018-09-27 20:00:00,461.446,318.1248,444.5,321.5536918864683,387.8408413157896
2018-09-27 20:15:00,357.45633333333336,350.8524,385.6,331.2838223355769,328.81205300269113
2018-09-27 20:30:00,324.67766666666665,237.6316,325.6,229.37836941127,269.0776129568022
2018-09-27 20:45:00,270.1983333333333,59.1276,265.30002,101.05353338835752,209.3654325735382
2018-09-27 21:00:00,214.6293333333333,16.5192,202.90001,63.80908357669779,158.7795368390269
2018-09-27 21:15:00,159.855,10.5828,109.0,25.580775241087977,69.53961847228915
2018-09-28 10:45:00,86.863,27.4944,101.3,25.131873346109103,62.95053408219309
2018-09-28 11:00:00,157.73033333333333,96.306,129.5,81.13726204592032,84.71847695070548
2018-09-28 11:15:00,260.9243333333333,156.5004,173.1,139.74220706737967,111.56753970898123
2018-09-28 11:30:00,284.092,215.2204,256.6,199.48502787803625,217.87663706993078
2018-09-28 11:45:00,327.345,272.5416,328.6,259.3672575711919,297.18591830727587
2018-09-28 12:00:00,392.7493333333333,330.6768,364.7,318.6380865379231,322.21930144270823
2018-09-28 12:15:00,444.8163333333333,388.5916,421.9,376.6944048777976,380.27561978258274
2018-09-28 12:30:00,499.0276666666667,469.162,477.80002,459.309631234658,436.6107367339256
2018-09-28 12:45:00,552.297,579.528,531.7,550.6467506883808,490.78608632070507
2018-09-28 13:00:00,603.6866666666666,614.656,583.0,594.6693806512319,542.4147667748891
2018-09-28 13:15:00,648.2270000000001,615.2368,631.5,593.1997122955347,591.1515937042261
2018-09-28 13:30:00,685.8483333333334,680.1536,677.10004,685.9092526376554,636.6869320810148
2018-09-28 13:45:00,728.3349999999999,768.196,719.3,738.603477107727,678.7428127400512
2018-09-28 14:00:00,765.9246666666666,808.562,757.9,776.9311388437345,717.0704744760587
2018-09-28 14:15:00,804.4243333333333,842.8324,792.8,811.3094808305535,751.4488164628777
2018-09-28 14:30:00,842.7810000000001,872.9696,823.8,841.5441047569511,781.6834403892753
2018-09-28 14:45:00,871.3686666666667,898.8168,850.8,867.4667409111323,807.6060765434565
2018-09-28 15:00:00,895.5413333333333,919.8136,887.10004,888.9349226785987,863.237245066294
2018-09-28 15:15:00,918.344,935.8452,905.3,905.8318183254967,855.6736762356529
2018-09-28 15:30:00,937.942,947.254,919.0,918.0661579431517,885.60809672489
2018-09-28 15:45:00,948.2893333333334,953.982,928.10004,925.5722130439333,904.9679993293337
2018-09-28 16:00:00,954.1193333333332,955.9948,932.60004,928.3098001444575,902.6865816080806
2018-09-28 16:15:00,954.7583333333332,953.2832,932.3,926.2642899861642,900.6410714497872
2018-09-28 16:30:00,949.2393333333332,945.8608,927.3,919.4466121523303,893.8233936159534
2018-09-28 16:45:00,1002.0653333333332,891.5404,917.7,897.2549077453831,882.2700330200413
2018-09-28 17:00:00,661.4689999999999,743.3516,903.5,774.7068125446395,866.0430208881454
2018-09-28 17:15:00,679.436,641.124,777.10004,677.660154807423,713.5837693093762
2018-09-28 17:30:00,726.8743333333333,625.094,591.5,682.0370460183309,510.0032020241903
2018-09-28 17:45:00,802.17,664.9464,549.8,706.7420730363222,476.49236295331434
2018-09-28 18:00:00,749.9736666666666,647.2476,590.10004,694.4385646533966,547.9605678272247
2018-09-28 18:15:00,690.938,568.9528,641.3,600.6184695844566,586.6045077924645
2018-09-28 18:30:00,397.4983333333333,489.2328,619.60004,538.8647586412748,568.8490268297513
2018-09-28 18:45:00,302.8426666666667,415.5204,559.0,467.2794098203141,500.0254120175797
2018-09-28 19:00:00,287.7246666666667,323.1552,479.0,358.135259926976,441.2444670802963
2018-09-28 19:15:00,437.3693333333333,265.2932,400.6,273.2242671293686,340.37915909714206
2018-09-28 19:30:00,298.77466666666663,201.4372,376.2,238.63159210794356,336.1843417417326
2018-09-28 19:45:00,408.9133333333333,187.7816,290.1,203.07777298660153,230.50131119460934
2018-09-28 20:00:00,280.58,135.6156,278.6,160.9188854500082,212.998185376766
2018-09-28 20:15:00,158.80766666666665,57.7748,251.8,80.06052677408724,189.24338810221224
2018-09-28 20:30:00,132.75966666666667,120.2908,189.3,162.40157980974254,137.5984181886488
2018-09-28 20:45:00,224.86066666666665,106.3052,186.90001,142.20692921707874,120.17244435379749
2018-09-28 21:00:00,187.30033333333333,18.8992,125.5,65.2250171462099,61.326839045623956
2018-09-28 21:15:00,122.575,10.9408,0.0,26.860475971756998,-67.70017771476644
2018-09-29 10:45:00,69.53666666666666,135.6836,103.1,89.79863032780545,66.73794803105253
2018-09-29 11:00:00,186.35533333333333,194.9012,156.1,154.9740772692168,123.04350952782275
2018-09-29 11:15:00,242.82333333333327,256.3084,213.0,209.69128316873127,181.84153264993245
2018-09-29 11:30:00,299.85433333333333,318.4152,271.9,269.56249345807623,241.7127429392774
2018-09-29 11:45:00,361.0456666666667,380.2592,331.4,330.6584565360977,301.6798894126846
2018-09-29 12:00:00,419.402,441.2368,402.4,398.0942760821564,361.0040079470856
2018-09-29 12:15:00,476.025,500.796,460.9,465.32489515683415,419.08917565486195
2018-09-29 12:30:00,532.6256666666667,558.3732,517.7,520.1056307831856,475.4333651343437
2018-09-29 12:45:00,587.0496666666667,613.5568,572.2,574.2734804609348,529.601214812093
2018-09-29 13:00:00,633.0036666666667,665.9896,624.10004,625.8804061293147,581.2081404804728
2018-09-29 13:15:00,677.6913333333333,715.3596,673.4,674.5829803577454,637.1739173761399
2018-09-29 13:30:00,720.7126666666667,761.3916,719.5,720.0729596877215,682.663896706116
2018-09-29 13:45:00,761.2099999999999,803.8412,762.2,762.07352261101,720.9395755962014
2018-09-29 14:00:00,803.0849999999999,842.488,801.3,800.3368897262902,754.1621521536202
2018-09-29 14:15:00,841.313,877.1344,836.4,834.6428276217747,803.4182853616047
2018-09-29 14:30:00,874.853,907.604,867.4,864.7977256177894,833.5731833576194
2018-09-29 14:45:00,905.9556666666666,933.7404,894.4,890.6340454456199,862.9930545923103
2018-09-29 15:00:00,930.62,955.0868,923.10004,912.0100119457109,896.7715078935487
2018-09-29 15:15:00,954.401,971.5296,941.3,928.8094559586164,913.5709519064542
2018-09-29 15:30:00,972.3193333333334,981.9324,954.8,940.9417487803255,925.7032447281633
2018-09-29 15:45:00,980.125,986.9936,963.8,948.3417866612477,933.1032826090856
2018-09-29 16:00:00,988.2096666666667,992.5008,968.10004,950.9699973514937,936.505221669998
2018-09-29 16:15:00,996.2516666666668,990.1704,967.5,948.8123508073289,937.0153884269197
2018-09-29 16:30:00,991.774,982.9276,962.3,941.8803641471978,930.0834017667886
2018-09-29 16:45:00,976.5063333333331,970.9584,952.4,930.2110975396505,918.4141351592413
2018-09-29 17:00:00,964.9933333333332,954.322,937.8,913.8671437385411,902.0701813581319
2018-09-29 17:15:00,768.6323333333333,933.1012,918.5,892.9366204783686,881.1396580979593
2018-09-29 17:30:00,833.0963333333333,907.4036,894.7,867.5331827502732,855.736220369864
2018-09-29 17:45:00,880.4023333333333,877.3596,866.60004,837.7960818367517,825.9991194563424
2018-09-29 18:00:00,667.1136666666666,842.7856,836.7,803.8903110915317,792.0933487111224
2018-09-29 18:15:00,269.56,781.6644,799.8,746.9578497681929,756.4595520768477
2018-09-29 18:30:00,286.6526666666667,654.09,759.3,641.8724938108077,706.7594319059004
2018-09-29 18:45:00,512.2533333333333,560.8072,715.0,590.5737868407192,661.6009074309292
2018-09-29 19:00:00,642.6246666666666,605.0684,667.5,605.9562795978612,610.8632639270849
2018-09-29 19:15:00,466.265,610.1484,616.7,562.6468312892748,559.5274102840258
2018-09-29 19:30:00,220.078,501.5284,563.5,500.6881603413302,505.59514467055385
2018-09-29 19:45:00,540.6563333333334,319.208,507.5,362.6211709933525,449.4466505007988
2018-09-29 20:00:00,476.105,312.6172,450.0,322.82254720572877,391.51171995047974
2018-09-29 20:15:00,352.15833333333336,373.228,390.6,333.17774476671207,332.2848557438849
2018-09-29 20:30:00,395.11,241.3636,330.1,232.6517995595151,272.3510431050473
2018-09-29 20:45:00,258.737,35.4504,262.1,69.55544220255231,220.5769666318736
2018-09-29 21:00:00,59.76566666666667,16.986,134.5,46.37080053504462,94.50726751502509
2018-09-29 21:15:00,44.45666666666667,11.8916,108.8,28.152019964058923,72.1108631952601
2018-09-30 10:45:00,73.52033333333334,120.4176,105.1,96.14902372868096,70.525805192304
2018-09-30 11:00:00,188.5353333333333,130.0308,158.40001,153.07840684703638,127.11807206920435
2018-09-30 11:15:00,244.53833333333333,180.6172,215.1,174.56175479230467,191.11931094464842
2018-09-30 11:30:00,301.731,236.7296,273.80002,231.1244403382804,239.25851168837806
2018-09-30 11:45:00,359.89833333333337,295.896,333.1,273.9508925903478,299.30537714845326
2018-09-30 12:00:00,416.823,357.6332,402.6,350.54440975561135,365.5133237875938
2018-09-30 12:15:00,473.379,438.4152,460.80002,438.09047492445734,423.62368949354914
2018-09-30 12:30:00,525.4063333333334,551.848,517.2,511.9043859465198,479.9738182051258
2018-09-30 12:45:00,579.586,608.9248,571.5,561.9812241406594,534.1314736218606
2018-09-30 13:00:00,627.086,660.5516,623.2,613.5640913211492,585.7143408023504
2018-09-30 13:15:00,665.8396666666666,709.1616,672.10004,662.2304693592284,634.3807188404296
2018-09-30 13:30:00,712.249,754.4852,717.9,707.6734865681831,679.8237360493843
2018-09-30 13:45:00,748.9963333333333,796.2812,760.3,749.6174557260391,721.7677052072403
2018-09-30 14:00:00,792.0856666666666,834.3328,799.10004,787.8155697284689,759.96581920967
2018-09-30 14:15:00,835.4736666666666,868.4436,834.10004,822.0484553201281,794.1987048013293
2018-09-30 14:30:00,869.2143333333333,898.4388,864.8,852.1232833959444,824.2735328771456
2018-09-30 14:45:00,896.5753333333334,924.1636,891.60004,877.8732415769225,850.0234910581237
2018-09-30 15:00:00,916.1806666666666,945.7244,909.10004,899.157240635291,871.3074901164922
2018-09-30 15:15:00,936.0366666666666,963.0172,927.0,915.8597681668953,888.0100176480964
2018-09-30 15:30:00,956.98,975.7652,940.4,927.8908303302896,900.0410798114908
2018-09-30 15:45:00,966.5623333333332,983.8864,949.0,935.1859410895198,907.336190570721
2018-09-30 16:00:00,972.86,987.3144,953.10004,922.5165258959926,904.1230742053187
2018-09-30 16:15:00,980.1053333333332,986.0324,952.10004,936.5667789711972,914.8514145150205
2018-09-30 16:30:00,977.5836666666668,980.048,946.60004,925.4740318619564,913.9915012680843
2018-09-30 16:45:00,969.297,969.3928,936.5,925.8509721700112,902.2084274236123
2018-09-30 17:00:00,954.3076666666668,949.7848,921.60004,884.9622778549518,884.84756227878
2018-09-30 17:15:00,935.2633333333334,921.004,902.0,883.1872833857905,863.8021448741328
2018-09-30 17:30:00,911.3773333333334,901.1536,878.10004,853.5883701624094,838.2840488733469
2018-09-30 17:45:00,883.311,873.3012,849.8,808.5477296570915,808.4330140809196
2018-09-30 18:00:00,848.723,828.5436,824.5,784.9297457577104,794.7443667293901
2018-09-30 18:15:00,809.2729999999999,777.2796,788.0,749.4977225429989,756.7498072750545
2018-09-30 18:30:00,766.2710000000001,735.2688,747.7,707.7450822525833,714.997166984639
2018-09-30 18:45:00,725.0246666666667,702.7144,704.0,659.9171572990668,669.7317782707465
2018-09-30 19:00:00,682.2980000000001,676.4124,656.8,633.8731350190428,621.2277593500403
2018-09-30 19:15:00,635.1293333333334,626.1916,606.60004,589.0026113782789,569.7902633939649
2018-09-30 19:30:00,581.8473333333333,572.2384,553.8,534.9713843422722,515.7590363579583
2018-09-30 19:45:00,526.39,515.8064,498.4,478.7264093538811,459.5140613695671
2018-09-30 20:00:00,460.95366666666666,457.2632,441.0,420.69697926923806,401.4846312849241
2018-09-30 20:15:00,391.83366666666666,397.0316,381.9,353.9612419801399,342.16427959973066
2018-09-30 20:30:00,330.88666666666666,335.6048,322.0,293.9332005571858,282.13623817677654
2018-09-30 20:45:00,275.888,273.5868,261.7,233.91602018545203,222.1190578050428
2018-09-30 21:00:00,210.09066666666664,211.9908,213.8,176.4145707852993,158.3137961990986
2018-09-30 21:15:00,150.54466666666667,151.9464,143.1,102.39377208734295,106.29050823236248
2018-10-01 10:45:00,76.08099999999999,154.5768,117.1,111.40066569506892,74.31039755999812
2018-10-01 11:00:00,203.496,215.1756,172.90001,175.84856629782018,131.17630064897833
2018-10-01 11:15:00,263.349,276.9508,231.40001,235.00632792134274,190.3340622725009
2018-10-01 11:30:00,321.8193333333333,338.8368,291.4,302.53015798091855,250.44250672817196
2018-10-01 11:45:00,380.805,400.086,351.6,362.65162842713977,310.5639771743932
2018-10-01 12:00:00,438.167,459.9952,441.5,422.06949039691915,402.8571424126052
2018-10-01 12:15:00,493.324,518.0712,499.80002,480.2014805465259,460.9891325622119
2018-10-01 12:30:00,546.2420000000001,574.048,556.4,536.5544977411769,517.3421497568629
2018-10-01 12:45:00,598.6083333333333,627.6012,610.4,590.6993534270459,571.487005442732
2018-10-01 13:00:00,649.5116666666667,678.3732,661.7,635.6889819162956,623.043606247293
2018-10-01 13:15:00,694.0616666666666,726.0756,710.0,683.468909801657,671.6719474212478
2018-10-01 13:30:00,735.855,770.4464,755.10004,728.8634714100859,717.0665090296767
2018-10-01 13:45:00,778.6683333333333,811.2508,796.7,770.7496867528322,758.952724372423
2018-10-01 14:00:00,817.978,848.2752,834.60004,808.8817110162444,797.0847486358351
2018-10-01 14:15:00,859.2876666666667,881.3292,868.60004,843.0410232755175,831.2440608951083
2018-10-01 14:30:00,894.955,910.2452,898.60004,874.599023181644,861.2386069481045
2018-10-01 14:45:00,923.0533333333332,934.8764,924.4,891.117258970962,886.9022941043238
2018-10-01 15:00:00,941.848,954.9216,945.8,900.1496635866708,908.0947128725595
2018-10-01 15:15:00,959.7966666666669,970.2904,962.7,920.8042649498718,924.7010010948914
2018-10-01 15:30:00,968.8063333333332,981.0776,975.2,931.6062399976505,936.6317927472843
2018-10-01 15:45:00,975.8176666666666,981.9028,983.0,942.8784762436088,943.8232117706474
2018-10-01 16:00:00,1005.3393333333332,967.1812,986.2,938.984799473449,946.2368842055047
2018-10-01 16:15:00,739.0913333333334,950.858,984.8,929.0018164132975,943.8599516366862
2018-10-01 16:30:00,680.5783333333333,915.9284,978.8,928.6581749723051,936.705076675186
2018-10-01 16:45:00,453.906,830.8308,968.2,847.9762910565508,924.8104375561846
2018-10-01 17:00:00,859.2616666666667,776.2848,953.10004,815.2452593914743,910.4893323055978
2018-10-01 17:15:00,907.8256666666668,883.7224,820.60004,874.0301205745169,766.2229992976614
2018-10-01 17:30:00,404.402,898.806,909.8,860.507460239521,853.3072220116768
2018-10-01 17:45:00,782.33,870.1756,881.7,830.5455436259746,823.3453053981303
2018-10-01 18:00:00,818.0903333333333,833.47,844.2,787.5476026492448,791.5551977115007
2018-10-01 18:15:00,777.5836666666668,790.0844,807.9,752.0077978830603,751.1149088602332
2018-10-01 18:30:00,735.609,752.9452,767.9,707.5869503083303,712.6612129273489
2018-10-01 18:45:00,701.6223333333332,685.1408,724.3,666.3597158858151,670.831744618115
2018-10-01 19:00:00,663.6086666666667,560.6152,677.5,552.7343048355988,627.4924845002106
2018-10-01 19:15:00,619.8673333333334,522.6576,627.8,510.6407574219588,575.9571035904769
2018-10-01 19:30:00,562.6956666666666,558.106,575.3,516.8217641898801,518.9397050925901
2018-10-01 19:45:00,508.0213333333333,454.4984,520.2,448.3769031322693,460.7747932232117
2018-10-01 20:00:00,449.8066666666667,274.0476,463.1,310.3142821423813,402.6546694867416
2018-10-01 20:15:00,379.7123333333333,188.0044,404.4,227.44178782710316,343.24459277400257
2018-10-01 20:30:00,317.50100000000003,100.7628,344.4,132.75854847553103,283.12600491168826
2018-10-01 20:45:00,256.33366666666666,31.2976,283.9,75.03028163530382,223.0142541847423
2018-10-01 21:00:00,182.8853333333333,17.7588,163.40001,49.24963955281794,131.62355236409724
2018-10-01 21:15:00,112.85633333333334,12.3088,115.200005,30.774448038490036,74.73329126969121
2018-10-02 10:45:00,15.643333333333334,14.6956,94.5,34.129216463374135,58.661008150385854
2018-10-02 11:00:00,24.34,18.5552,118.1,50.92669529100746,53.3957962431559
2018-10-02 11:15:00,26.977,22.3624,147.90001,40.972019939737464,98.67680814774528
2018-10-02 11:30:00,37.55333333333333,25.868,177.2,56.20804067622032,122.59703298579063
2018-10-02 11:45:00,47.78066666666667,29.488,201.2,36.56974415401356,154.28699879268544
2018-10-02 12:00:00,44.80333333333333,35.1604,223.2,56.4081307625699,180.72134792565583
2018-10-02 12:15:00,66.07866666666666,50.6144,250.6,72.82296281070273,198.15896134585898
2018-10-02 12:30:00,90.85133333333332,78.8924,277.2,100.02371250489989,245.37115513185302
2018-10-02 12:45:00,81.664,112.5256,297.80002,155.11138476581266,224.60552539081266
2018-10-02 13:00:00,107.99733333333332,140.2236,323.6,157.7007669813496,253.74489539931835
2018-10-02 13:15:00,134.08,156.2144,339.0,140.79980322115955,241.6190781235033
2018-10-02 13:30:00,172.101,174.8324,348.9,146.26763514094603,260.7475545745398
2018-10-02 13:45:00,200.08133333333333,233.4932,336.5,212.08913370686344,193.77297159748844
2018-10-02 14:00:00,233.289,272.506,374.2,256.9041715191554,231.83819251524915
2018-10-02 14:15:00,235.81466666666668,315.284,404.6,332.1528474725427,278.78681964051145
2018-10-02 14:30:00,269.31266666666664,360.2552,424.0,373.2428129739127,281.72077928250644
2018-10-02 14:45:00,328.74600000000004,383.2272,464.1,381.2019865166542,321.4153654229042
2018-10-02 15:00:00,313.061,373.2072,461.9,336.83881263647356,328.3997867575673
2018-10-02 15:15:00,318.694,390.4964,454.7,353.34968013892967,337.4482519162734
2018-10-02 15:30:00,281.832,457.1444,458.30002,471.1678462500729,296.2970881934323
2018-10-02 15:45:00,172.46033333333335,490.824,448.6,526.5756785365079,303.38619489392977
2018-10-02 16:00:00,144.41400000000002,512.414,484.0,541.1750065875821,351.88383837469144
2018-10-02 16:15:00,143.94966666666667,539.1656,500.6,554.5947478014973,363.6563933093098
2018-10-02 16:30:00,126.79633333333332,537.7048,527.5,547.3315807835751,423.9873425023251
2018-10-02 16:45:00,152.92733333333334,510.2076,538.3,522.5636294454089,444.586120900487
2018-10-02 17:00:00,166.54433333333333,497.814,510.6,518.6474878960371,402.0678980522871
2018-10-02 17:15:00,135.89,463.4692,485.6,512.6053580332342,388.7949332285467
2018-10-02 17:30:00,119.74666666666668,431.1148,449.5,455.7382420046365,359.1078403933084
2018-10-02 17:45:00,119.17266666666666,430.1604,420.9,441.5721557561876,332.5136840765001
2018-10-02 18:00:00,140.95533333333333,417.8684,434.9,408.8805059764022,349.61897033187097
2018-10-02 18:15:00,159.86566666666667,359.1776,465.6,369.1312594168554,391.6888460867773
2018-10-02 18:30:00,160.94166666666666,291.4492,431.9,342.395792326192,351.53888925002013
2018-10-02 18:45:00,218.2273333333333,221.6036,381.9,248.2290650834609,306.07067885299216
2018-10-02 19:00:00,278.274,133.6648,339.5,148.5968090364422,252.1978832551922
2018-10-02 19:15:00,272.0443333333333,59.2908,279.6,38.74930612828962,203.929329321649
2018-10-02 19:30:00,253.653,41.7796,226.7,98.96000707696362,131.27839696954175
2018-10-02 19:45:00,209.3943333333333,37.9364,160.90001,85.95256294167558,89.6388727561287
2018-10-02 20:00:00,162.89433333333332,34.628,98.4,33.35037207504928,12.024718998877404
2018-10-02 20:15:00,124.258,30.7752,38.9,40.992130994802494,-47.47127842902563
2018-10-02 20:30:00,91.51666666666668,26.4312,0.0,54.003992890561165,-87.98401370123571
2018-10-02 20:45:00,58.341,22.744,0.0,128.236822859941,-38.824456436934014
2018-10-02 21:00:00,38.937666666666665,18.5576,0.0,50.70586463003795,-59.20433739632924
2018-10-02 21:15:00,28.879666666666665,13.346,0.0,32.10721506198355,-56.094124659696135
2018-10-03 10:45:00,69.38233333333332,14.6964,91.4,37.89632887237488,47.617726272277224
2018-10-03 11:00:00,97.61933333333332,24.62,126.1,56.85675447828814,63.42334383375689
2018-10-03 11:15:00,149.56166666666667,56.9124,161.40001,71.31910635361456,115.64376760849737
2018-10-03 11:30:00,227.32933333333327,97.9864,218.2,143.2717968176603,160.9363781164884
2018-10-03 11:45:00,274.50466666666665,127.496,263.30002,154.344262462772,210.90549598327982
2018-10-03 12:00:00,259.97433333333333,167.41,301.0,211.21547502629397,246.62506670109866
2018-10-03 12:15:00,299.93266666666665,229.9548,333.1,269.3803230865663,294.30074850160537
2018-10-03 12:30:00,350.97766666666666,290.144,390.6,325.7303119091421,350.65073732418114
2018-10-03 12:45:00,375.15066666666667,395.6484,423.4,429.2656755876626,386.750630421647
2018-10-03 13:00:00,541.7323333333333,489.1852,494.9,536.8145873803624,456.26038816161235
2018-10-03 13:15:00,895.026,556.4216,597.7,587.3377530889851,539.182952673946
2018-10-03 13:30:00,887.2473333333334,616.886,644.2,648.7916795030218,589.9485551133733
2018-10-03 13:45:00,879.8356666666666,694.6504,721.10004,696.6995608609295,658.710898141203
2018-10-03 14:00:00,887.5953333333333,759.9208,820.10004,735.6333781612511,785.9637729061242
2018-10-03 14:15:00,907.4416666666668,821.9428,866.0,826.350509686775,835.9609260991285
2018-10-03 14:30:00,931.08,920.6408,896.7,881.0333053523042,865.794801300142
2018-10-03 14:45:00,952.153,949.2276,923.10004,906.5252662846573,892.0604906031616
2018-10-03 15:00:00,953.1316666666668,970.3052,942.3,927.5362416836535,912.2977376314914
2018-10-03 15:15:00,985.7286666666666,986.9388,959.7,943.9526476282986,928.7141435761364
2018-10-03 15:30:00,997.0193333333334,998.922,972.60004,949.8558924882252,941.2215741364796
2018-10-03 15:45:00,1007.9956666666666,1006.1968,980.8,963.5230794178293,950.8777037488268
2018-10-03 16:00:00,999.3426666666668,1001.48,984.2,966.4438377672338,953.0834215336943
2018-10-03 16:15:00,994.132,978.052,982.9,943.2427287761559,950.4948135082116
2018-10-03 16:30:00,995.4523333333332,961.8576,977.0,935.8735588418299,943.1256435738856
2018-10-03 16:45:00,982.2063333333332,946.208,966.4,925.341955602083,931.01516002408
2018-10-03 17:00:00,969.9593333333332,934.9156,951.10004,906.9759944034301,914.2280791354858
2018-10-03 17:15:00,965.166,949.0776,931.2,912.0669163277855,892.8545683434716
2018-10-03 17:30:00,955.0516666666666,925.2976,906.8,886.2225938086813,867.0102458243673
2018-10-03 17:45:00,940.472,895.6168,878.10004,856.0485708648107,836.8362228804967
2018-10-03 18:00:00,797.3873333333333,861.6776,847.0,821.7115761496833,802.4992281653693
2018-10-03 18:15:00,811.16,801.1464,810.0,763.2471350085859,759.9740284335737
2018-10-03 18:30:00,799.2456666666666,704.5352,769.2,709.0811653101821,716.3260974848647
2018-10-03 18:45:00,756.9226666666667,651.6056,724.60004,658.6787245021599,668.4241792903679
2018-10-03 19:00:00,718.3686666666667,625.6188,676.8,614.7227177310377,619.6297020602614
2018-10-03 19:15:00,668.8706666666666,596.1648,625.8,568.8030448626408,567.9101558398137
2018-10-03 19:30:00,611.6833333333333,451.3932,571.9,451.056150851755,513.6051411013888
2018-10-03 19:45:00,548.0843333333333,362.5296,515.7,388.4047094742777,460.49849762125035
2018-10-03 20:00:00,487.59,273.3472,457.4,313.95451831500947,402.20861529987275
2018-10-03 20:15:00,423.7126666666666,196.522,397.30002,223.15938620434628,339.22592406140194
2018-10-03 20:30:00,324.4133333333333,126.8664,336.4,170.62550246894517,278.93740165412584
2018-10-03 20:45:00,256.98266666666666,96.1028,269.0,133.79776060940438,226.7922159469288
2018-10-03 21:00:00,133.11700000000002,132.7352,197.40001,123.00992262823692,167.42377722723595
2018-10-03 21:15:00,96.411,97.4416,155.40001,97.23777401764723,112.53934967835279
2018-10-04 10:45:00,95.96466666666667,15.5772,99.6,41.64932136543021,66.18111305244193
2018-10-04 11:00:00,93.77933333333334,25.2424,134.40001,51.884140495489646,73.88060808582168
2018-10-04 11:15:00,121.56566666666669,49.4544,180.40001,97.19871487414801,121.0353085020777
2018-10-04 11:30:00,176.19033333333334,65.3072,209.8,95.70177879760564,159.51337852905095
2018-10-04 11:45:00,223.17366666666663,82.7956,243.2,97.82849462295133,191.42686803603726
2018-10-04 12:00:00,254.629,118.5772,288.9,157.35609199002914,241.2374549050682
2018-10-04 12:15:00,286.842,150.9716,326.80002,170.99954063158594,280.6296370671328
2018-10-04 12:30:00,250.50466666666668,201.7776,343.2,206.69892692257633,303.94976615597477
2018-10-04 12:45:00,291.82466666666664,239.1316,387.5,255.6091038761773,343.15376635176324
2018-10-04 13:00:00,313.16066666666666,260.158,421.0,255.85965839658718,368.79456440244655
2018-10-04 13:15:00,294.0806666666667,294.4312,418.5,293.5054157997322,341.7560261512947
2018-10-04 13:30:00,293.32533333333333,376.0696,420.5,401.63904569810256,336.7081985301338
2018-10-04 13:45:00,350.166,466.9916,474.0,493.20416127517547,420.36944447830047
2018-10-04 14:00:00,417.454,512.508,568.8,550.8166568539126,516.1740482113345
2018-10-04 14:15:00,465.30033333333336,558.9832,618.0,584.7534053323645,579.3370845315833
2018-10-04 14:30:00,508.3973333333333,567.4064,638.9,594.8246311067227,583.1910251496914
2018-10-04 14:45:00,507.586,538.3952,644.0,553.0438471745429,575.3571406315741
2018-10-04 15:00:00,517.514,483.4036,627.60004,510.95644681987267,551.2279922300289
2018-10-04 15:15:00,549.9736666666666,406.5544,569.0,384.6777747687179,500.96030650699913
2018-10-04 15:30:00,590.4116666666667,364.5504,494.4,334.8152455487025,363.8818349041712
2018-10-04 15:45:00,544.273,350.5592,418.2,378.0569122031784,291.4488799766159
2018-10-04 16:00:00,407.1143333333333,358.2564,375.4,380.16147625403573,238.04331219153573
2018-10-04 16:15:00,283.74566666666664,369.972,363.0,364.15419704224917,230.50624782349917
2018-10-04 16:30:00,260.368,385.836,379.7,346.83397773383115,257.1368952142999
2018-10-04 16:45:00,247.69333333333333,404.6732,378.7,382.9302181505193,244.9224056505193
2018-10-04 17:00:00,246.91866666666667,418.846,386.7,401.3531630586032,254.28394919141567
2018-10-04 17:15:00,249.73033333333333,418.5496,399.2,474.8734789704149,251.68399532783678
2018-10-04 17:30:00,256.3686666666667,374.4032,431.5,392.7164583054098,286.18246172337854
2018-10-04 17:45:00,244.33033333333333,318.8176,414.5,302.95457468954305,270.02439890829305
2018-10-04 18:00:00,230.71833333333333,259.0804,385.4,229.91031172691635,276.44290450035385
2018-10-04 18:15:00,235.852,202.4692,344.6,167.1892862069742,238.0385293710367
2018-10-04 18:30:00,259.3656666666667,138.6888,296.4,119.75900061542416,152.0847452443304
2018-10-04 18:45:00,237.193,78.5452,251.3,102.5436527723491,109.3747074598491
2018-10-04 19:00:00,212.9533333333333,46.0,212.40001,40.34411501970942,101.34588503924067
2018-10-04 19:15:00,142.49033333333333,41.986,168.7,3.00762101879468,76.92143937816968
2018-10-04 19:30:00,84.532,76.7904,128.40001,97.64500391518948,45.79966700112698
2018-10-04 19:45:00,64.17466666666667,133.6944,90.6,120.58244584161667,-18.95579268377395
2018-10-04 20:00:00,38.013333333333335,63.1516,308.7,79.77374393527373,244.2453931051956
2018-10-04 20:15:00,28.325,30.4796,211.90001,37.85675440011278,173.58592615304246
2018-10-04 20:30:00,30.41466666666667,25.8132,132.1,51.83755412118762,95.20614542978137
2018-10-04 20:45:00,26.784333333333333,22.1472,65.3,48.483076132754206,3.209318198183894
2018-10-04 21:00:00,28.214,17.9744,25.1,44.694364797527015,-24.630693185871422
2018-10-04 21:15:00,33.346666666666664,12.7564,0.0,34.82046630550677,-53.38087341617292
2018-10-05 10:45:00,127.49933333333334,88.4744,134.0,72.93245545728206,92.88183823926448
2018-10-05 11:00:00,209.70966666666664,160.8372,193.1,161.64757704435004,145.67831968961372
2018-10-05 11:15:00,215.115,232.7548,253.6,226.78084167530565,220.40521987965136
2018-10-05 11:30:00,348.40066666666667,335.046,315.1,290.5260925195465,280.91313361146547
2018-10-05 11:45:00,398.166,380.1716,376.9,353.45918959217846,344.86724585133373
2018-10-05 12:00:00,455.4183333333333,388.2868,438.30002,360.2002022575726,399.93769005054133
2018-10-05 12:15:00,510.0926666666667,439.4944,497.4,430.60778190567936,458.1221251673981
2018-10-05 12:30:00,565.284,490.7544,554.7,465.029853644236,514.4579542301735
2018-10-05 12:45:00,618.4053333333334,571.6152,609.7,575.8053513651817,568.5274354105918
2018-10-05 13:00:00,671.921,683.2704,662.10004,635.2632175886689,619.9588962996064
2018-10-05 13:15:00,717.672,735.3256,711.3,680.803639255924,685.3071468700598
2018-10-05 13:30:00,760.9103333333334,781.1748,757.4,738.151711451014,730.4952049126229
2018-10-05 13:45:00,805.5336666666667,823.3816,799.8,779.7976793331264,772.1411727947353
2018-10-05 14:00:00,845.8206666666666,841.9036,838.5,806.1924018958529,810.0029449561556
2018-10-05 14:15:00,880.7093333333333,846.4456,873.10004,834.2549039115186,843.8653203238721
2018-10-05 14:30:00,910.068,923.8524,903.7,881.1957719949512,873.5392654565601
2018-10-05 14:45:00,938.234,951.8496,930.0,914.0999956787862,898.861491626624
2018-10-05 15:00:00,960.0983333333334,973.0188,955.10004,934.9327371509289,923.1357747705197
2018-10-05 15:15:00,981.6163333333334,989.5304,972.5,951.1636540957624,939.3666917153531
2018-10-05 15:30:00,996.131,1001.36,985.2,962.7058075141864,950.9088451337772
2018-10-05 15:45:00,1006.9596666666667,1008.452,993.2,969.4976699461222,957.700707565713
2018-10-05 16:00:00,1010.569,1010.7748,996.60004,971.5031475323105,959.7061851519013
2018-10-05 16:15:00,1012.3896666666666,1008.3192,995.10004,968.7115980730915,956.9146356926823
2018-10-05 16:30:00,1010.824,1001.0996,988.9,961.1378370238558,949.3408746434466
2018-10-05 16:45:00,1030.053666666667,989.1552,978.0,948.8221292296608,937.0251668492516
2018-10-05 17:00:00,703.7006666666667,972.546,962.5,931.830169483076,920.0332071026668
2018-10-05 17:15:00,921.302,951.3584,942.3,910.2530610541777,898.4560986737685
2018-10-05 17:30:00,954.7653333333332,925.7012,917.60004,884.2073089011648,874.6599640973546
2018-10-05 17:45:00,928.3686666666669,884.5288,888.5,837.012338571188,836.230865411398
2018-10-05 18:00:00,835.0986666666666,765.636,858.7,759.6620055568035,802.7658645045574
2018-10-05 18:15:00,849.2180000000001,543.8368,821.5,571.1873606149314,767.8074530068992
2018-10-05 18:30:00,524.3566666666667,389.1356,680.4,399.8296525533583,618.082032924452
2018-10-05 18:45:00,692.3843333333333,359.2364,516.9,355.4832030674535,455.86151422468004
2018-10-05 19:00:00,589.4433333333333,338.8036,482.80002,373.41859038721134,438.51588042627384
2018-10-05 19:15:00,422.413,219.8568,438.6,234.6607752037968,399.8003320885624
2018-10-05 19:30:00,285.2873333333334,106.1684,390.2,120.32379167923216,350.17247026809935
2018-10-05 19:45:00,321.5903333333333,39.1712,266.80002,101.6494706968395,201.75503099957388
2018-10-05 20:00:00,326.05266666666665,32.5076,178.7,43.925127470857376,120.63441702163863
2018-10-05 20:15:00,255.17066666666668,29.072,145.40001,25.316105570023808,83.58063193721131
2018-10-05 20:30:00,230.6793333333333,25.4888,160.0,50.24181747965423,133.65806198649017
2018-10-05 20:45:00,176.863,21.8032,187.2,50.07054599196843,127.74116214187077
2018-10-05 21:00:00,100.19466666666668,17.7852,148.1,46.190778884551605,103.28954139675864
2018-10-05 21:15:00,88.57166666666667,12.8424,20.2,36.202744933472786,-16.315504578245964
2018-10-06 10:45:00,145.2506666666667,121.956,140.40001,112.88112064209591,106.50549884644161
2018-10-06 11:00:00,248.602,171.788,200.0,170.93221865754066,168.1401482687467
2018-10-06 11:15:00,314.90066666666667,217.9368,249.6,226.00531129100654,211.02043656566474
2018-10-06 11:30:00,246.31866666666664,254.9684,307.4,239.5009724885973,271.6132886201891
2018-10-06 11:45:00,345.86466666666666,336.954,341.7,347.0191480778988,297.7968275212582
2018-10-06 12:00:00,477.12666666666667,412.8764,455.7,411.43881286488653,424.490770948993
2018-10-06 12:15:00,521.909,529.0972,514.3,474.7352045582368,482.68025384412545
2018-10-06 12:30:00,581.6053333333333,588.4996,571.2,550.8020301485527,539.0050677681435
2018-10-06 12:45:00,631.0413333333332,642.606,625.60004,604.8471163402583,593.050153959849
2018-10-06 13:00:00,681.7286666666666,693.9016,677.3,656.242794125903,644.4458317454937
2018-10-06 13:15:00,729.079,742.0948,725.9,704.6570864706068,692.8601240901976
2018-10-06 13:30:00,773.618,786.924,771.3,751.3543781623763,737.9939619288367
2018-10-06 13:45:00,815.501,828.1548,813.10004,792.9385774206197,779.5781611870801
2018-10-06 14:00:00,852.8936666666667,865.5732,851.3,821.5864860844829,817.3715212178447
2018-10-06 14:15:00,890.8713333333333,898.9884,885.5,855.3746106508758,851.1596457842376
2018-10-06 14:30:00,922.2276666666668,928.2292,915.60004,884.9691988044309,880.7542339377927
2018-10-06 14:45:00,953.8606666666668,953.1448,941.60004,910.2076409711163,905.9926761044782
2018-10-06 15:00:00,974.5343333333332,973.4988,963.10004,918.7927961577719,926.7378454436606
2018-10-06 15:15:00,992.0353333333334,989.1856,980.2,934.932960438011,942.8780097238997
2018-10-06 15:30:00,1004.871,1000.2328,992.5,950.4300761287158,954.3268122737353
2018-10-06 15:45:00,1007.732,1006.5844,1000.3,957.1265504167551,961.0232865617746
2018-10-06 16:00:00,998.1683333333332,1008.2068,1003.5,961.1887250189881,962.9318804984192
2018-10-06 16:15:00,984.3796666666666,1005.0904,1001.8,958.2993200042289,960.04247548366
2018-10-06 16:30:00,972.9146666666668,997.2492,995.5,950.627236954628,952.3703924340591
2018-10-06 16:45:00,955.5056666666666,984.7204,984.60004,938.213227279085,939.9563827585162
2018-10-06 17:00:00,925.7526666666668,967.5648,969.10004,921.1234519125463,917.0595814825537
2018-10-06 17:15:00,870.437,945.8668,948.7,899.4494575203883,895.3855870903956
2018-10-06 17:30:00,870.5300000000001,919.7352,924.10004,873.3081665217439,866.9063482462923
2018-10-06 17:45:00,850.8146666666667,889.3012,895.10004,842.8419069397859,839.8447040665559
2018-10-06 18:00:00,848.3386666666667,854.5384,855.9,789.746517373737,804.1546499268376
2018-10-06 18:15:00,797.75,815.6192,818.8,766.3492062017586,765.5677330419686
2018-10-06 18:30:00,752.384,772.9168,778.0,724.0185667836787,720.8991457784297
2018-10-06 18:45:00,714.0423333333333,726.6448,733.60004,678.1910132246526,636.4637183027776
2018-10-06 19:00:00,675.3986666666666,677.0384,685.7,629.1416570697232,632.9660341296598
2018-10-06 19:15:00,616.4593333333333,577.72,635.0,569.14959987818,581.0003822725891
2018-10-06 19:30:00,550.3943333333334,462.1512,581.3,456.9648701590004,531.7230498236122
2018-10-06 19:45:00,481.191,458.9956,512.5,457.86529512113395,470.9172532052404
2018-10-06 20:00:00,261.094,242.3412,466.80002,298.03794503192216,416.46670269946367
2018-10-06 20:15:00,131.80866666666668,77.3428,349.5,93.96769100359961,319.7262473695664
2018-10-06 20:30:00,111.982,58.8128,241.8,91.64126959906321,177.3919257269929
2018-10-06 20:45:00,169.7506666666667,23.1,194.40001,51.669866527378446,132.6868953359722
2018-10-06 21:00:00,130.96699999999998,17.446,24.0,47.7023984194532,-21.622659563945234
2018-10-06 21:15:00,171.108,12.4996,33.9,37.603287673170044,-21.239836716478393
2018-10-07 10:45:00,182.45433333333327,111.764,112.1,111.21431503135346,77.32047805625581
2018-10-07 11:00:00,196.329,162.374,174.90001,169.98639650622033,135.57447023668908
2018-10-07 11:15:00,259.70866666666666,199.5988,228.90001,178.15768531609007,195.61330512810179
2018-10-07 11:30:00,384.00466666666665,227.0888,279.6,233.47938064061447,212.73665908299728
2018-10-07 11:45:00,317.2083333333333,275.778,318.0,292.2204551301493,254.3601798615946
2018-10-07 12:00:00,519.9576666666667,313.3176,423.1,357.17840904066026,388.94686454603135
2018-10-07 12:15:00,453.7886666666666,439.1968,447.4,417.09053164960585,387.9798749113246
2018-10-07 12:30:00,477.8370000000001,578.7672,526.9,533.3451931963427,490.85745935540035
2018-10-07 12:45:00,635.4206666666666,636.5468,614.4,596.2337543605668,576.848615848909
2018-10-07 13:00:00,683.4906666666667,687.62,666.10004,647.59206464903,628.2069261373723
2018-10-07 13:15:00,715.7426666666667,735.6056,714.60004,695.9595478645557,676.574409352898
2018-10-07 13:30:00,755.626,780.2432,759.8,741.0383620491027,721.653223537445
2018-10-07 13:45:00,797.0073333333333,821.2996,801.5,782.5603530050621,763.1752144934044
2018-10-07 14:00:00,832.876,858.5712,839.5,820.2852120863009,800.9000735746432
2018-10-07 14:15:00,865.3813333333334,891.8744,873.60004,853.9993367577761,834.6141982461183
2018-10-07 14:30:00,892.3793333333334,921.0208,903.7,857.0405704105129,864.1300098026028
2018-10-07 14:45:00,925.9016666666666,945.8588,929.60004,899.8008209263987,889.2855678593821
2018-10-07 15:00:00,952.8376666666668,966.128,933.4,920.4596274509636,897.3989451542107
2018-10-07 15:15:00,973.9036666666668,981.7208,950.4,936.510547321789,913.449865025036
2018-10-07 15:30:00,990.5366666666666,992.6856,962.7,947.8677951144186,924.8071128176657
2018-10-07 15:45:00,1002.6713333333332,998.9664,970.5,954.4709534222845,931.4102711255316
2018-10-07 16:00:00,1012.601,1000.5304,973.60004,956.2849993082622,933.2243170115092
2018-10-07 16:15:00,1016.559,997.3684,971.8,953.3003242808594,930.2396419841065
2018-10-07 16:30:00,1014.5556666666666,989.5044,965.3,945.5327403193277,922.4720580225747
2018-10-07 16:45:00,1006.8736666666666,976.972,954.10004,933.0234700792208,917.2259904497042
2018-10-07 17:00:00,992.9293333333334,959.8244,938.60004,915.8391244002738,891.2759701796928
2018-10-07 17:15:00,972.3296666666666,938.1468,918.3,894.0716761855258,884.4587172774447
2018-10-07 17:30:00,946.568,912.048,893.8,867.8384472383611,861.8090397371404
2018-10-07 17:45:00,915.572,881.6612,865.0,837.2821339315925,826.7668808645759
2018-10-07 18:00:00,839.01,846.772,819.10004,802.5709097233164,779.5102274265635
2018-10-07 18:15:00,739.9386666666667,807.5892,782.2,763.8986595738737,740.8379772771208
2018-10-07 18:30:00,460.3523333333333,764.6664,741.5,721.4854263483332,692.6914371668147
2018-10-07 18:45:00,738.9283333333333,664.722,697.10004,677.3459065506074,656.0558236190889
2018-10-07 19:00:00,704.9509999999999,484.0876,601.3,512.0552474137264,537.3981276627499
2018-10-07 19:15:00,614.3893333333333,471.708,578.2,507.39323260028686,544.5172331496033
2018-10-07 19:30:00,478.35566666666665,497.422,545.8,469.54635094438925,513.7696843031539
2018-10-07 19:45:00,198.93400000000003,315.1604,490.1,356.3467070548444,452.4737059562116
2018-10-07 20:00:00,164.06166666666667,227.1724,339.5,265.5838984072902,283.2484797061183
2018-10-07 20:15:00,160.851,104.5624,361.7,156.57310572972847,321.47929087987495
2018-10-07 20:30:00,175.07133333333334,32.6836,196.3,62.34693972283674,137.80827395135236
2018-10-07 20:45:00,130.79233333333335,32.3732,139.0,82.5781351967299,93.3581644936049
2018-10-07 21:00:00,61.40866666666667,17.1656,168.7,56.98472826722801,145.5853027606362
2018-10-07 21:15:00,63.177,12.0424,55.8,39.02293649914981,6.109102880985745
2018-10-08 10:45:00,154.6796666666667,185.3376,140.1,145.08170740355285,100.409441754711
2018-10-08 11:00:00,227.034,248.3636,197.3,210.94336840973372,158.85571715698714
2018-10-08 11:15:00,288.949,312.268,257.0,273.9019809945308,219.01441919643509
2018-10-08 11:30:00,350.57966666666664,376.1096,317.7,341.7336608497456,279.7601081458882
2018-10-08 11:45:00,409.97533333333337,439.1876,378.6,406.1730409212803,340.26844459254494
2018-10-08 12:00:00,468.581,500.956,470.6,465.793074984715,432.7637819244123
2018-10-08 12:15:00,524.146,560.9568,530.10004,527.7698826799976,490.9543557177174
2018-10-08 12:30:00,581.159,618.8496,587.60004,584.0652960019771,547.2497690396968
2018-10-08 12:45:00,634.038,674.2348,642.8,638.0556517931111,601.2401248308308
2018-10-08 13:00:00,682.939,726.7796,695.2,689.3751204108653,652.559593448585
2018-10-08 13:15:00,732.124,776.1952,744.60004,737.6947256963662,700.8791987340859
2018-10-08 13:30:00,776.0466666666667,822.216,790.7,787.4836527436754,748.1519219010851
2018-10-08 13:45:00,818.2503333333334,864.5992,833.2,828.9431179020055,783.1439273807653
2018-10-08 14:00:00,858.5236666666666,903.1256,872.0,866.5995126041755,819.2111382755622
2018-10-08 14:15:00,895.494,937.5988,906.5,900.2400163524195,850.5136941783472
2018-10-08 14:30:00,927.7276666666668,967.8468,936.8,929.6777618631619,879.9514396890896
2018-10-08 14:45:00,957.797,993.7184,963.0,954.7514673773454,905.0251452032732
2018-10-08 15:00:00,983.5733333333334,1014.7048,987.2,975.3252529668938,937.8081202077996
2018-10-08 15:15:00,1001.258,1030.6928,1004.3,991.2885695043171,953.7714367452229
2018-10-08 15:30:00,1015.9646666666666,1041.9784,1016.60004,1002.5561910984425,965.0390583393482
2018-10-08 15:45:00,1024.9533333333334,1048.5056,1024.4,1009.0682370297444,968.6600939862263
2018-10-08 16:00:00,1029.3736666666666,1050.2404,1027.3,1010.7902002650172,970.3820572214992
2018-10-08 16:15:00,1030.957666666667,1047.1732,1025.9,1007.7129683038586,965.4775518915051
2018-10-08 16:30:00,1025.3713333333333,1039.3196,1019.8,999.8528291712269,957.6174127588733
2018-10-08 16:45:00,1014.2936666666668,1026.718,1008.9,987.2514608444783,945.0160444321248
2018-10-08 17:00:00,1014.772,1009.4308,993.5,969.9759072361735,942.7770742474345
2018-10-08 17:15:00,994.0316666666666,987.5424,972.60004,948.1185497500217,920.9197167612826
2018-10-08 17:30:00,975.581,961.1592,947.2,921.7970909341836,894.5982579454446
2018-10-08 17:45:00,955.1333333333332,930.4088,917.60004,891.154575969986,863.955742981247
2018-10-08 18:00:00,933.6196666666668,895.2016,880.10004,856.3594897424107,829.1606567536717
2018-10-08 18:15:00,890.7289999999999,855.7224,841.9,817.6059840962439,790.4071511075049
2018-10-08 18:30:00,840.3663333333334,812.4144,800.10004,775.1143146450046,747.9154816562656
2018-10-08 18:45:00,797.0526666666667,765.4992,754.8,729.1316040692783,701.9327710805393
2018-10-08 19:00:00,756.478,715.222,706.3,679.9331076059011,652.7342746171621
2018-10-08 19:15:00,705.545,661.85,655.3,623.0584298655662,600.6254183337363
2018-10-08 19:30:00,658.1986666666667,605.6748,601.2,568.3780509266236,553.0924063953736
2018-10-08 19:45:00,597.4413333333334,547.0188,544.9,511.50354455991703,496.21790002866703
2018-10-08 20:00:00,540.7393333333333,486.2448,486.4,452.8591224030617,442.19846928874284
2018-10-08 20:15:00,482.6453333333333,423.7804,425.9,389.1431078157817,377.64369718650926
2018-10-08 20:30:00,418.0423333333334,360.1244,364.4,326.74480502721326,309.84899060842054
2018-10-08 20:45:00,353.3283333333333,295.8772,302.2,256.8054674815296,249.175724382317
2018-10-08 21:00:00,287.318,232.1712,226.40001,194.19855126500678,170.2458449280317
2018-10-08 21:15:00,223.7433333333333,170.1216,166.6,129.0936154717372,109.15167933644514
2018-10-09 10:45:00,152.94500000000002,95.5828,132.0,89.07132297015752,109.05924182391729
2018-10-09 11:00:00,211.6616666666667,163.5844,186.8,135.47643855741563,166.06449321439806
2018-10-09 11:15:00,268.2866666666667,223.1176,244.8,201.8915833548195,219.34081354891129
2018-10-09 11:30:00,326.9026666666667,303.5912,304.2,303.57703479742213,264.3266380689065
2018-10-09 11:45:00,383.8546666666667,421.4712,364.1,372.1489224122698,324.87212034928154
2018-10-09 12:00:00,441.59133333333335,484.4124,465.7,441.02361332117977,434.14083515345516
2018-10-09 12:15:00,498.101,542.8804,524.10004,499.21043273100906,477.84398242125565
2018-10-09 12:30:00,549.9196666666667,599.2008,580.5,555.4876673789179,549.4763300986444
2018-10-09 12:45:00,602.4953333333334,631.584,634.5,597.9808519107659,603.4365642291863
2018-10-09 13:00:00,652.8363333333333,628.8084,685.9,638.6217723821185,656.5122009252093
2018-10-09 13:15:00,699.5329999999999,678.5388,734.3,686.8925462816044,704.7829748246952
2018-10-09 13:30:00,745.412,728.4524,779.10004,741.7029041510805,747.9534334403261
2018-10-09 13:45:00,787.4556666666667,791.6628,820.7,778.0945918727954,791.1465499569018
2018-10-09 14:00:00,826.9426666666666,857.3116,858.3,821.4825571596899,828.7346418917456
2018-10-09 14:15:00,861.2683333333333,869.954,892.10004,847.4438957870913,862.3020310104799
2018-10-09 14:30:00,893.883,934.5048,921.8,886.6369973166414,891.6625500662752
2018-10-09 14:45:00,920.3543333333332,960.7772,947.3,911.6300120229198,916.6555647725536
2018-10-09 15:00:00,945.0613333333332,980.7684,964.5,932.1202492463481,933.7042603242289
2018-10-09 15:15:00,962.6076666666668,996.092,981.4,947.9977341221622,950.3554735707096
2018-10-09 15:30:00,975.5633333333334,1006.7896,993.60004,959.177787959396,964.2033407090298
2018-10-09 15:45:00,982.427,1012.8044,1001.3,965.6010536689719,970.6266064186057
2018-10-09 16:00:00,987.245,1014.104,1004.4,967.2335262581481,972.2590790077819
2018-10-09 16:15:00,986.271,962.3564,1002.3,956.0401691572242,969.0921272413307
2018-10-09 16:30:00,986.2463333333332,858.354,995.7,884.3083530739303,961.1424995735641
2018-10-09 16:45:00,988.3536666666666,900.0816,946.9,878.6943381670504,915.5770095232516
2018-10-09 17:00:00,938.8613333333334,923.55,958.8,918.0370683926136,927.6474848049671
2018-10-09 17:15:00,856.395,948.338,948.8,908.2006767130911,909.1454122401296
2018-10-09 17:30:00,641.0956666666666,922.5052,924.60004,881.7947986704702,882.7395341975088
2018-10-09 17:45:00,875.7326666666667,867.192,896.10004,846.341561857306,852.0147662793031
2018-10-09 18:00:00,781.3956666666667,728.1084,858.9,740.3057373515196,817.1398838511534
2018-10-09 18:15:00,490.371,541.2228,778.60004,577.864205894005,745.4339805216905
2018-10-09 18:30:00,240.1323333333333,429.254,566.4,457.427026388419,510.40604555345806
2018-10-09 18:45:00,155.07633333333334,334.9732,476.80002,344.18556544825606,422.4163088564592
2018-10-09 19:00:00,126.13466666666666,238.7176,422.6,247.81367245376725,373.1496709889235
2018-10-09 19:15:00,88.432,145.1296,379.1,173.03655456760862,320.9756414816711
2018-10-09 19:30:00,125.15666666666668,157.5952,259.9,153.29791632282138,186.79944220172763
2018-10-09 19:45:00,389.46866666666665,131.5956,234.90001,147.57824416833995,183.29488845544932
2018-10-09 20:00:00,250.3023333333333,109.5812,330.9,139.55188560811166,268.4172725710023
2018-10-09 20:15:00,164.65533333333332,248.0076,180.6,281.0458941294018,135.11611507666743
2018-10-09 20:30:00,101.62066666666666,157.4108,346.2,202.20189695106956,289.02737645851585
2018-10-09 20:45:00,74.51733333333333,39.4408,265.7,85.84380844964906,234.63687733545228
2018-10-09 21:00:00,57.97066666666667,31.3208,76.6,61.29930997807193,12.027062663618807
2018-10-09 21:15:00,39.065333333333335,22.1268,87.200005,41.92278381810971,19.888298954828457
2018-10-10 10:45:00,74.873,16.1504,96.9,47.51755671867673,38.2969680345947
2018-10-10 11:00:00,147.84566666666666,36.4764,143.1,95.16503654314329,84.61784110857297
2018-10-10 11:15:00,292.6993333333333,80.4372,212.5,91.58953069520305,151.0065839178593
2018-10-10 11:30:00,358.38466666666665,140.1336,250.8,166.95317251785127,204.62017996414033
2018-10-10 11:45:00,324.2633333333333,204.2064,334.5,228.53783779739632,272.4616811811854
2018-10-10 12:00:00,426.70366666666666,264.8496,374.0,285.2855381814744,319.9301609842088
2018-10-10 12:15:00,308.3056666666667,357.9328,417.2,403.9991244370618,348.24317350932745
2018-10-10 12:30:00,254.732,407.9024,418.9,439.97723983601554,379.70180343464835
2018-10-10 12:45:00,368.653,451.1088,534.60004,492.69800294816446,478.1814166444535
2018-10-10 13:00:00,353.8713333333333,541.01,529.7,567.3982304405843,503.64034164663894
2018-10-10 13:15:00,368.0100000000001,543.2316,632.60004,604.466564528472,577.6403316183157
2018-10-10 13:30:00,894.1426666666666,468.8468,662.8,494.8900409673197,612.2638660405619
2018-10-10 13:45:00,899.2486666666666,357.2952,658.7,386.34511511555525,619.3331980012974
2018-10-10 14:00:00,558.511,367.118,503.7,411.5746630397223,397.9655626979254
2018-10-10 14:15:00,362.055,401.166,457.30002,445.0695701940217,364.67812121941233
2018-10-10 14:30:00,312.88266666666664,389.7304,480.30002,364.7618806227713,390.0139558180838
2018-10-10 14:45:00,329.4066666666667,360.3476,466.2,320.64552644384844,336.5231509555672
2018-10-10 15:00:00,275.97,353.404,451.4,335.7768389363782,296.486250557472
2018-10-10 15:15:00,304.312,342.98,446.9,322.53047498905335,312.2798036023346
2018-10-10 15:30:00,426.19666666666666,331.8624,431.4,291.3601930053085,304.497522106871
2018-10-10 15:45:00,439.34366666666665,335.2544,380.80002,297.69713610145834,250.47850817177084
2018-10-10 16:00:00,412.002,320.2972,374.0,305.65463745020384,252.0242053212976
2018-10-10 16:15:00,296.5313333333333,318.3408,341.6,295.98911916815223,248.77049123846473
2018-10-10 16:30:00,208.98166666666663,306.9532,320.9,294.364990740174,240.73455861126774
2018-10-10 16:45:00,159.84900000000002,292.5456,299.6,281.589378088064,227.95894595915775
2018-10-10 17:00:00,147.834,281.5124,293.2,257.7301385074833,210.51151057779578
2018-10-10 17:15:00,124.40166666666669,269.0444,297.80002,235.70402339155817,188.48539546187067
2018-10-10 17:30:00,122.777,256.752,305.5,200.17997584329999,207.33701930033124
2018-10-10 17:45:00,120.991,213.0336,273.9,178.41465406623422,136.04185133185922
2018-10-10 18:00:00,116.876,172.638,265.5,143.46412641802874,130.34889204302874
2018-10-10 18:15:00,123.262,116.9844,234.8,58.726381652249984,91.44543682803123
2018-10-10 18:30:00,125.48533333333332,102.5844,206.40001,61.924900710671636,75.06222981223414
2018-10-10 18:45:00,96.232,79.048,186.40001,58.06911025145723,47.81843886473848
2018-10-10 19:00:00,83.878,47.628,185.8,66.21909934627013,47.24314719783263
2018-10-10 19:15:00,92.91333333333334,43.5128,152.40001,15.137383276407377,6.698357397501127
2018-10-10 19:30:00,109.127,40.3888,132.5,58.43140452578734,37.99475901797484
2018-10-10 19:45:00,98.46066666666668,37.0684,99.200005,135.55610920866826,-7.637128096019239
2018-10-10 20:00:00,60.51566666666667,33.3976,76.9,28.63016122910699,-14.715602931049261
2018-10-10 20:15:00,100.735,29.3248,128.7,64.21876401212802,69.7040850570499
2018-10-10 20:30:00,57.48033333333333,25.7988,77.8,40.255988388055016,31.616645126336266
2018-10-10 20:45:00,35.64266666666666,22.1892,28.5,66.8441916663786,-29.18470848010577
2018-10-10 21:00:00,36.545,18.2708,7.4,61.672474520018426,-42.12169967431751
2018-10-10 21:15:00,29.293333333333333,13.2432,0.0,43.40452228307265,-55.76536907434922
2018-10-11 10:30:00,19.610357142857143,13.7112,66.9,17.494743943104382,21.075958847889538
2018-10-11 10:45:00,18.83233333333333,18.0256,106.6,51.076569764144836,45.20239373875421
2018-10-11 11:00:00,28.335,21.6704,121.200005,52.01204520357891,61.88431388033672
2018-10-11 11:15:00,26.086,25.3732,151.1,63.06417988184921,98.4737715566539
2018-10-11 11:30:00,49.52733333333333,28.7772,213.2,65.80970026882108,159.408073681907
2018-10-11 11:45:00,56.269666666666666,41.3664,243.40001,46.449418602691935,204.6864486319888
2018-10-11 12:00:00,81.33766666666666,80.0132,267.2,72.92373774028187,221.93933222270374
2018-10-11 12:15:00,162.45200000000003,114.6096,284.2,111.80789331361734,235.6012893097111
2018-10-11 12:30:00,208.508,141.758,320.2,166.49974286937572,252.26030195140697
2018-10-11 12:45:00,181.933,172.0504,343.9,257.1629247054959,270.18797963713655
2018-10-11 13:00:00,191.261,199.0156,363.30002,243.39592442558535,290.5012100701166
2018-10-11 13:15:00,169.293,215.4108,380.9,261.7090042833778,277.9575394396278
2018-10-11 13:30:00,178.263,237.1592,379.7,254.0216600407249,271.13146228681865
2018-10-11 13:45:00,163.34900000000002,261.8548,385.6,223.38563771609938,282.54072804813063
2018-10-11 14:00:00,247.621,279.6928,390.6,236.52145576235216,252.3990802740709
2018-10-11 14:15:00,211.72866666666667,289.0256,389.9,256.7556739913812,257.5724464523187
2018-10-11 14:30:00,157.00033333333334,304.4916,376.1,322.31724619301895,254.58616709145645
2018-10-11 14:45:00,198.0823333333333,311.9228,365.6,289.6724686484911,234.29228066020983
2018-10-11 15:00:00,152.23533333333336,318.364,355.5,258.69792667358524,220.516957435304
2018-10-11 15:15:00,117.88966666666668,325.888,349.1,283.4472319263241,236.2286039966366
2018-10-11 15:30:00,166.39933333333332,324.0612,347.5,294.4588310258049,247.2402030961174
2018-10-11 15:45:00,179.53066666666666,337.4856,313.80002,300.71203127097124,204.7596997280025
2018-10-11 16:00:00,173.17166666666665,359.7056,302.4,320.548116401171,206.221456244921
2018-10-11 16:15:00,177.648,376.1824,289.1,398.58174668258823,202.88405381149448
2018-10-11 16:30:00,181.628,355.7492,316.80002,332.9823977515957,243.49881620862698
2018-10-11 16:45:00,179.839,323.9768,309.4,268.8222480788561,230.64127884057484
2018-10-11 17:00:00,134.08866666666663,310.2388,292.7,251.2943510896447,213.11338185136344
2018-10-11 17:15:00,129.59199999999998,277.6212,289.9,238.2272482176828,191.0086202879953
2018-10-11 17:30:00,133.56733333333332,267.3024,282.1,217.01121257001648,164.44572184736023
2018-10-11 17:45:00,108.66733333333332,243.9696,285.80002,223.05223738769962,167.67204939941837
2018-10-11 18:00:00,83.25066666666666,230.154,280.7,262.98299322247294,207.2105933201292
2018-10-11 18:15:00,170.67666666666668,197.4764,303.9,193.22266494882217,171.00299942147842
2018-10-11 18:30:00,184.66066666666663,165.3048,260.2,139.20477653416788,128.30170036229288
2018-10-11 18:45:00,81.05933333333334,126.0504,295.30002,94.49070734128736,215.98774713620924
2018-10-11 19:00:00,37.6,105.3416,256.0,69.41756856277698,161.17525899246448
2018-10-11 19:15:00,50.81966666666667,87.2688,242.8,100.2092899196399,165.8182987087024
2018-10-11 19:30:00,47.794,41.918,259.1,60.36651543580274,186.07095269166211
2018-10-11 19:45:00,39.45033333333333,37.2208,190.0,65.12553548286553,112.09663533638115
2018-10-11 20:00:00,21.342666666666663,34.6744,200.5,30.463237313149023,154.25663330924277
2018-10-11 20:15:00,19.741,31.3228,160.5,66.00138795822886,119.98825014084605
2018-10-11 20:30:00,13.398333333333332,27.6436,174.90001,41.985883994860785,125.86724690989985
2018-10-11 20:45:00,11.87,23.854,124.4,68.51540322396812,74.72421975228843
2018-10-11 21:00:00,21.32766666666667,19.7556,77.4,63.272538235511576,19.250336697425638
2018-10-11 21:15:00,24.31533333333333,14.4872,29.5,44.908441953992764,-19.517446107530674
2018-10-12 10:30:00,38.9675,14.7164,47.600002,17.018056231976104,-10.76486460542624
2018-10-12 10:45:00,44.568333333333335,18.8344,75.5,54.59506288222093,16.61605897597093
2018-10-12 11:00:00,47.51466666666667,22.5924,102.9,55.6834250367358,35.31014927989986
2018-10-12 11:15:00,52.44166666666667,26.1796,128.0,66.8276190072192,91.74804442225826
2018-10-12 11:30:00,88.90466666666666,29.7864,165.5,42.43454548626147,196.4871425321599
2018-10-12 11:45:00,96.03566666666669,33.5328,201.2,43.38778177114125,162.3310343346178
2018-10-12 12:00:00,108.73066666666666,41.7984,238.1,55.93927216348732,181.27527069864357
2018-10-12 12:15:00,150.87166666666664,65.9264,263.9,98.19535756988182,213.43162465972557
2018-10-12 12:30:00,106.63233333333334,100.7728,276.30002,142.1148961187664,189.0763219000164
2018-10-12 12:45:00,87.89066666666666,130.398,295.0,147.03621089215824,182.36595332379886
2018-10-12 13:00:00,92.36366666666666,171.6584,320.6,190.9163627656543,241.5134086640918
2018-10-12 13:15:00,111.42933333333332,207.4748,347.30002,217.10624421157365,295.5866214088393
2018-10-12 13:30:00,84.43566666666668,245.1204,369.5,225.61380977779436,277.4946081176381
2018-10-12 13:45:00,102.059,288.0556,384.9,266.8224381605087,273.47813884410243
2018-10-12 14:00:00,124.34766666666664,317.1524,407.9,302.93903356041733,241.61261754479233
2018-10-12 14:15:00,132.187,340.5736,423.6,267.22350320743726,289.24425516056226
2018-10-12 14:30:00,109.53866666666666,353.218,425.6,340.66956261031214,391.50928428999964
2018-10-12 14:45:00,136.918,360.2884,414.0,327.26096433873613,282.6933984207674
2018-10-12 15:00:00,115.68733333333331,353.6888,414.6,370.67417946738203,284.06614724081953
2018-10-12 15:15:00,170.60233333333332,321.7284,390.2,286.56070624114955,273.44547186614955
2018-10-12 15:30:00,108.41266666666668,327.9288,351.4,297.49166344137586,250.27303551168836
2018-10-12 15:45:00,111.96833333333332,361.34,319.5,322.0381478726016,207.7114877163516
2018-10-12 16:00:00,108.96266666666666,361.1796,324.9,310.39144855297786,257.8259578303216
2018-10-12 16:15:00,91.86466666666666,335.362,324.1,301.62668134940566,254.40805341971816
2018-10-12 16:30:00,95.41066666666669,322.2212,325.1,293.4281363840819,246.20950845439438
2018-10-12 16:45:00,124.158,308.7764,314.6,280.492279465234,233.2736515355465
2018-10-12 17:00:00,134.85433333333333,276.3804,304.30002,217.0534178272527,215.66907944834645
2018-10-12 17:15:00,151.853,247.5904,294.5,194.87395785969466,193.4896194807884
2018-10-12 17:30:00,144.99433333333334,247.2988,298.30002,214.07292832997223,166.85430040028473
2018-10-12 17:45:00,176.374,219.5028,291.4,183.12598519123094,170.01075081623094
2018-10-12 18:00:00,119.77366666666668,196.994,321.6,138.9992759017705,180.05121681973924
2018-10-12 18:15:00,96.59766666666668,145.8464,279.1,109.00077311471011,141.0150553412726
2018-10-12 18:30:00,104.32833333333332,104.0448,254.0,66.23837533710355,98.25265756366605
2018-10-12 18:45:00,98.841,51.254,222.0,19.997203706483106,104.9942740189831
2018-10-12 19:00:00,92.05666666666666,47.208,206.5,70.29785971706235,63.01197104518735
2018-10-12 19:15:00,107.02666666666669,45.1224,174.8,127.39047963996052,65.64029653449177
2018-10-12 19:30:00,78.088,40.932,136.0,23.51159264180683,41.86187340352558
2018-10-12 19:45:00,56.30733333333333,37.6496,108.3,62.080200220041604,21.59384157746348
2018-10-12 20:00:00,43.248666666666665,34.3948,73.4,32.30164920117443,-3.0482653496068224
2018-10-12 20:15:00,37.64266666666666,31.1784,90.8,21.798080673255754,16.522079696693254
2018-10-12 20:30:00,39.818333333333335,27.9276,27.300001,43.72892052486725,-35.34065955325775
2018-10-12 20:45:00,34.730333333333334,24.8512,0.0,70.20330992890604,-51.82885559843771
2018-10-12 21:00:00,27.279,20.6964,0.0,63.641101876229584,-45.21126933959073
2018-10-12 21:15:00,39.78733333333333,15.2164,0.0,46.435226367227585,-52.73466499019429
2018-10-13 10:30:00,48.74392857142857,16.4204,114.6,27.11991843878276,74.35249290167339
2018-10-13 10:45:00,70.056,31.0996,161.5,58.07005168462064,112.45589686894681
2018-10-13 11:00:00,95.78766666666668,53.4664,200.8,93.86682842450173,177.37393902020486
2018-10-13 11:15:00,107.8,83.498,259.30002,122.33896637954155,218.67465210952201
2018-10-13 11:30:00,135.75966666666667,107.5644,294.5,148.58231303015367,233.1428904227318
2018-10-13 11:45:00,142.45499999999998,146.0636,339.7,194.8832253374199,277.9702919878105
2018-10-13 12:00:00,137.60399999999998,216.9644,396.7,251.87765804389431,337.628314171824
2018-10-13 12:15:00,138.33333333333334,282.45,435.0,339.6861939044651,379.49487920719946
2018-10-13 12:30:00,217.35966666666667,345.8284,492.7,395.4078662829593,435.67870978881865
2018-10-13 12:45:00,188.73533333333333,424.1584,675.2,453.55070861968,624.5403183380027
2018-10-13 13:00:00,230.0103333333333,520.2232,617.3,547.3716760585068,556.8887659022568
2018-10-13 13:15:00,654.0996666666667,611.6712,681.8,642.8172817241481,620.7827968608668
2018-10-13 13:30:00,788.2046666666666,643.4172,747.3,671.3954306894251,712.0875312143274
2018-10-13 13:45:00,852.5423333333333,644.9984,778.3,672.0470682848611,738.4234797228494
2018-10-13 14:00:00,903.9736666666666,659.6308,783.4,691.8336786807502,733.1072229922736
2018-10-13 14:15:00,959.158,663.9696,777.10004,704.8934028419033,706.3184669288173
2018-10-13 14:30:00,819.33,642.8644,781.9,668.2950834848008,729.1962065316758
2018-10-13 14:45:00,704.5146666666667,583.6132,752.3,600.8915396043801,707.1207266160989
2018-10-13 15:00:00,806.36,510.3372,732.4,541.5452228255749,682.784755296278
2018-10-13 15:15:00,596.6173333333334,467.2288,673.8,449.8118698942278,597.3711655485247
2018-10-13 15:30:00,558.9680000000001,455.1496,632.9,439.9647822439616,542.0528559744304
2018-10-13 15:45:00,478.75966666666665,429.2072,597.60004,375.5613315536907,499.2083042099407
2018-10-13 16:00:00,382.11,432.5148,523.2,412.4318584797836,415.79019588212736
2018-10-13 16:15:00,434.741,446.2116,545.4,405.25834086563225,396.819314986726
2018-10-13 16:30:00,419.7893333333333,447.966,571.60004,435.59179422544423,462.90343973325673
2018-10-13 16:45:00,378.6446666666667,471.716,559.2,489.3396535073299,449.8929677163143
2018-10-13 17:00:00,289.60766666666666,478.5532,558.2,520.6011297319938,458.0535528276969
2018-10-13 17:15:00,366.0746666666666,474.1412,606.9,499.0120186575891,526.049097515011
2018-10-13 17:30:00,436.8253333333333,459.8508,652.4,469.5174652411973,599.1742340400255
2018-10-13 17:45:00,697.1013333333334,388.7812,602.4,440.6349037487695,518.6221779186914
2018-10-13 18:00:00,630.6116666666666,305.1252,548.60004,289.78594518619707,474.9772598834627
2018-10-13 18:15:00,640.1460000000001,233.2412,443.6,180.19268665790491,352.7781358766549
2018-10-13 18:30:00,415.9386666666667,175.8012,374.7,144.94630638472677,323.90846458785177
2018-10-13 18:45:00,242.552,93.3044,332.6,46.002785659006236,263.24491212385
2018-10-13 19:00:00,159.60466666666667,48.2824,268.30002,72.32003528953044,162.49020130515544
2018-10-13 19:15:00,134.87833333333333,43.7428,217.3,24.7607354193118,110.0993584661868
2018-10-13 19:30:00,169.23866666666666,40.6716,139.40001,25.44119230923036,43.79147307094911
2018-10-13 19:45:00,168.3886666666667,37.3732,91.4,58.02616749893002,0.7581316102581468
2018-10-13 20:00:00,106.74333333333334,34.0368,44.5,30.646577406470954,-58.13812107985717
2018-10-13 20:15:00,115.62366666666668,30.764,31.1,63.76950461987906,-69.38167946215219
2018-10-13 20:30:00,97.946,27.1712,18.1,45.48580704528911,-69.29281844299214
2018-10-13 20:45:00,133.50833333333333,23.4732,0.0,71.90860311751288,-50.12356240983087
2018-10-13 21:00:00,97.78066666666668,19.5168,0.0,78.84282934906432,-43.570638058162245
2018-10-13 21:15:00,46.108,14.468,0.0,47.98552042085112,-49.932829798875446
2018-10-14 10:30:00,34.15785714285714,15.7388,80.1,21.047681241469718,45.57947292848144
2018-10-14 10:45:00,51.93966666666667,19.536,102.700005,61.49863117536046,39.798664744696396
2018-10-14 11:00:00,63.76366666666667,23.3224,123.1,65.24915692327434,72.62716290471965
2018-10-14 11:15:00,69.62866666666667,26.9068,152.5,76.8382510279373,98.61570158946074
2018-10-14 11:30:00,86.40599999999999,30.5676,190.5,57.380728726556924,142.16054440038505
2018-10-14 11:45:00,131.29466666666667,34.026,217.5,50.863660514031096,173.60368126598422
2018-10-14 12:00:00,153.89666666666665,38.3176,244.7,50.6506396318249,188.75076780565303
2018-10-14 12:15:00,124.51033333333334,48.532,251.90001,93.35000389738707,171.33727806730894
2018-10-14 12:30:00,163.94266666666667,80.8756,274.6,93.29556558582033,200.25751016589845
2018-10-14 12:45:00,233.56133333333327,133.9052,313.2,147.08203120522217,230.99041743569092
2018-10-14 13:00:00,278.406,154.9252,385.9,125.41705749009373,306.9161724803281
2018-10-14 13:15:00,224.997,187.7844,401.30002,148.06522167744868,288.7613886696362
2018-10-14 13:30:00,241.69566666666665,246.2628,418.6,231.35445549468648,341.4383788345302
2018-10-14 13:45:00,259.9016666666667,300.3536,442.7,309.9959598930517,374.1074406059423
2018-10-14 14:00:00,269.7116666666667,333.4712,489.7,310.96105030322326,394.90379932666076
2018-10-14 14:15:00,207.38366666666667,399.148,479.9,485.218692951502,370.2176858714239
2018-10-14 14:30:00,317.239,446.3816,520.8,487.59460640687325,425.0470295025764
2018-10-14 14:45:00,397.88666666666666,471.9204,552.10004,512.2060173859542,449.6584404816573
2018-10-14 15:00:00,169.94666666666666,491.1032,561.8,532.3050182341659,469.75744132986904
2018-10-14 15:15:00,138.71666666666667,512.2928,540.2,547.784308861851,396.2111582270853
2018-10-14 15:30:00,216.407,551.882,520.0,601.9807168026127,374.76160059167523
2018-10-14 15:45:00,195.8563333333333,525.832,538.5,564.5803592876471,401.83606607475645
2018-10-14 16:00:00,245.8963333333333,494.3448,496.1,509.5981441779261,342.61895716620734
2018-10-14 16:15:00,429.565,453.2272,497.6,431.92833205518093,339.05003615674343
2018-10-14 16:30:00,411.17966666666666,423.8528,459.4,403.26553151641656,330.70290944610406
2018-10-14 16:45:00,303.41866666666664,376.0924,433.1,356.9122095722955,298.7446680683893
2018-10-14 17:00:00,267.18766666666664,367.674,402.5,331.25403094800856,329.30639911207106
2018-10-14 17:15:00,276.5143333333333,408.5372,381.7,386.3198744345964,318.08458390725264
2018-10-14 17:30:00,288.5286666666667,401.6888,416.5,417.7703840122797,278.8182355747797
2018-10-14 17:45:00,355.848,385.862,445.30002,442.9069070182089,335.13423245766205
2018-10-14 18:00:00,414.90866666666665,360.03,466.4,407.6968270566732,374.95564663675134
2018-10-14 18:15:00,457.032,310.0372,451.1,414.8136954517877,354.9366202564752
2018-10-14 18:30:00,446.2133333333333,252.1036,402.9,269.4643308445278,312.0655271335903
2018-10-14 18:45:00,376.245,184.3172,366.6,164.90265497925793,265.7219298816017
2018-10-14 19:00:00,424.74233333333336,138.6012,308.5,115.36163013268526,216.180905035029
2018-10-14 19:15:00,182.425,84.562,273.1,62.92771983382465,163.7469947361684
2018-10-14 19:30:00,209.77633333333333,52.7244,285.1,66.15599939404785,224.78173181592285
2018-10-14 19:45:00,146.34566666666666,38.5464,261.5,59.91527244918518,221.9478957402008
2018-10-14 20:00:00,100.53433333333332,34.7968,225.5,32.49780088954549,195.71385008388143
2018-10-14 20:15:00,88.77766666666666,31.5616,168.8,39.908443109776556,125.3950001166125
2018-10-14 20:30:00,62.052,27.9876,132.5,47.25721651172256,85.64002901172256
2018-10-14 20:45:00,61.01233333333333,24.304,100.4,73.63193515597084,51.33966831026771
2018-10-14 21:00:00,39.53833333333333,20.2628,66.3,80.50470652230032,-0.17392812125436308
2018-10-14 21:15:00,32.224000000000004,15.0292,0.0,49.55992825947783,-48.358421960248734
2018-10-15 10:30:00,84.33964285714285,15.6748,94.4,24.21107845894285,61.33507900825926
2018-10-15 10:45:00,125.31366666666666,28.8256,123.9,64.87797822227895,59.00380219688833
2018-10-15 11:00:00,185.81233333333333,61.7488,180.7,100.93601293402034,118.52425451116878
2018-10-15 11:15:00,215.19933333333333,84.654,246.5,129.56048104088666,179.32989022057416
2018-10-15 11:30:00,228.7863333333333,135.352,278.1,190.96600273918716,225.70094231438247
2018-10-15 11:45:00,299.9486666666666,232.5824,317.1,301.70956108231053,258.84904167313084
2018-10-15 12:00:00,312.80466666666666,361.0444,392.4,382.8160373474456,332.90850560916437
2018-10-15 12:15:00,402.80466666666666,422.854,464.5,440.9268502154009,403.06657494684623
2018-10-15 12:30:00,432.401,472.1272,518.7,497.0531124899113,459.1928372213566
2018-10-15 12:45:00,617.5996666666667,524.6928,593.5,550.8009800135809,528.7664951502996
2018-10-15 13:00:00,712.0826666666667,581.9852,663.3,601.8167617707238,626.3485534577355
2018-10-15 13:15:00,818.9903333333333,660.0728,713.7,655.9212286229033,674.3128378147978
2018-10-15 13:30:00,780.3723333333332,733.3932,779.10004,726.8253080976233,738.3638594281897
2018-10-15 13:45:00,900.0746666666668,813.8896,868.8,799.210324219553,816.3264979637546
2018-10-15 14:00:00,926.3593333333332,927.1032,907.2,891.032207709872,850.6240646663539
2018-10-15 14:15:00,951.2963333333332,963.9336,941.5,924.1785263561792,881.9431099438257
2018-10-15 14:30:00,828.5266666666666,993.0216,971.60004,953.1003502496404,910.8649338372869
2018-10-15 14:45:00,875.8053333333334,1017.7048,997.4,977.6406641305189,935.4052477181654
2018-10-15 15:00:00,1027.736,1037.8988,1019.2,997.6675657893752,955.4321493770217
2018-10-15 15:15:00,1044.8916666666669,1053.508,1035.5,1013.0742468833628,974.8740811347666
2018-10-15 15:30:00,1058.0586666666666,1064.4188,1047.1,1023.7790201846431,996.580187195904
2018-10-15 15:45:00,1064.7676666666666,1070.5748,1053.9,1029.7253636632872,1002.5265306745482
2018-10-15 16:00:00,1069.771,1071.9436,1056.0,1030.8819613006876,1003.6831283119486
2018-10-15 16:15:00,1067.786,1068.5164,1053.5,1027.242728599245,1000.0438956105061
2018-10-15 16:30:00,1063.163,1060.31,1046.2001,1018.8268177146879,991.6279847259489
2018-10-15 16:45:00,1052.1226666666666,1047.3656,1034.3,1005.6786014761218,985.6271354879626
2018-10-15 17:00:00,1031.3646666666668,1029.7464,1017.7,987.8676389217779,972.4411643505499
2018-10-15 17:15:00,1012.014,1007.5388,996.9,965.488630796051,950.062156224823
2018-10-15 17:30:00,986.9363333333332,975.234,971.8,938.6613811287834,922.5252183709099
2018-10-15 17:45:00,955.7886666666668,936.4116,942.2,902.7649681699933,891.3946268690289
2018-10-15 18:00:00,920.832,913.784,906.10004,872.2669105877937,856.1307478299202
2018-10-15 18:15:00,885.6066666666667,874.7184,868.10004,833.0651295826647,816.9289668247911
2018-10-15 18:30:00,843.4663333333334,831.2248,826.10004,790.1465320063763,780.1181582881146
2018-10-15 18:45:00,802.2909999999999,784.1056,780.60004,743.7585721136676,737.6292500616656
2018-10-15 19:00:00,753.13,733.6012,731.8,694.1762048646311,688.0468828126292
2018-10-15 19:15:00,711.9033333333333,661.9872,679.5,622.1346391950691,635.5744070325935
2018-10-15 19:30:00,561.568,582.156,624.4,544.1516495482362,580.5484114424622
2018-10-15 19:45:00,522.397,562.7752,566.9,524.705962215002,523.3424616199093
2018-10-15 20:00:00,433.30933333333337,478.6652,507.2,440.7195452052653,464.3746091920436
2018-10-15 20:15:00,420.94,385.4392,445.80002,361.415530779284,394.11280117265557
2018-10-15 20:30:00,413.723,314.7932,383.1,292.81950823699856,333.12282912170315
2018-10-15 20:45:00,339.581,184.3924,319.9,175.92425624700468,272.7730940994827
2018-10-15 21:00:00,268.78266666666667,242.0252,217.2,205.5479890811663,186.33564109685233
2018-10-15 21:15:00,204.82333333333327,183.9908,189.90001,147.20550574046118,127.33908976298315
2018-10-16 10:30:00,77.6692857142857,80.7796,130.90001,86.27889968635031,100.7277865576882
2018-10-16 10:45:00,206.275,153.7136,189.7,148.14785115315283,158.53199593617285
2018-10-16 11:00:00,242.09366666666665,203.236,246.7,207.78633523628457,217.3967516486381
2018-10-16 11:15:00,289.06266666666664,282.3952,293.7,268.65910047743324,252.37407392714027
2018-10-16 11:30:00,352.89300000000003,363.304,377.1,335.6082745694534,342.86035930150905
2018-10-16 11:45:00,474.8786666666667,366.4644,439.0,359.140901915371,403.55475651437
2018-10-16 12:00:00,548.9143333333334,449.8472,493.4,450.1475055018566,463.19946358596303
2018-10-16 12:15:00,617.302,546.6064,559.2,514.0376467917846,521.2897315238403
2018-10-16 12:30:00,649.884,551.9304,616.10004,559.4944594367223,577.3848879798131
2018-10-16 12:45:00,636.4946666666667,590.7656,670.4,583.2489245278383,631.0931418282534
2018-10-16 13:00:00,630.884,623.5932,721.9,611.3684077626338,682.0623717671504
2018-10-16 13:15:00,746.4169999999999,663.36,738.4,659.2804497448711,697.0991104809551
2018-10-16 13:30:00,844.223,733.204,792.9,726.6972596706614,754.2116029323802
2018-10-16 13:45:00,852.346,859.8328,853.8,810.4783419150432,815.503894664677
2018-10-16 14:00:00,916.7213333333332,900.7248,894.60004,856.8436951089101,852.6287302422719
2018-10-16 14:15:00,945.2283333333332,933.5612,928.3,889.9239034660326,885.7089385993944
2018-10-16 14:30:00,975.1043333333332,962.1736,957.7,918.7778536132156,914.5628887465774
2018-10-16 14:45:00,982.63,986.4168,983.0,943.2490841597154,939.0341192930772
2018-10-16 15:00:00,967.1483333333332,1006.1308,1000.0,963.2062046480545,958.9912397814163
2018-10-16 15:15:00,1002.594,1021.2156,1016.0,978.5428828562863,974.3279179896481
2018-10-16 15:30:00,1049.2003333333332,1031.6328,1027.4,977.0178622567116,984.9629115426003
2018-10-16 15:45:00,1054.2083333333333,1037.3316,1034.1,982.8950654775762,990.8401147634648
2018-10-16 16:00:00,1054.3786666666667,1038.284,1036.1,983.9835516929367,991.9286009788253
2018-10-16 16:15:00,1059.7996666666666,1034.4856,1033.5,980.2775992293633,990.4722660918511
2018-10-16 16:30:00,1042.1906666666666,1025.9544,1026.1,971.7966963643241,973.934719740789
2018-10-16 16:45:00,1024.683,1012.7316,1014.2,958.5855246222021,960.723547998667
2018-10-16 17:00:00,1035.455333333333,987.0968,997.60004,947.7142366386262,940.5139984107819
2018-10-16 17:15:00,866.028,936.8076,976.5,920.5486854821207,918.076916149235
2018-10-16 17:30:00,442.2433333333333,893.5548,951.0,886.2873876026928,898.138169997102
2018-10-16 17:45:00,938.8016666666666,887.44,921.3,860.9043307090469,855.300700643129
2018-10-16 18:00:00,908.3026666666668,877.84,883.3,831.1001304590864,828.1029275858564
2018-10-16 18:15:00,864.1343333333333,838.9912,845.60004,791.8522687336963,792.3942485234302
2018-10-16 18:30:00,830.2556666666667,795.2628,804.10004,730.4187777656622,754.6981518882818
2018-10-16 18:45:00,786.1486666666666,747.998,759.0,699.1806694285954,708.2704378383244
2018-10-16 19:00:00,735.8096666666667,697.4184,710.7,649.5615360277594,658.6513044374884
2018-10-16 19:15:00,689.8753333333333,643.786,659.2,597.055011048812,603.2537691741172
2018-10-16 19:30:00,635.5016666666667,587.4084,605.0,546.0780633953019,548.1960042980119
2018-10-16 19:45:00,579.7389999999999,528.6428,548.4,488.84195375486416,489.1326212887387
2018-10-16 20:00:00,520.1793333333333,467.9072,489.6,429.8445376691973,430.1352052030718
2018-10-16 20:15:00,458.73,405.6944,429.30002,360.68917523327815,369.8497282117938
2018-10-16 20:30:00,395.46633333333335,342.596,367.7,299.6653426724812,308.8258956509968
2018-10-16 20:45:00,331.08633333333336,279.3576,305.6,241.12733689934424,249.5526270070713
2018-10-16 21:00:00,254.822,218.5848,232.2,180.78963635059256,188.04172108264822
2018-10-16 21:15:00,200.26,161.1036,172.8,122.36534786653183,129.6174325985875
2018-10-17 10:30:00,49.12428571428571,162.6376,117.3,119.89638995175753,74.37571101432238
2018-10-17 10:45:00,187.645,224.9108,173.40001,186.4848195631302,131.5972577650345
2018-10-17 11:00:00,288.53433333333334,262.7224,232.5,223.27629213461825,191.3457243932242
2018-10-17 11:15:00,364.3786666666667,256.9668,293.4,267.26470764900427,252.27983292366247
2018-10-17 11:30:00,416.8316666666667,323.514,341.80002,338.28688508715726,318.47748834338284
2018-10-17 11:45:00,494.0413333333333,386.8344,387.30002,388.62652013032636,354.7326831552287
2018-10-17 12:00:00,514.6263333333334,442.0376,521.7,448.7795538365116,470.7341980396976
2018-10-17 12:15:00,588.4133333333334,489.83,554.4,480.3239044715068,524.7377590705058
2018-10-17 12:30:00,604.8343333333333,538.2092,618.7,515.7357841059256,580.8004146143485
2018-10-17 12:45:00,694.9606666666666,608.0136,659.60004,616.5777254225966,631.0266122939345
2018-10-17 13:00:00,703.8023333333333,697.2116,723.3,679.7171811699357,685.3903855919327
2018-10-17 13:15:00,701.0733333333334,743.0216,775.2,727.576958959348,733.250163381345
2018-10-17 13:30:00,822.571,838.1972,802.8,799.7729577902028,774.3191575887868
2018-10-17 13:45:00,826.514,891.1496,874.8,855.4787033057738,822.7273920035888
2018-10-17 14:00:00,872.3993333333333,928.5188,912.8,892.5409233028015,856.8986017161926
2018-10-17 14:15:00,896.2773333333333,961.3784,945.60004,925.5564956782365,889.9141740916276
2018-10-17 14:30:00,950.2416666666668,976.2804,973.10004,936.7412003785706,921.5930680543519
2018-10-17 14:45:00,984.673,954.2156,998.5,936.2599199994135,943.1063297970819
2018-10-17 15:00:00,952.9513333333332,936.2652,1009.10004,943.9324618801883,956.0158645138553
2018-10-17 15:15:00,979.8816666666668,917.5164,944.3,906.3983141794824,878.223646821084
2018-10-17 15:30:00,1041.698,862.4436,967.2,894.6660181461707,935.358118671073
2018-10-17 15:45:00,1008.145,825.7808,912.8,873.0909312398007,857.7944987446836
2018-10-17 16:00:00,986.218,877.6852,829.2,923.0170097627351,769.3361931123445
2018-10-17 16:15:00,1032.7416666666666,950.6272,881.3,942.8824032360127,825.6911343151143
2018-10-17 16:30:00,1051.0673333333334,927.9048,946.9,911.4906383610839,883.3159710026855
2018-10-17 16:45:00,1026.558,885.6856,933.4,892.0803800577388,870.0458951944576
2018-10-17 17:00:00,959.1523333333332,836.6176,866.60004,879.5078892792453,809.8372349823703
2018-10-17 17:15:00,924.6846666666668,702.808,847.5,751.7423811408365,792.8184004279459
2018-10-17 17:30:00,842.578,650.3864,702.2,703.7807904953397,660.1138288254178
2018-10-17 17:45:00,869.1569999999999,691.3364,626.2,702.2318625688856,593.9175925493544
2018-10-17 18:00:00,963.0873333333332,720.508,700.0,763.495156097093,659.4491050717023
2018-10-17 18:15:00,893.6066666666667,825.222,711.7,788.4323633131618,654.535192292654
2018-10-17 18:30:00,842.6650000000001,821.5464,824.0,789.5002423254184,778.8395892110996
2018-10-17 18:45:00,801.8666666666667,776.0652,779.4,743.037406701318,732.3767535869991
2018-10-17 19:00:00,752.338,725.8352,731.4,693.386099861497,682.0157585605326
2018-10-17 19:15:00,704.662,672.6012,680.4,637.063816880273,629.4797094812861
2018-10-17 19:30:00,647.592,616.65,626.60004,581.9787112096483,580.5023928502733
2018-10-17 19:45:00,592.6606666666667,558.294,570.3,524.7167430350044,527.1394763418891
2018-10-17 20:00:00,534.037,497.8808,511.9,463.94294145753616,468.1166379754805
2018-10-17 20:15:00,471.174,435.8068,451.7,401.45082045041136,407.80459738217405
2018-10-17 20:30:00,406.8726666666667,372.5388,390.0,333.31084866220624,346.75061649973065
2018-10-17 20:45:00,338.8496666666667,308.638,327.80002,269.37271432253897,281.71334103915274
2018-10-17 21:00:00,271.71066666666667,245.5756,257.80002,208.98301525397576,204.15318270011224
2018-10-17 21:15:00,210.17633333333333,184.1956,196.0,143.06433185969678,145.64988490973798
2018-10-18 10:30:00,55.30571428571428,156.2248,114.700005,106.39053138986206,77.41196426644898
2018-10-18 10:45:00,175.70766666666668,220.5712,169.0,179.48508729677516,134.8128216479333
2018-10-18 11:00:00,258.17633333333333,261.324,226.8,217.7241592408046,194.66347694405167
2018-10-18 11:15:00,317.6716666666667,285.9052,286.6,275.4766650774215,255.65331989309533
2018-10-18 11:30:00,380.4763333333333,403.1112,346.9,361.52936759420896,316.8571019453671
2018-10-18 11:45:00,436.8853333333333,466.6004,406.9,429.64962860931576,382.5809821783465
2018-10-18 12:00:00,492.691,525.8028,507.9,489.2723467697968,470.05999878548283
2018-10-18 12:15:00,548.831,583.282,565.9,540.7488300248357,528.1034543558332
2018-10-18 12:30:00,602.0056666666666,638.5376,622.10004,595.9292914609667,584.1323290805575
2018-10-18 12:45:00,653.1023333333334,691.2524,675.7,649.5557303536801,637.7587679732709
2018-10-18 13:00:00,704.6386666666666,724.8292,726.7,678.8190486920953,688.633669663775
2018-10-18 13:15:00,750.6826666666667,731.6748,774.4,723.3893182399078,736.4412763240142
2018-10-18 13:30:00,793.1983333333334,777.8172,818.7,767.8438209740646,780.895779058171
2018-10-18 13:45:00,835.2643333333333,834.0384,859.4,816.06598659526,821.7391910172571
2018-10-18 14:00:00,875.8086666666666,905.5528,896.4,850.7949852604718,858.7400345463604
2018-10-18 14:15:00,906.6446666666668,939.2424,929.4,895.9075220627823,891.6925571961441
2018-10-18 14:30:00,926.3873333333332,967.1624,958.4,912.4712425509334,920.4162918368221
2018-10-18 14:45:00,953.0623333333332,990.804,983.10004,936.8107887618396,944.7558380477283
2018-10-18 15:00:00,987.9826666666668,1010.032,1001.8,962.837625916074,964.5807813955051
2018-10-18 15:15:00,1007.8003333333332,1024.7528,1017.7,978.0425376059261,979.7856930853573
2018-10-18 15:30:00,1022.3513333333334,1034.9068,1029.2001,970.0750114315922,990.2901698941166
2018-10-18 15:45:00,1024.0449999999998,1040.4396,1036.0,991.0133335599302,996.038886309564
2018-10-18 16:00:00,1037.6636666666666,1041.3192,1038.3,991.9760869041961,997.0016396538299
2018-10-18 16:15:00,1035.683,1037.5384,1035.7001,988.1478241860264,993.1733769356601
2018-10-18 16:30:00,1025.253,1029.114,1028.6,964.3590409574116,984.574199419936
2018-10-18 16:45:00,1022.8913333333334,1016.0876,1017.0,969.5061890710527,967.0315024484331
2018-10-18 17:00:00,1008.9586666666668,998.522,1000.7,951.5259917860826,947.4621213560899
2018-10-18 17:15:00,950.2933333333332,976.504,979.9,926.8322526670452,922.5840150571819
2018-10-18 17:30:00,873.3046666666667,950.1412,954.8,895.8041997930349,899.0088907262624
2018-10-18 17:45:00,890.9646666666666,919.5632,925.60004,876.6902515828554,859.6195719182435
2018-10-18 18:00:00,892.1106666666667,882.736,889.2,833.1807456404119,835.8763060957342
2018-10-18 18:15:00,858.2756666666667,838.3332,851.5,796.8066551168406,801.8156063039744
2018-10-18 18:30:00,781.7900000000001,759.0528,810.2,739.8599495533914,758.7823004368753
2018-10-18 18:45:00,750.5046666666666,630.346,765.5,633.7926552862674,709.3979838461429
2018-10-18 19:00:00,596.9026666666667,576.3748,708.8,581.7117551947927,650.4009279395436
2018-10-18 19:15:00,555.304,480.0916,663.7,512.9904015863463,607.158062299542
2018-10-18 19:30:00,627.9743333333333,229.876,602.9,236.4341373795387,549.6756592148658
2018-10-18 19:45:00,600.9313333333333,44.0312,351.7,67.5104945889725,313.22890889561313
2018-10-18 20:00:00,539.7496666666667,33.3372,209.0,41.93995973329356,170.4989807293873
2018-10-18 20:15:00,466.1236666666666,30.0348,154.1,45.221366543788804,106.94127621175755
2018-10-18 20:30:00,414.0266666666666,26.37,127.8,54.500173556834966,86.57333945038965
2018-10-18 20:45:00,255.49966666666663,30.8432,177.3,88.65259367280862,120.98807340913675
2018-10-18 21:00:00,128.17,42.022,185.1,74.35940357150358,151.8127803415231
2018-10-18 21:15:00,51.48733333333334,31.898,152.7,56.10924390174054,112.61351636267804
2018-10-19 10:30:00,14.977142857142857,15.566,98.8,36.4410341657002,60.97282585271192
2018-10-19 10:45:00,15.514666666666669,19.4196,127.8,46.6325156404628,68.62898323079483
2018-10-19 11:00:00,20.014333333333337,23.134,150.90001,50.9036677352087,109.77958326255245
2018-10-19 11:15:00,51.716,26.5028,185.1,51.66088451126302,126.79398692825521
2018-10-19 11:30:00,43.758,32.0268,207.2,38.611614491702596,159.5177424213901
2018-10-19 11:45:00,72.99433333333333,46.6668,236.90001,41.980190083821356,190.99578456624323
2018-10-19 12:00:00,65.14399999999999,73.5152,268.9,86.18907762622047,206.09465623950172
2018-10-19 12:15:00,43.418,102.9096,286.2,154.00099398120722,254.97133089526972
2018-10-19 12:30:00,50.906666666666666,130.1808,296.4,166.57594768136323,219.13802043526948
2018-10-19 12:45:00,77.51466666666667,153.1004,298.5,163.95011832566593,206.55131461472843
2018-10-19 13:00:00,83.18933333333332,173.3292,334.0,156.5593942367292,240.5021432601667
2018-10-19 13:15:00,121.60233333333332,216.9956,338.30002,203.04623797971192,242.09646991330567
2018-10-19 13:30:00,133.037,255.764,348.80002,239.58111835103318,200.39819598775193
2018-10-19 13:45:00,123.927,293.0356,368.7,266.3629130686936,269.4323710765061
2018-10-19 14:00:00,173.18466666666666,324.7048,403.0,286.5633739222462,270.4792064417775
2018-10-19 14:15:00,219.29433333333333,381.8084,419.2,359.3314345845505,303.5531142720505
2018-10-19 14:30:00,267.8876666666667,442.1332,450.7,529.0368985928238,332.2147245205582
2018-10-19 14:45:00,287.245,502.9248,508.2,527.3595884980494,363.9542845429713
2018-10-19 15:00:00,392.1686666666666,555.5468,552.60004,574.6553930525566,462.12145750568163
2018-10-19 15:15:00,353.1176666666667,582.3052,585.0,595.229160920833,504.47980178997364
2018-10-19 15:30:00,333.55766666666665,605.284,567.5,601.785275587852,423.42126191597697
2018-10-19 15:45:00,404.4813333333333,609.904,622.4,607.4748291675313,512.4499268237813
2018-10-19 16:00:00,502.6233333333333,678.95,602.3,685.0040367797566,521.5185936645222
2018-10-19 16:15:00,523.9403333333333,783.3816,642.0,824.3187425332519,553.19572617583
2018-10-19 16:30:00,653.9803333333333,825.1424,732.5,882.7635120345533,663.7200855208814
2018-10-19 16:45:00,1053.054666666667,837.4552,805.2,880.5408421857974,774.612283836188
2018-10-19 17:00:00,911.6103333333334,848.2552,863.4,878.6731267601036,814.2472386985802
2018-10-19 17:15:00,980.3296666666666,878.2936,825.60004,862.2282652577536,767.8867430409567
2018-10-19 17:30:00,719.3746666666667,850.5996,857.10004,835.20672767841,791.2062699147381
2018-10-19 17:45:00,732.1516666666666,738.2552,922.4,800.0408286887441,866.4431514579092
2018-10-19 18:00:00,889.0466666666667,630.5604,823.5,659.2693101692079,786.8526155280946
2018-10-19 18:15:00,739.4860000000001,537.0648,695.9,562.8916300709847,640.8244608815315
2018-10-19 18:30:00,562.786,405.5916,564.0,410.0497488243419,515.2861532432872
2018-10-19 18:45:00,489.507,313.1996,443.6,323.036708215771,367.399501184521
2018-10-19 19:00:00,647.6143333333333,187.9784,403.7,239.71038890421494,342.12582469523056
2018-10-19 19:15:00,653.5493333333333,70.8184,326.30002,32.823607312346326,260.0632923709401
2018-10-19 19:30:00,413.373,40.7092,208.2,17.573976147758344,118.3932510501021
2018-10-19 19:45:00,342.7906666666667,36.6044,154.1,74.70152034682633,61.09242000502945
2018-10-19 20:00:00,307.7083333333333,33.4004,122.3,43.83424667604805,43.33827499636055
2018-10-19 20:15:00,269.259,30.29,91.6,47.09690605173023,20.999463424777105
2018-10-19 20:30:00,229.514,26.9012,75.5,56.35289882610607,8.13811611126232
2018-10-19 20:45:00,188.12066666666664,23.4072,81.0,53.33827349682019,33.53230425853894
2018-10-19 21:00:00,134.30566666666667,19.5312,10.8,33.028530721873295,-33.26179825761889
2018-10-19 21:15:00,91.49933333333334,14.6544,0.0,41.65141226167188,-40.87878488188281
2018-10-20 10:30:00,34.16464285714286,16.228,102.1,39.37780865761553,63.90960034462725
2018-10-20 10:45:00,52.34133333333333,20.2188,141.90001,49.726374961159564,75.069255210183
2018-10-20 11:00:00,69.12233333333333,23.8928,176.2,46.664571768401316,119.27611351644819
2018-10-20 11:15:00,118.02733333333336,33.3364,214.2,63.63124823960345,159.378455881205
2018-10-20 11:30:00,130.88633333333334,74.4908,239.6,97.66383255042086,193.45123184241305
2018-10-20 11:45:00,175.64566666666667,143.6064,278.9,158.3667809061816,241.4759880595019
2018-10-20 12:00:00,246.30733333333333,184.1628,330.0,217.9581394099789,283.0554294490414
2018-10-20 12:15:00,315.55,192.6852,366.6,207.6467848050546,326.98575880407805
2018-10-20 12:30:00,364.6723333333333,207.3756,407.7,199.4731286875441,363.9790338389113
2018-10-20 12:45:00,237.052,254.138,405.30002,253.01506777494978,337.23302431791853
2018-10-20 13:00:00,324.54833333333335,299.7532,430.5,307.68258904517404,352.04538201392404
2018-10-20 13:15:00,308.11966666666666,378.6332,463.30002,414.60201106983743,394.69652400929056
2018-10-20 13:30:00,388.4223333333333,473.7364,537.2,482.26797631222655,477.8352980895703
2018-10-20 13:45:00,441.0513333333334,576.8188,597.10004,629.8566075941286,537.6881047865114
2018-10-20 14:00:00,539.7606666666667,641.7692,657.2,701.21140715994,597.2471432439244
2018-10-20 14:15:00,713.303,667.1908,765.10004,696.9068850812295,721.8273104962685
2018-10-20 14:30:00,993.042,743.978,803.7,774.9320531856168,749.9495397578825
2018-10-20 14:45:00,1007.47,804.3444,826.4,834.9215691046186,774.1667473272748
2018-10-20 15:00:00,645.1830000000001,853.7892,824.3,898.3954794433258,776.3375113036774
2018-10-20 15:15:00,674.3763333333334,883.2668,913.9,908.1247247673871,853.9854120232465
2018-10-20 15:30:00,866.5906666666667,868.13,936.9,902.3510665043696,880.6511000737055
2018-10-20 15:45:00,777.0033333333333,829.5648,940.4,867.4102824972651,887.3662456320308
2018-10-20 16:00:00,974.732,828.0028,912.60004,841.5606296666864,860.5709598668817
2018-10-20 16:15:00,893.0640000000001,843.536,896.9,873.6842875833624,833.3743358011359
2018-10-20 16:30:00,904.5383333333334,841.282,882.9,873.9452453373091,824.1589751957075
2018-10-20 16:45:00,1003.6286666666668,848.256,887.9,882.7782348527224,826.3216918839724
2018-10-20 17:00:00,589.388,834.744,873.8,864.7067742389498,816.5519738239108
2018-10-20 17:15:00,531.668,813.8688,843.3,842.0813477203014,793.8157684966686
2018-10-20 17:30:00,615.6229999999999,779.8288,776.0,815.0226044789478,718.4045930043384
2018-10-20 17:45:00,701.0773333333333,717.552,747.0,760.2136738445133,719.9182026531071
2018-10-20 18:00:00,739.4876666666667,598.9152,689.9,640.7616626350823,647.6701709358636
2018-10-20 18:15:00,737.2746666666666,466.4124,695.5,474.8861805329726,636.785701406996
2018-10-20 18:30:00,575.325,348.3868,641.4,366.1256221535291,573.9089626076307
2018-10-20 18:45:00,438.2816666666667,238.3612,541.8,291.3913100028782,491.94352557905006
2018-10-20 19:00:00,309.5146666666667,138.01,427.9,125.97394448754369,372.5243900441843
2018-10-20 19:15:00,361.996,46.7692,330.30002,10.451735573589076,262.0080710228078
2018-10-20 19:30:00,206.3286666666667,40.148,196.8,19.504654067059846,103.44740309049735
2018-10-20 19:45:00,253.2636666666667,37.3768,171.8,76.61915662778392,63.01005628598705
2018-10-20 20:00:00,486.1786666666667,34.986,85.8,45.73875901901681,-4.019358656764439
2018-10-20 20:15:00,265.7606666666667,31.7184,28.1,48.98653272741359,-48.43686815149266
2018-10-20 20:30:00,178.91533333333334,28.1404,0.0,58.22332599424897,-55.30264446473541
2018-10-20 20:45:00,129.774,24.4588,6.5,55.18112669489443,-53.448237318777444
2018-10-20 21:00:00,99.82066666666668,20.3956,0.0,34.828556766425976,-46.34952856072246
2018-10-20 21:15:00,69.37899999999999,15.3512,0.0,43.380666742377315,-39.14953040117737
2018-10-21 10:30:00,40.74035714285714,15.9988,78.200005,42.26075528814397,16.879857766171313
2018-10-21 10:45:00,47.052,19.8304,103.1,60.51054224475283,45.99395594104189
2018-10-21 11:00:00,67.88633333333333,23.616,124.9,65.83605355292522,72.04487008124553
2018-10-21 11:15:00,92.12633333333332,27.0088,134.90001,39.57165369945051,73.04609522777082
2018-10-21 11:30:00,106.802,35.1828,204.5,51.35509745526332,165.92425028729457
2018-10-21 11:45:00,164.48466666666667,80.8464,232.2,93.22346883526694,193.59778218975913
2018-10-21 12:00:00,249.73666666666668,187.0912,263.5,221.0970851084212,212.45774184670245
2018-10-21 12:15:00,239.33466666666664,274.6592,355.7,300.78647089000685,311.1309380530928
2018-10-21 12:30:00,342.4266666666666,335.94,412.6,362.18816218788345,367.0519469779225
2018-10-21 12:45:00,334.68433333333337,330.8668,450.0,342.4698455843344,405.6631591829672
2018-10-21 13:00:00,414.2116666666667,319.1268,456.30002,331.1843912515882,404.5672037515882
2018-10-21 13:15:00,331.98833333333334,426.8376,439.5,434.24263377776924,389.21995921722237
2018-10-21 13:30:00,304.31233333333336,556.702,515.4,589.3418746729236,460.935472085033
2018-10-21 13:45:00,394.876,599.586,636.4,630.0144589012333,589.0110867088505
2018-10-21 14:00:00,481.7463333333333,635.718,650.3,666.8397072951894,600.0115822951894
2018-10-21 14:15:00,519.4623333333334,648.6416,704.3,702.2772680785562,658.6103064086343
2018-10-21 14:30:00,614.6783333333333,622.4244,746.7,650.2862199635059,702.0419114918262
2018-10-21 14:45:00,703.8943333333334,676.0816,736.5,694.128539053076,685.4891957913572
2018-10-21 15:00:00,658.3063333333333,792.8188,765.3,804.3093809763704,705.1358580271517
2018-10-21 15:15:00,716.5936666666668,958.8776,805.10004,969.5479609442748,760.8776957465209
2018-10-21 15:30:00,673.1039999999999,829.4488,819.5,877.3902685019934,775.0071813437903
2018-10-21 15:45:00,703.2863333333333,866.77,861.3,928.8056236289756,822.9885307334678
2018-10-21 16:00:00,847.1786666666667,933.6416,873.60004,933.460605735149,847.4022256081959
2018-10-21 16:15:00,793.8286666666667,853.46,911.4,884.92264139028,858.9118229088347
2018-10-21 16:30:00,990.643,824.9768,912.9,887.27842414164,862.6874512412494
2018-10-21 16:45:00,994.76,800.578,911.3,848.4535204841173,857.1027819587267
2018-10-21 17:00:00,1048.5853333333332,816.084,867.2,881.0973674829338,830.4990093286369
2018-10-21 17:15:00,791.225,777.6588,817.60004,820.7332700152972,752.3642819781878
2018-10-21 17:30:00,783.8333333333334,721.762,752.4,761.4607824171202,716.5622533643858
2018-10-21 17:45:00,731.4136666666667,715.5036,732.10004,774.5758242443482,685.1864809826294
2018-10-21 18:00:00,661.2776666666666,727.012,727.7,771.7547125479058,692.3503088613824
2018-10-21 18:15:00,551.3766666666667,706.99,705.60004,726.9909710203675,634.0058788572816
2018-10-21 18:30:00,657.777,556.922,722.8,612.3711821812606,661.8506591099715
2018-10-21 18:45:00,535.2023333333333,429.1732,583.8,455.52871354863964,557.4102290515693
2018-10-21 19:00:00,559.9063333333332,406.318,478.5,433.00415158008923,437.8679363701283
2018-10-21 19:15:00,657.4083333333333,314.6052,462.5,353.18585946857047,418.28314950763297
2018-10-21 19:30:00,477.68933333333337,168.2032,412.0,165.6027761206186,363.1328054174936
2018-10-21 19:45:00,563.2819999999999,54.3904,335.5,79.20443543940837,274.18726930171306
2018-10-21 20:00:00,388.76866666666666,40.1708,257.5,53.08436522557935,213.70245299413403
2018-10-21 20:15:00,190.8523333333333,31.5624,195.8,24.29593216482141,153.3230775505636
2018-10-21 20:30:00,106.499,27.1064,193.7,60.11182760269105,143.9931905177301
2018-10-21 20:45:00,105.41233333333334,23.5032,126.8,57.04534641001868,100.73808017466712
2018-10-21 21:00:00,79.20966666666666,19.5224,34.4,67.41495840376572,65.15087454146104
2018-10-21 21:15:00,47.76866666666667,14.6064,55.4,45.13696695189748,-3.017833463141585
2018-10-22 10:30:00,36.60928571428571,15.5856,89.1,45.08729455554402,23.05280969226277
2018-10-22 10:45:00,40.49366666666666,19.4608,117.8,46.441260079911586,66.31725190120065
2018-10-22 11:00:00,57.42433333333334,23.3212,151.7,68.87253321240115,98.85680140087771
2018-10-22 11:15:00,65.98633333333333,26.7872,183.1,42.64319278772609,116.45119144495266
2018-10-22 11:30:00,90.24433333333332,34.048,208.6,38.73052693372796,169.0054903126342
2018-10-22 11:45:00,116.45933333333332,57.4168,238.0,51.45219155084715,196.67101784479246
2018-10-22 12:00:00,122.48266666666667,98.2608,262.4,91.71671534477485,215.5101113408686
2018-10-22 12:15:00,128.50466666666665,144.3764,298.80002,153.53475537160512,247.437068604027
2018-10-22 12:30:00,135.359,205.8772,325.5,205.5302028923453,253.7808132439078
2018-10-22 12:45:00,132.28366666666668,271.9452,339.7,283.39319038955375,256.9472980555694
2018-10-22 13:00:00,143.07933333333332,349.2568,425.9,354.05215984374126,363.03357463866314
2018-10-22 13:15:00,236.3453333333333,458.6248,473.6,489.7052702846696,410.6356902065446
2018-10-22 13:30:00,355.8823333333333,606.1976,527.60004,654.0456708259804,449.7606976814492
2018-10-22 13:45:00,353.20733333333334,673.384,665.10004,716.737939011264,625.598778855014
2018-10-22 14:00:00,683.241,687.3208,785.9,718.9432034289616,728.8154721057194
2018-10-22 14:15:00,791.109,659.9292,772.9,702.2379828440337,745.9307166086821
2018-10-22 14:30:00,559.6796666666667,762.234,775.9,816.8069288737707,737.6349012858801
2018-10-22 14:45:00,960.3516666666668,907.0444,766.9,885.5185054802646,728.7157863640537
2018-10-22 15:00:00,857.0490000000001,730.916,875.0,774.4243455676194,810.3479600695725
2018-10-22 15:15:00,547.999,709.9352,861.60004,731.2126116407624,815.0939745558014
2018-10-22 15:30:00,862.3586666666667,753.2372,763.10004,802.3471958077348,710.1786930001176
2018-10-22 15:45:00,725.6693333333334,830.3784,749.0,850.1583730593095,687.2742483034501
2018-10-22 16:00:00,613.2479999999999,904.4604,782.5,929.5835130894004,742.3674791538535
2018-10-22 16:15:00,542.8726666666666,992.7772,911.3,989.3395250961397,861.1314486190889
2018-10-22 16:30:00,654.7423333333334,1001.6348,872.7,978.7464909564324,817.6005883227654
2018-10-22 16:45:00,616.7063333333333,1014.728,944.9,970.2885617261343,881.2345513348989
2018-10-22 17:00:00,1090.897333333333,969.1516,993.0,947.100081625795,961.9582168491837
2018-10-22 17:15:00,1074.1906666666666,906.4096,972.10004,885.3421399376257,939.2657029411657
2018-10-22 17:30:00,1056.9356666666667,946.2772,946.9,902.3318448359112,912.1464658075909
2018-10-22 17:45:00,903.5826666666668,738.7244,874.7,785.7756916400629,841.0359989520746
2018-10-22 18:00:00,998.202,253.512,859.7,286.44583830101385,825.8076356337775
2018-10-22 18:15:00,977.5656666666667,145.1224,253.90001,136.2138902737181,116.68685169949936
2018-10-22 18:30:00,996.5333333333332,104.5012,197.6,93.09331569124993,73.56627711703118
2018-10-22 18:45:00,393.1446666666667,62.9484,178.40001,40.11299360163105,68.23994672663105
2018-10-22 19:00:00,138.42833333333334,46.1488,157.0,-4.283248586681793,22.384170846911957
2018-10-22 19:15:00,110.271,42.8384,149.7,12.86675034370171,15.95714341010796
2018-10-22 19:30:00,136.717,39.8104,132.8,23.373700361245255,-10.825274248129745
2018-10-22 19:45:00,390.98777777777775,36.5544,131.6,80.47476876612495,80.81500924464058
2018-10-22 20:00:00,211.81222222222223,33.2012,101.200005,49.5802134807264,7.77705185963265
2018-10-22 20:15:00,241.334,29.916,76.200005,27.118184239945833,25.526265294633333
2018-10-22 20:30:00,273.5443333333333,26.3792,57.600002,62.01872798442514,-22.16340092182486
2018-10-22 20:45:00,230.12466666666663,22.7288,29.800001,58.931213672854824,-30.5736996572233
2018-10-22 21:00:00,86.64266666666667,18.7508,0.0,40.284712109211824,-42.67617961442099
2018-10-22 21:15:00,16.734666666666666,13.9896,0.0,46.92052756874409,-32.317616352154346
